"id","discipline","country","city","yearsOfExperience","companyType","workMode","currency","monthlyNetSalary","housingProvided","transportationProvided","annualBonus","salaryFairness","recommendField","negotiationAdvice","professionalCertificate","benefits","highestEducation","dailyWorkHours","extraDayOff","submittedAt"
"e6c86429-baa9-44ba-864c-7aa2d0de2acc","Agricultural engineering","Back Office Saudi","6th october","0","3rd party","From Home","EGP","250",,,,,,,,,,,,"2026-07-25T00:00:00.000Z"
"0578c0e9-c003-4e27-afa4-ede9ceb82432","Agriculture","Ethiopia","10th of ramadan","0","3rd party","Hybrid","EGP","150",,,,,"لا",,,"Social insurance","Master's",,,"2026-07-25T00:00:00.000Z"
"ffe41ce1-f067-4b0f-a74c-49f66753f7af","Mechanical","مصر","المنصوره","1","Consultant","Office","EGP","8000","لا","لا","لا","لا","لا",,"نعم","احازه جمعه وسبت😂","Bachelor's","9","نعم","2026-07-16T00:00:00.000Z"
"ffda8ea8-3b1d-4ea1-85fc-af9148f27c36","Electrical","مصر","القاهرة","1","Sub-Contractor","Hybrid","EGP","12000","نعم","لا","لا","لا","ربما",,"لا",,"Bachelor's","9","لا  الجمعة فقط","2026-07-16T00:00:00.000Z"
"ffb056b6-6217-4955-990a-7d00414e4667","Mechanical","السعودية","الرياض","6","Consultant","Office","SAR","13000","لا","لا","نعم","نعم","نعم","فاوض بناءً على قيمتك السوقية الموثقة بالأرقام والنتائج، وأظهر مهنيتك بالتركيز على العائد الذي ستضيفه للمشروع، مع الحرص على معرفة مسار تطورك الوظيفي والمالي داخل الشركة مستقبلاً.","نعم",,"Bachelor's","9","نعم","2026-07-16T00:00:00.000Z"
"ffa9216e-96f8-4366-9b16-40cd07c9f57c","Mechanical","مصر","الغردقة","5","Main Contractor","Site","EGP","14000","نعم","نعم","نعم","لا","لا","لا يوجد تفاوض في هيئة البترول","لا","سكن-انتقالات-15 الف ارباح سنوية","Bachelor's","8","نعم","2026-07-16T00:00:00.000Z"
"ffa352d4-8daf-4d11-aa2a-a76c7e000d7f","Mechanical","مصر","القاهرة","3","Consultant","Office","EGP","25000","لا","لا","لا","ربما","نعم",,"نعم",,"Bachelor's","9","نعم","2026-07-16T00:00:00.000Z"
"ff8a5ad8-88f9-46c9-8326-6f3480d46797","HVAC ENGINEER","اليمن","حضرموت","18","Main Contractor","Office","SAR","1000","نعم","نعم","نعم","لا","نعم","اهم شي كتابة عقد بينك وبين الشكرة وراتب المهندس لايقل عن 5000 سعودي","نعم",,"Bachelor's","8","لا  الجمعة فقط","2026-07-16T00:00:00.000Z"
"ff55ec44-8331-4a78-83f9-b7cecad02b33","BIM","السعودية","جده","8","Supervision Consultant","Site","SAR","15000","لا","لا","لا","ربما","نعم",,"نعم",,"Bachelor's","8","لا  الجمعة فقط","2026-07-16T00:00:00.000Z"
"ff54d904-811a-4d8e-a3fe-e8aae69cd70c","Operation and maintenance","السعودية","االدمام","14","Facility Management","Hybrid","SAR","7000","نعم","نعم","لا","لا","لا","لا تقبل براتب لا يمثل خبرتك ولا تثق فى وعود بعض الشركات بالزيادة السن
السنوية","نعم","Family contract","Bachelor's","8","نعم","2026-07-16T00:00:00.000Z"
"ff41fd54-3955-4634-abb0-9c46ba62ed4f","Mechanical","الامارات","ابو ظبي","5","Main Contractor","Site","SAR","8000","لا","لا","لا","نعم","لا",,"لا","تامين صحي وزيادة سنوية 5℅","Bachelor's","9","لا  الجمعة فقط","2026-07-16T00:00:00.000Z"
"ff293aa0-8687-4316-8267-7adabad9d262","Mechanical","مصر","القاهرة","2","Sub-Contractor","Office","EGP","15000","نعم","نعم","لا","لا","نعم","الفرص كتير اوي اهتم بنفسك واطلب الرقم إللي يرضيك","لا","مفيش امتيازات واو يعني","Bachelor's","9","نعم","2026-07-16T00:00:00.000Z"
"ff25fe84-3a37-4e8c-90fc-3bd0a27143f3","Mechanical","السعودية","الرياض","17","Main Contractor","Office","SAR","16000","لا","نعم","لا","لا","نعم",,"لا",,"Bachelor's","9","نعم","2026-07-16T00:00:00.000Z"
"feeed59d-4c7a-4288-8c7d-791db8bbf286","Mechanical","مصر","القاهرة","3","Main Contractor","Office","EGP","28000","لا","لا","نعم","نعم","نعم",,"نعم",,"Bachelor's","8","نعم","2026-07-16T00:00:00.000Z"
"fe83a52f-6560-4b51-a3bc-ad89079ce0bf","Mechanical","مصر","Ras gharib","3","Oil & Gas","Hybrid","EGP","31040","نعم","نعم","لا","نعم","ربما",,"نعم",,"Bachelor's","10","نعم","2026-07-16T00:00:00.000Z"
"fe2a8259-5a60-4e4f-8dbf-c6fe83397563","Structural","مصر","القاهرة","1","Main Contractor","Site","EGP","15000","نعم","نعم","لا","نعم","لا",,"لا",,"Bachelor's","8","لا  الجمعة فقط","2026-07-16T00:00:00.000Z"
"fdd50f5a-5963-43f5-b433-9870f8dd5e38","Electrical","مصر","القاهرة","17","Supervision Consultant","Site","EGP","49000","لا","لا","لا","لا","لا",,"لا",,"Bachelor's","7","لا  الجمعة فقط","2026-07-16T00:00:00.000Z"
"fd8ba094-961f-4852-bdd9-537816ab889f","Mechanical","السعودية","الدمام","5","Main Contractor","Site","SAR","7000","لا","لا","لا","ربما","نعم",,"نعم",,"Diploma","10","لا  الجمعة فقط","2026-07-16T00:00:00.000Z"
"fd8935c7-169c-4b21-b6ac-35a5c04363db","BIM","مصر","القاهرة","1","Main Contractor","Office","EGP","17000","لا","لا","لا","ربما","نعم",,"لا",,"Bachelor's","8","نعم","2026-07-16T00:00:00.000Z"
"fd6f34e2-f7db-466f-ae98-181dda3869e1","Structural","مصر","القاهرة","1","Consultant","Office","EGP","12000","لا","لا","لا","ربما","نعم",,"لا",,"Bachelor's","8","نعم","2026-07-16T00:00:00.000Z"
"fd484704-b28e-43e6-beb5-68e2bc7f3c50","Mechanical","السعودية","جده","2","Main Contractor","Site","SAR","3500","نعم","نعم","نعم","لا","نعم","حدد قيمة نفسك وطور من مهارتك","نعم",,"Bachelor's","8","لا  الجمعة فقط","2026-07-16T00:00:00.000Z"
"fd2b4f42-4d88-4045-87e2-d00526dc9945","Mechanical","مصر","القاهرة","3","Consultant","Office","EGP","28000","لا","لا","لا","لا","ربما","اتأكد هل هيتأمن على مرتبك كامل و لا هيعملوا عقدين و عقد التأمينات برقم أقل بكتيير ، اتأكد من عدد ساعات الشغل و نظام الاوفر تايم ، اتأكد من مهامك الوظيفيه اللى هتشتغلها ، علشان ممكن تلاقى نفسك درافت مان و انت مش واخد بالك ، اتأكد من المكان و المكتب و بيئة العمل","نعم",,"Bachelor's",,"نعم","2026-07-16T00:00:00.000Z"
"fcf2c953-b604-4dd5-bfdb-9534150c2c91","مساح","مصر","القاهرة","5","Sub-Contractor","Site","EGP","13000","نعم","نعم","لا","لا","لا","اطلب رقم يليق بظروفك","نعم","مفيش","Master's","10","نعم","2026-07-16T00:00:00.000Z"
"fccb8a5d-af90-4fd0-a3e7-c845d966e244","Mechanical","مصر","القاهرة","2","Main Contractor","Site","EGP","19000","لا","نعم","نعم","لا","لا",,"لا",,"Bachelor's","10","نعم","2026-07-16T00:00:00.000Z"
"fcb90cd5-4c94-4b63-a426-0bebfce8acff","المحاسبه","مصر","المنوفيه","7","Manufacturer","Office","EGP","16000","لا","لا","نعم","ربما","نعم",,"لا",,"Diploma","8","نعم","2026-07-16T00:00:00.000Z"
"fca60cad-9e1e-4411-b97d-accac61edc52","Mechanical","مصر","القاهرة","1","Sub-Contractor","Site","EGP","13000","لا","لا","نعم","ربما","ربما","و انتا بتتفاوض بالذات لو لسه فريش متقبلش بمرتب ضعيف اوي و هتقولك احنا هنعلمك لسه عشان تنتج  و لسه كل ده قولها عادي تديني و تعلميني و لما انتج هفضل معاك  برده  احسن ما تعلميني و انتج و بعدها اشوف حد يقدرني مادياً فا تكون  عارف اني تعليمهم ليك و انتاجك هيكون ليهم و هما المستفدين منه و انتا هتستفاد برده بس لازم تستفاد مادياً","لا","Training","Bachelor's","8","نعم","2026-07-16T00:00:00.000Z"
"fc8beef4-5178-435f-bb53-a6ceb7036090","Mechanical","السعودية","الرياض","6","Main Contractor","Office","SAR","8000","لا","نعم","نعم","ربما","ربما","الاتفاق علي كل شئ خاصة التأمين الطبي و تذاكر السفر و ظروف العمل كمهام","لا","اجازة سنويه ٣٠ يوم مع تذكرة ذهاب و عوده بالسنة بقيمة اقصاها ١٧٠٠ ريال فقط","Bachelor's","9.3","نعم","2026-07-16T00:00:00.000Z"
"fc807d7e-3792-4dfe-ad4b-b1f4d0d097b9","Mechanical","مصر","القاهرة","1","Main Contractor","Site","EGP","12000","نعم","نعم","لا","لا","ربما",,"لا",,"Bachelor's","8","لا  الجمعة فقط","2026-07-16T00:00:00.000Z"
"fc6f4eb3-ed69-4043-b0b4-e2dfb232e6b5","Mechanical","مصر","القاهرة","3","Main Contractor","Office","EGP","29000","نعم","لا","نعم","لا","نعم",,"نعم",,"Bachelor's","8","نعم","2026-07-16T00:00:00.000Z"
"fc6a1b79-cbee-408b-bb22-431bfff6c6a1","Mechanical","مصر","القاهرة","3","Sub-Contractor","Office","EGP","30000","لا","نعم","لا","ربما","نعم",,"لا","Medical and social insurance","Bachelor's","8","نعم","2026-07-16T00:00:00.000Z"
"fc5f1e48-caeb-4508-a6a4-f6cd0cecb41a","Mechanical","مصر","أجا","5","Manufacturer","Site","EGP","18000","لا","نعم","نعم","لا","نعم",,"لا",,"PhD","8","لا  الجمعة فقط","2026-07-16T00:00:00.000Z"
"fc4232eb-3430-4321-8dc1-17a6a68c3781","Mechanical","مصر","القاهرة","1","Consultant","Office","EGP","15000","لا","لا","لا","لا","نعم",,"لا",,"Bachelor's","8","نعم","2026-07-16T00:00:00.000Z"
"fc2c8b45-974d-4659-a7dc-b8b4bb84c66d","Structural","مصر","القاهرة","5","Main Contractor","Site","EGP","30000","نعم","نعم","لا","نعم","لا",,"لا","الأكل والشرب علي الشركه","Bachelor's","11","لا  الجمعة فقط","2026-07-16T00:00:00.000Z"
"fc2771e8-0fe2-41d9-a8f8-23f00c8b9337","Architecture","مصر","القاهرة","3","Consultant","Office","EGP","15000","نعم","لا","نعم","لا","نعم",,"نعم",,"Bachelor's","8","نعم","2026-07-16T00:00:00.000Z"
"fc0742ad-7c88-4f1d-9977-5f9ac27c81fa","Mechanical","سوريا","حمص","4","Consultant","Office","USD","300","لا","لا","نعم","ربما","نعم",,"لا",,"Bachelor's","9","نعم","2026-07-16T00:00:00.000Z"
"fbdae068-491b-458f-8bd6-209cdbad8368","Civil","مصر","القاهرة","9","انشاءات","Site","EGP","40000","نعم","نعم","لا","ربما","ربما",,"لا","يوجد اوفر تايم والشغل يوم الاجازه بيومين","Bachelor's","8","لا  الجمعة فقط","2026-07-16T00:00:00.000Z"
"fb78c7be-d87a-4b3b-9805-d9166cd226bf","Structural","مصر","الفيوم","5","Main Contractor","Office","EGP","15000","نعم","لا","لا","لا","نعم","اطلب العالي","لا","ميزتها انها جمب بيتي","Bachelor's","9","لا  الجمعة فقط","2026-07-16T00:00:00.000Z"
"fb2a9ff7-0a43-4abc-858e-2c0c0ed01633","Infrastructure","مصر","القاهرة","1","Facility Management","Site","EGP","13000","نعم","نعم","لا","ربما","ربما","اطلب مثل القايمة وتفاوض باللي بتقدمه واللي مطلوب منك","لا","بدل مكالمات 300ج + 10 اجازة مدفوعة كل شهرين (استثنائي ليس كل الموظفين )","Bachelor's","12","لا  الجمعة فقط","2026-07-16T00:00:00.000Z"
"fb18ce9d-2bb1-4074-b6a5-2fb65702bbbe","Biomedical Engineering","مصر","القاهرة","4","Consultant","Office","EGP","23000","لا","لا","لا","لا","ربما",,"لا",,"Bachelor's","9","نعم","2026-07-16T00:00:00.000Z"
"faf6a7de-492c-43eb-9b10-0ea92a4235b5","تعدين وفلزات","مصر","القاهرة","15","Inspection services","Office","EGP","12400","لا","لا","لا","لا","نعم",,"نعم","عدم التقيد بمواعيد العمل","Bachelor's","7","نعم","2026-07-16T00:00:00.000Z"
"fae5459f-f6a9-4228-9b02-e044afd74312","HSE","مصر","القاهرة","9","Main Contractor","Site","EGP","40000","نعم","لا","لا","لا","لا","شركة وسخه","نعم",,"Bachelor's","9","لا  الجمعة فقط","2026-07-16T00:00:00.000Z"
"fad03926-d47c-4445-b0ae-45d7e5247851","Mechanical","السعودية","المدينة المنورة","10","Main Contractor","Site","SAR","12000","لا","لا","لا","ربما","نعم","شوف السوق وتذكر انهم محتاجينك اكثر ما انت محتاجهم","نعم","جربانة","Bachelor's","8","لا  الجمعة فقط","2026-07-16T00:00:00.000Z"
"fac6ab56-8e5d-425a-8878-228706f54042","Mechanical","مصر","القاهرة","1","Main Contractor","Site","EGP","9000","نعم","نعم","نعم","لا","نعم",,"لا","تأمين صحي شامل","Bachelor's","8","لا  الجمعة فقط","2026-07-16T00:00:00.000Z"
"fac40921-ba77-498c-af01-c137114f9c08","Mechanical","مصر","العاشر من رمضان","2","Integrated solutions in oil and gas sector","Site","EGP","14000","نعم","نعم","لا","لا","لا","أطلب مرتب كويس من الاول مش تستني بعد ٣ شهور","لا","بدل سفر وبدل سهر (ضعيفه)","Bachelor's","8","نعم","2026-07-16T00:00:00.000Z"
"fa6ea9c2-3a5e-43dd-a92c-95943c24d2be","Civil","مصر","القاهرة","1","Main Contractor","Site","EGP","11000","نعم","نعم","لا","ربما","لا",,"لا",,"Bachelor's","8","لا  الجمعة فقط","2026-07-16T00:00:00.000Z"
"fa3a4a66-151f-4b74-b63e-bab826c8daab","Mechanical","مصر","القاهرة","13","Sub-Contractor","Site","EGP","21500","لا","لا","لا","لا","لا",,"لا",,"Bachelor's","8","لا  الجمعة فقط","2026-07-16T00:00:00.000Z"
"fa397dab-2677-447b-989b-5fdea0eda3ce","Architecture","مصر","القاهرة","7","Consultant","Site","EGP","13000","لا","نعم","لا","لا","لا","لا توافق على اقل من حقك","لا",,"Bachelor's","8","لا  الجمعة فقط","2026-07-16T00:00:00.000Z"
"fa29f906-d24e-4b50-bb01-8879a571f3dc","Mechanical","مصر","القاهرة","1","Sub-Contractor","Site","EGP","11000","لا","نعم","لا","نعم","ربما","التفاوض على الإقامة ومواعيد العمل","لا","بدلات على التأخير","Bachelor's","10","نعم","2026-07-16T00:00:00.000Z"
"fa1995ef-2e14-46b3-b1a7-522e8e364f11","Mechanical","مصر","القاهرة","7","Oil & Gas","Office","EGP","31500","لا","لا","نعم","لا","نعم","اسأل على رينج الرواتب قبل ما تروح الشركة 
متخليش حد ينتقص من سنوات خبرتك بحجة انك كنت في الجيش - لو خدمتك كانت في نفس مجال عملك -","لا","Bonus(3 times a year) - Drinks Buffet - Over time * 1.5 salary","Bachelor's","8","نعم","2026-07-16T00:00:00.000Z"
"fa10f4eb-d5c1-4bb3-b97f-99ce287841e5","Mechanical","مصر","القاهرة","1","Consultant","Site","EGP","12000","نعم","لا","لا","لا","نعم",,"لا",,"Bachelor's","10","لا  الجمعة فقط","2026-07-16T00:00:00.000Z"
"f9f3bd8c-a8cd-4bf5-9573-39287deec068","Mechanical","مصر","القاهرة","4","Consultant","Office","EGP","20000","لا","لا","لا","ربما","ربما",,"لا","بتدي اجازات مع البنوك - فيها flexibility فالمواعيد","Bachelor's","8","نعم","2026-07-16T00:00:00.000Z"
"f9f2c0fa-a1d4-41c3-80a9-382fbefbfaa4","Mechanical","السعودية","الرياض","12","Supervision Consultant","Site","SAR","14000","لا","لا","لا","لا","ربما","قيم نفسك بما يرضي الله","نعم","لا يوجد","Bachelor's","8","لا  الجمعة فقط","2026-07-16T00:00:00.000Z"
"f9da2804-f177-40a6-8953-7a06107dd3bc","Mechanical","مصر","الساحل","3","Main Contractor","Site","EGP","15000","نعم","نعم","نعم","ربما","نعم","Engineers have to learn how to market themselves","نعم",,"Bachelor's","11","لا  الجمعة فقط","2026-07-16T00:00:00.000Z"
"f95d3358-78f0-4818-88d0-d4329c2a92d1","Mechanical","مصر","القاهرة","1","Supervision Consultant","Site","EGP","13000","لا","نعم","لا","لا","نعم",,"لا",,"Bachelor's","7","لا  الجمعة فقط","2026-07-16T00:00:00.000Z"
"f9505a16-8206-4594-89e7-a7ffcc59d6c6","Structural","مصر","القاهرة","7","Developer","Office","EGP","33000","لا","لا","لا","لا","ربما",,"لا",,"Bachelor's","9","نعم","2026-07-16T00:00:00.000Z"
"f91a713e-2ad8-4fb3-80a5-7cfd5075519e","Mechanical","مصر","القاهرة","4","Sub-Contractor","Hybrid","EGP","26000","نعم","نعم","لا","ربما","ربما",,"نعم",,"Bachelor's","9","لا  الجمعة فقط","2026-07-16T00:00:00.000Z"
"f8b05740-c859-4cd0-911e-b2abeefd980a","Electrical","مصر","القاهرة","2","Manufacturer","Site","EGP","16000","لا","نعم","نعم","لا","لا","انا دفعه ٢٣ اقل حاجه و ااحنا اهو في ٢٦ تتفاوض عليها مش اقل من ٢٣ الف شهريا غير الحوافز و اعرف ليك اوفر تايم و لا لاء و اعرف ليك بدل ماموريات و اعرف ليك بدل اجزات انت ممكن تنزل جمعه و سبت عادي و يصيعو عليك هل هيرحلوهم ليك او هديهملك او بدل فلوس رصيدك السنوي اذا خلصتو  و لو ما خلصتوش هل الاجزات بتترحل لسنه الي بعدها او بتاخد فلوس","لا","لا يوجد اي امتيزات غير التامين الطبي","Bachelor's",,"نعم","2026-07-16T00:00:00.000Z"
"f89502b9-6d72-4296-98bb-2650b0d6c058","Mechanical","مصر","القاهرة","1","Consultant","Site","EGP","9000","نعم","نعم","لا","لا","لا",,"نعم","لا يوجد","Bachelor's","8","نعم","2026-07-16T00:00:00.000Z"
"f877a780-3ad3-4273-a489-8e9e7033d81a","Mechanical","مصر","القاهرة","13","Consultant","Office","EGP","45000","لا","لا","لا","لا","ربما",,"لا",,"Bachelor's","9","نعم","2026-07-16T00:00:00.000Z"
"f84e9ad6-d6ac-4ce1-ac01-4c3aaa34d167","Mechanical","مصر","القاهرة","1","Sub-Contractor","Office","EGP","12500","لا","لا","نعم","لا","نعم",,"لا","امتيازات في الأعياد","Bachelor's","8","نعم","2026-07-16T00:00:00.000Z"
"f84da123-ecf5-4267-bee0-0d7f0df8bef2","Architecture","مصر","القاهرة","3","Consultant","Site","EGP","13000","لا","لا","لا","لا","لا","اطلب متكسفش الناس دي بتكسب ملايين","لا","لا يوجد","Bachelor's","8","لا  الجمعة فقط","2026-07-16T00:00:00.000Z"
"f8438f6d-4186-4079-9a32-6c28e817e8d7","Architecture","مصر","بنها","8","Main Contractor","Site","EGP","12000","لا","لا","لا","لا","لا","عدم الرضى براتب بعيد عند تقديرك","لا","لاشئ","Bachelor's","8","لا  الجمعة فقط","2026-07-16T00:00:00.000Z"
"f837f0d3-2f4e-4411-97a9-9a3462c6a2ad","Mechanical","السعودية","الرياض","11","Main Contractor","Site","SAR","15000","لا","لا","لا","لا","لا","1. ادرس الشركة كويس قبل ما تروح الانترفيو، ومستوى الرواتب اللي بتقدمه للناس اللي عندهم نفس خبرتك.
2. اطلب راتب اعلى من متوسط الرواتب عندهم. يعني لو عرفت انهم بيدفعوا مثلا 12 الف لشخص بخبرتك، ما تطلبش 12 الف، اطلب 15 الف، علشان يبقى عندك مساحة للتفاوض وتوصل للرقم المناسب ليك.
3.اثناء الانترفيو، اهتم جدا جدا بمظهرك. البس ملابس شيك ومحترمة، وحذاء مناسب، واستخدم برفان عالي الجودة. اقعد بثبات وراحة، واتكلم بثقة وبنبرة واضحة وقوية، لكن من غير كبر او غرور. و حاول توصل لهم انطباع ان خبرتك هتضيف للشركة، وانهم محتاجين امكانياتك زي ما انت محتاج الفرصة. وبعد ما توضح قيمتك وخبراتك، اطلب الراتب اللي شايف انه مناسب ليك.

واثناء التفاوض، ما تبينش انك مضطر للوظيفة او انك مستعد تقبل اي رقم. ولو الشخص اللي قدامك حاول يوصلك ان طلبك مبالغ فيه، رد بهدوء وثقة ""الراتب اللي طلبته مناسب لمستوى خبرتي، وكمان في حدود متوسط السوق. انا ما طلبتش رقم بعيد او مبالغ فيه."" وقل الجملة بثبات، وكانك مستغرب فعلا من اعتباره رقم كبير.","لا",,"Bachelor's","8","لا  الجمعة فقط","2026-07-16T00:00:00.000Z"
"f82887d6-6629-462d-887b-1b25d80aef79","Mechanical","مصر","القاهرة","2","Main Contractor","Site","EGP","22000","لا","لا","لا","نعم","نعم","اطلب اعلي","نعم",,"Bachelor's","9","نعم","2026-07-16T00:00:00.000Z"
"f7ceadf7-b064-4a7a-9051-11de82ff7df8","Mechanical","مصر","القاهرة","1","Supervision Consultant","Site","EGP","17000","لا","لا","لا","ربما","لا",,"لا",,"Bachelor's","9","لا  الجمعة فقط","2026-07-16T00:00:00.000Z"
"f7abb4cd-16be-4475-952b-d3d48b743c26","Mechanical","مصر","القاهرة","1","Sub-Contractor","Site","EGP","15000","نعم","لا","لا","لا","نعم",,"لا",,"Bachelor's","9","لا  الجمعة فقط","2026-07-16T00:00:00.000Z"
"f7a7b86b-7b1b-4200-a42a-3c46a7898e68","Structural","مصر","القاهرة","9","Manufacturer","Site","EGP","18000","نعم","لا","لا","لا","لا",,"لا",,"Bachelor's","10","نعم","2026-07-16T00:00:00.000Z"
"f79f2b03-f374-476d-bf92-792b2c78b844","Mechanical","مصر","القاهرة","13","Supervision Consultant","Site","EGP","67000","نعم","نعم","لا","نعم","لا","اتاكد لو انت رايح مشروع بره القاهرة ان السكن محترم و المواصلات محترمه و اعرف بعد السكن عن المشروع","نعم",,"Master's","9","لا  الجمعة فقط","2026-07-16T00:00:00.000Z"
"f795988d-720c-4d0d-928e-0c3617230020","Electrical","مصر","القاهرة","6","Main Contractor","Hybrid","EGP","18000","لا","نعم","لا","ربما","نعم",,"لا","تامين طبي","Bachelor's","8","نعم","2026-07-16T00:00:00.000Z"
"f776be33-0837-40ad-8c1c-c588806ced60","Mechanical","مصر","القاهرة","1","Supplier","Hybrid","EGP","14000","لا","لا","لا","لا","ربما",,"لا",,"Bachelor's","8","نعم","2026-07-16T00:00:00.000Z"
"f76ad0b1-eef9-4b82-8ae2-48f5f5d422b9","Mechanical","مصر","القاهرة","1","Consultant","Office","EGP","23000","لا","لا","لا","نعم","نعم","الاوفر من الشركات اول سبب مساعد للزياده عندنا","لا",,"Bachelor's","9","نعم","2026-07-16T00:00:00.000Z"
"f7585921-709a-434d-9725-05cc71bf261f","Structural","مصر","القاهرة","5","Main Contractor","Site","EGP","25000","لا","لا","لا","لا","لا","أعلى مايمكن","لا","لا","Bachelor's","9","لا  الجمعة فقط","2026-07-16T00:00:00.000Z"
"f746c2d4-cd03-4ccd-940d-0022ccb8aa91","Mechanical","مصر","القاهرة","3","Sub-Contractor","Site","EGP","19000","لا","نعم","نعم","لا","نعم",,"لا",,"Bachelor's","8","لا  الجمعة فقط","2026-07-16T00:00:00.000Z"
"f722a5a7-56e3-4d13-b640-0e0505fc1660","Mechanical","مصر","الاسكندريه","6","Main Contractor","Site","EGP","35000","نعم","نعم","نعم","ربما","نعم",,"لا",,"Bachelor's","8","لا  الجمعة فقط","2026-07-16T00:00:00.000Z"
"f6c47848-3573-45df-a388-2c96e5663336","Mechanical","مصر","القاهرة","1","Main Contractor","Site","EGP","14000","نعم","نعم","لا","ربما","ربما",,"لا","لا لنا حابب اتكلم عن حاجة في الشركة ، لاني لسا عارفها انا رايح جديد الشركة اكتشفت ان معظم ال شغالين في السايت مهندسين مكتب فني موقع او مهندسين موقع وفنيين معظمهم ملهمش عقود ولاه تأمين ، ولو هتمضي عقد بتمضي معاه شرط جزائي ١٥٠ الف ، الراتب انهارده ٨ و لسا متسلمش لل شغالين الشهر ال فات وطبعا بيتسلم كاش مش في حساب بنكي عشان ملهمش عقود ، وكان في عامل من شهر تقريبا اتوفي بسبب كمرا وقعت فرتكت دماغه في مشروع المعرفة في العاصمة وطبعا الامور اتكتم عليها ، دي حاجة كنت حابب اوضحها عن الشركة ، واتمني اسمي ميظهرش.","Bachelor's","9","لا  الجمعة فقط","2026-07-16T00:00:00.000Z"
"f6a265c6-8e1c-48b2-9e3d-09a3395d9adb","Structural","مصر","القاهرة","13","Government","Site","EGP","15000","لا","لا","لا","لا","نعم","ميتنازلش","نعم","مناسبات اعياد","Bachelor's","8","نعم","2026-07-16T00:00:00.000Z"
"f64293ed-60f7-4edd-a989-6ca542cf183d","Mechanical","مصر","بورسعيد","10","Oil & Gas","Site","EGP","25000","نعم","لا","لا","لا","لا",,"لا","اقامه كامله","Bachelor's","10","لا  الجمعة فقط","2026-07-16T00:00:00.000Z"
"f63bb6f6-f7a5-471f-882d-83752ab094f9","Structural","مصر","المنصوره","1","محطة خرسانه جاهزه","Office","EGP","8000","نعم","لا","نعم","لا","لا",,"لا",,"Bachelor's","9","لا  الجمعة فقط","2026-07-16T00:00:00.000Z"
"f6358adc-cd2e-4250-80b7-654bfa6c4b98","Mechanical","السعودية","جدة","20","Consultant","Site","SAR","14000","لا","لا","لا","ربما","نعم",,"نعم",,"Bachelor's","9","لا  الجمعة فقط","2026-07-16T00:00:00.000Z"
"f5ebe1ac-faa8-4cfc-a137-eb9c5b968789","Mechanical","فرنسا","باريس","4","Main Contractor","Office","EURO","3000","لا","نعم","نعم","نعم","نعم",,"لا",,"Bachelor's","9","نعم","2026-07-16T00:00:00.000Z"
"f5dc0d5f-0c07-45b5-97c8-d88e138f4729","Mechanical","الكويت","الجهراء","6","Main Contractor","Office","KWD","550","لا","نعم","لا","ربما","نعم","قدر نفسك","لا","الاجازات الرسمية كلها","Bachelor's","9","لا  الجمعة فقط","2026-07-16T00:00:00.000Z"
"f56cb816-11ab-4502-8582-aa3c955bca96","Mechanical","السعودية","الرياض","7","Sub-Contractor","Site","SAR","13000","نعم","نعم","لا","ربما","نعم","اطلب إللي انت عاوزه و مش توافق غير بيه","لا","Full accomodation, leave every 3.5 month","Bachelor's","10","لا  الجمعة فقط","2026-07-16T00:00:00.000Z"
"f55626f3-b029-4cbe-86ef-6d010638b877","Mechanical","السعودية","جدة","4","Main Contractor","Hybrid","SAR","4600","لا","نعم","لا","لا","ربما",,"لا",,"Bachelor's","8","لا  الجمعة فقط","2026-07-16T00:00:00.000Z"
"f54a90f4-0ff0-479c-a03c-a93051bfd1df","Mechanical","مصر","دمياط","2","Oil & Gas","Hybrid","EGP","13000","لا","نعم","نعم","لا","ربما","في الشركة رواتب ثابتة لدفعة التعيين مهما تفاوضت","لا",,"Bachelor's","8","نعم","2026-07-16T00:00:00.000Z"
"f53b6372-9628-4a7c-bf9f-8a946c88b03e","Mechanical","مصر","القاهرة","12","Supervision Consultant","Site","EGP","42000","لا","نعم","لا","ربما","نعم","متقللش من نفسك نهائي","لا",,"Bachelor's","8","لا  الجمعة فقط","2026-07-16T00:00:00.000Z"
"f5270ee1-d8cf-4f5e-a80a-3305fe6e8326","Mechanical","السعودية","الرياض","7","Consultant","Site","SAR","8000","نعم","نعم","لا","لا","ربما",,"لا","لا يوجد","Bachelor's","8","لا  الجمعة فقط","2026-07-16T00:00:00.000Z"
"f524be4b-e557-42f2-a6a7-feba20240ac7","Structural","مصر","القاهرة","7","Industrial","Site","EGP","10500","نعم","لا","لا","لا","لا",,"نعم","تامين طبي واجتماعي","Bachelor's","9","لا  الجمعة فقط","2026-07-16T00:00:00.000Z"
"f5012a5f-ff2e-4f96-94bc-90e057598bb7","Mechanical","السعودية","المدينة","8","Sub-Contractor","Site","SAR","8000","لا","لا","لا","لا","ربما",,"نعم",,"Bachelor's","8","لا  الجمعة فقط","2026-07-16T00:00:00.000Z"
"f4e02db6-a148-426b-a750-c7b9101fde85","Mechanical","السعودية","Jeddah","5","Main Contractor","Office","SAR","6000","نعم","نعم","نعم","لا","نعم",,"لا","مكافأت شهرية اذا كان فيه ضغط شغل","Bachelor's","9","لا  الجمعة فقط","2026-07-16T00:00:00.000Z"
"f4d3351f-d51c-4796-8826-2001f16da118","Mechanical","السعودية","نجران","3","Sub-Contractor","Site","SAR","7000","نعم","نعم","لا","نعم","لا",,"لا","تذاكر سنويه وشهر اجازه","Bachelor's","9","لا  الجمعة فقط","2026-07-16T00:00:00.000Z"
"f4a5750b-f020-4e92-8a0b-0ce3cc794753","Mechanical","مصر","القاهرة","2","Sub-Contractor","Site","EGP","15000","نعم","لا","لا","لا","لا","محتاج نصيحة أنا شان معتش عارف العيب فيا ولا المجال","لا","لا","Bachelor's","10","لا  الجمعة فقط","2026-07-16T00:00:00.000Z"
"f4a2d1e3-4a5d-412b-a624-ed7d8411c8f2","Mechanical","السعودية","الرياض","2","Sub-Contractor","Site","SAR","4000","نعم","نعم","لا","لا","نعم",,"لا",,"Bachelor's","9","لا  الجمعة فقط","2026-07-16T00:00:00.000Z"
"f47d4fcb-c2ba-4e52-b6d8-efdae9de42f3","Mechanical","مصر","دمنهور","1","Sub-Contractor","Site","EGP","16000","نعم","نعم","نعم","ربما","ربما",,"لا","شهر بونص عند الزواج","Bachelor's","9","لا  الجمعة فقط","2026-07-16T00:00:00.000Z"
"f42d85a6-ce25-4fa3-af73-f90c6cd177f7","Mechanical","السعودية","الاحساء","5","Main Contractor","Site","SAR","7500","نعم","نعم","لا","ربما","لا",,"لا",,"Bachelor's","10","لا  الجمعة فقط","2026-07-16T00:00:00.000Z"
"f41ff530-bc63-45bc-9d40-37f6a3d2f7ef","Electrical","مصر","القاهرة","4","Main Contractor","Site","EGP","22000","نعم","نعم","نعم","نعم","نعم",,"لا",,"Bachelor's","9","نعم","2026-07-16T00:00:00.000Z"
"f400a6a9-1e44-463a-8739-8faa545970d5","Mechanical","مصر","القاهرة","1","Industrial","Site","EGP","14500","لا","نعم","نعم","ربما","نعم","الثقة من قدرة الشخص علي تقديم الافادة والنظر للمرتب الشهري من منظور الراحة النفسية للشخص التي تجعله يحب عمله","لا","بدل انتقال او باص للشركة- اوفرتايم - حوافز ليست الافضل ولكن ليست الأسوأ","Bachelor's","8","لا  الجمعة فقط","2026-07-16T00:00:00.000Z"
"f3a68cd4-0e75-47ff-8832-7df4990a88fe","Mechanical","مصر","القاهرة","3","Main Contractor","Office","EGP","27000","لا","لا","لا","نعم","نعم",,"لا",,"Bachelor's","9","نعم","2026-07-16T00:00:00.000Z"
"f38ce8af-7288-448b-8a65-622088051fca","Mechanical","السعودية","الرياض","3","Main Contractor","Office","SAR","6000","لا","لا","لا","ربما","نعم","قول الي انت عاوزه ويكفيك مرتاح","لا",,"Bachelor's","9","لا  الجمعة فقط","2026-07-16T00:00:00.000Z"
"f35aad07-c0bd-44b6-a6f2-7b249481bc4a","Mechanical","مصر","القاهرة","1","Consultant","Office","EGP","12000","نعم","نعم","نعم","لا","نعم",,"لا",,"Bachelor's","8","نعم","2026-07-16T00:00:00.000Z"
"f34fa0a2-102b-4588-82aa-6c3279070f70","Mechanical","مصر","ابو ظبي","1","Consultant","Office","EGP","12000","لا","لا","لا","لا","نعم",,"لا",,"Bachelor's","8","نعم","2026-07-16T00:00:00.000Z"
"f2db84ad-5034-43ab-b0f7-397616bfb881","Mechanical","مصر","العلمين","1","Supervision Consultant","Site","EGP","12500","نعم","نعم","لا","ربما","نعم",,"لا",,"Bachelor's","8",,"2026-07-16T00:00:00.000Z"
"f2d0533b-3a25-44a3-8fc5-edf88f7ce194","Mechanical","السعودية","جيزان","10","Facility Management","Site","SAR","4500","نعم","نعم","لا","لا","لا",,"لا",,"Bachelor's","8","لا  الجمعة فقط","2026-07-16T00:00:00.000Z"
"f254010a-a305-4942-9fec-86adfbb3c674","Mechanical","مصر","محافظة قنا","12","Sub-Contractor","Site","EGP","10500","لا","نعم","لا","لا","لا","أطلب الراتب اللي تستحقه فعلا ومتتنازلش عشان اي حد ومتسحمس لحد يستغلك عشان انت موجود في منطقة نائية .. متعملش زيي","لا",,"Bachelor's","8","لا  الجمعة فقط","2026-07-16T00:00:00.000Z"
"f22e06d7-9f5c-4a51-b744-c555ddc554e0","Mechanical","مصر","القاهرة","1","Main Contractor","Site","EGP","11000","نعم","نعم","لا","ربما","لا",,"لا",,"Bachelor's","8","لا  الجمعة فقط","2026-07-16T00:00:00.000Z"
"f229648d-a711-4098-a750-366d5e37a515","Structural","مصر","القليوبيه","7","Main Contractor","Hybrid","EGP","20000","لا","لا","لا","لا","لا","يطلب اعلي من الي هو عاوزة ب5 آلاف","نعم","الاجازات الرسمية كامله واسبوع مصيف مدفوع والحضور ملهوش ميعاد ثابت","Bachelor's","8","لا  الجمعة فقط","2026-07-16T00:00:00.000Z"
"f227be8e-6114-4dc9-ae39-c7f5277a5c5b","Electrical","مصر","القاهرة","4","Facility Management","Site","EGP","10000","نعم","لا","لا","لا","ربما","اذا كان الراتب المعروض اقل بقليل من الراتب الموقع لخبرتك ولكن بيئه العمل صحيه اقبل بها بيئه العمل الداعم الأول للعمل السليم","نعم",,"Bachelor's","8","لا  الجمعة فقط","2026-07-16T00:00:00.000Z"
"f2262c59-1a4e-42ce-a929-aa1a3f1e764e","Mechanical","مصر","القاهرة","4","Main Contractor","Office","EGP","33000","لا","نعم","لا","لا","نعم","دور علي ميزة واتعلمها تميزك عن عيرك في نفس المجال واتفاوض بيها","لا","اوبر +بدل وجبه في حالة السهرل لساعه ٨","Bachelor's",,"نعم","2026-07-16T00:00:00.000Z"
"f2235c5c-d4b7-4f3f-8ba3-84cd01aa7b9d","Electrical","مصر","القاهرة","2","Main Contractor","Hybrid","EGP","20000","نعم","نعم","نعم","نعم","نعم","قيم نفسك وقول مرتب اعلي من اللي انت محدده شويه","لا","جمعه وسبت واجازات الرسميه كلها وفقد بصمه واجازه سنويه و ٤ ساعات في الشهر  وتامين اجتماعي وطبي وزياده سنويه وبونص مرتين ف السنه","Bachelor's","8","نعم","2026-07-16T00:00:00.000Z"
"f1ebdff4-398d-4f4c-916f-90053116d59c","Structural","مصر","القاهرة","1","Sub-Contractor","Site","EGP","17500","نعم","نعم","لا","نعم","ربما",,"لا",".","Bachelor's","9","نعم","2026-07-16T00:00:00.000Z"
"f1dfc208-afb0-4216-a6d3-f192da09d133","Electrical","السعودية","الرياض","12","Sub-Contractor","Site","SAR","7700","لا","نعم","لا","لا","ربما",,"نعم",,"Bachelor's","9","لا  الجمعة فقط","2026-07-16T00:00:00.000Z"
"f1ce1f9d-c785-445e-87fd-d63c95a4af7b","Mechanical","مصر","القاهرة","3","Main Contractor","Site","EGP","11000","لا","لا","لا","لا","لا","الثبات علي حقوقه","لا",,"Bachelor's","12","لا  الجمعة فقط","2026-07-16T00:00:00.000Z"
"f1c42222-24ac-4ecc-b2ca-a1aa21fbc1d5","Structural","مصر","القاهرة","1","Consultant","Site","EGP","9000","نعم","نعم","لا","لا","ربما",,"لا",,"Bachelor's","10","نعم","2026-07-16T00:00:00.000Z"
"f195315f-0642-4cda-a110-a24ad432beb4","Mechanical","السعودية","الرياض","6","Main Contractor","Site","SAR","4500","نعم","نعم","نعم","لا","نعم","الصبر والتطور","نعم","مرونة في ساعة الدوام/ التعاون / الدعم","Bachelor's","8","لا  الجمعة فقط","2026-07-16T00:00:00.000Z"
"f17881e8-165a-4632-8096-9dbda344715e","Mechanical","مصر","القاهرة","2","Main Contractor","Hybrid","EGP","12500","نعم","نعم","لا","لا","نعم",,"لا",,"Bachelor's","9","لا  الجمعة فقط","2026-07-16T00:00:00.000Z"
"f13a1ea2-7fbb-43ac-b06a-475143a4072f","Electrical","مصر","القاهرة","2","Facility Management","Site","EGP","18000","لا","لا","نعم","ربما","نعم",,"لا",,"Bachelor's","8","نعم","2026-07-16T00:00:00.000Z"
"f12a6afb-e73f-4dcc-adc9-fcdfdbd9acb0","Electrical","مصر","القاهرة","16","Manufacturer","Site","EGP","15000","لا","نعم","نعم","لا","لا","اطلب ما يجعلك مبدعات","نعم",",,أرباح","Bachelor's","8","نعم","2026-07-16T00:00:00.000Z"
"f12242a5-1af8-4dd4-89c0-2ceba35ad445","Mechanical","مصر","الاسماعيلية","1","Facility Management","Hybrid","EGP","10000","لا","لا","لا","نعم","ربما","لو حديث التخرج فانت حديث التخرج مش حديث الولادة","نعم","لا يوجد امتيازات حتي لا يوجد تأمين ولا اجازات رسمية فقط يوم واحد راحة في الاسبوع","Bachelor's","8","لا  الجمعة فقط","2026-07-16T00:00:00.000Z"
"f0de64a8-b98b-427b-8a2e-ecf37b1e9470","Mechanical","مصر","القاهرة","1","Main Contractor","Office","EGP","10000","لا","لا","لا","لا","نعم","احفظ حقوقك","نعم","لا","Bachelor's","8","نعم","2026-07-16T00:00:00.000Z"
"f084bdec-d6a1-429b-a7c1-3e4eb136a291","Electrical","مصر","القاهرة","6","Consultant","Site","EGP","30000","نعم","نعم","نعم","ربما","نعم",,"لا",,"Bachelor's","9","نعم","2026-07-16T00:00:00.000Z"
"f063b364-83f3-444f-a166-8478c2daa7fa","Electrical","مصر","القاهرة","1","Consultant","Office","EGP","20000","لا","لا","لا","ربما","نعم","متقللش من نفسك لو واثق في امكانياتك","لا","تأمين طبي واجتماعي من اول يوم عمل","Bachelor's","8","نعم","2026-07-16T00:00:00.000Z"
"f05b8cbe-b9e1-4826-ab1a-54ba3aa791ca","Structural","مصر","قنا","1","Consultant","Site","EGP","11000","نعم","نعم","لا","لا","لا","اطلب الراتب اللي تستحقه ومتتنازلش عن اى فلوس من حقك تاخدها","لا","لايوجد","Bachelor's","8","لا  الجمعة فقط","2026-07-16T00:00:00.000Z"
"f0509085-37a6-409a-89eb-8712ed668e1c","Mechanical","مصر","القاهرة","0","Main Contractor","Office","EGP","77000","لا","لا","لا","ربما","نعم",,"نعم",,"Bachelor's","9","نعم","2026-07-16T00:00:00.000Z"
"f047eaf4-96ba-4943-ab66-40ce784a47e8","Mechanical","مصر","القاهرة","2","Sub-Contractor","Site","EGP","20000","نعم","لا","لا","لا","لا","اقرأ السوق كويس و اعرف رينج مرتبات الشركة اللي هتروحها لان مش كل الشركات بتدي زي بعض","نعم","بونص بعد انتهاء المشروع","Bachelor's","8","لا  الجمعة فقط","2026-07-16T00:00:00.000Z"
"f0348d65-c1a5-4a85-b5f5-f6986a8fe523","Mechanical Infrastructure","الامارات","ابو ظبي","7","Main Contractor","Site","AED","10000","لا","نعم","لا","لا","ربما",,"لا",,"Bachelor's","10","لا  الجمعة فقط","2026-07-16T00:00:00.000Z"
"f00843d4-370c-4482-9682-a5b66cc66020","Mechanical","مصر","القاهرة","1","Consultant","Site","EGP","18000","لا","لا","لا","نعم","نعم",,"لا",,"Bachelor's","8","نعم","2026-07-16T00:00:00.000Z"
"ef6ce757-a194-499b-920a-c7f4543bcf0f","Architecture","مصر","القاهرة","3","مهندس تنفيذ","Site","EGP","17000","لا","نعم","نعم","ربما","نعم",,"لا",,"Bachelor's",,"لا  الجمعة فقط","2026-07-16T00:00:00.000Z"
"ef4c00a3-fc78-48c7-9227-4998f38a9b95","Mechanical","مصر","القاهرة","4","Developer","Office","EGP","25000","لا","لا","نعم","ربما","ربما",,"نعم",,"Bachelor's","8","نعم","2026-07-16T00:00:00.000Z"
"ef4b8dea-6050-407b-be9d-adf8d6a6090c","Mechanical","مصر","القاهرة","6","Main Contractor","Hybrid","EGP","49000","لا","نعم","نعم","نعم","نعم",,"لا",,"Bachelor's","9","نعم","2026-07-16T00:00:00.000Z"
"ef49f86e-77c5-4638-8d42-9244d84468a8","Mechanical","السعودية","الرياض","6","Supervision Consultant","Site","SAR","7500","لا","نعم","لا","لا","نعم",,"لا",,"Bachelor's","8","لا  الجمعة فقط","2026-07-16T00:00:00.000Z"
"ef38fe54-b466-4759-92f8-ea0cf9147154","Mechanical","مصر","القاهرة","3","Consultant","Office","EGP","28000","لا","لا","لا","ربما","نعم",,"لا","شاى ونيسكافيه","Bachelor's","8","نعم","2026-07-16T00:00:00.000Z"
"ef22e0b6-77f8-42a4-b6ba-7e93481f23cd","Mechanical","مصر","القاهرة","2","Consultant","Office","USD","510","لا","لا","لا","لا","نعم",,"نعم",,"Bachelor's","9","نعم","2026-07-16T00:00:00.000Z"
"ef18b4cc-8b95-4465-881b-05a84d16da2e","Procurement","مصر","القاهرة","15","Main Contractor","Office","EGP","110000","لا","لا","لا","نعم","نعم",,"نعم",,"Bachelor's","8","نعم","2026-07-16T00:00:00.000Z"
"eef1c396-4db4-4e8d-9764-84fa5ec18537","Mechanical","الامارات","دبي","5","Sub-Contractor","Hybrid","AED","8000","لا","نعم","لا","ربما","ربما","تفاوض علي ما تستحقه وما ستقدمه للمكان","لا","سيارة بمتطلباتها - اي غياب مرضي غير مخصوم من الاجازه السنوية","Bachelor's","8","لا  الجمعة فقط","2026-07-16T00:00:00.000Z"
"eee6c667-8ccf-4583-9806-87efd980a066","Mechanical","مصر","القاهرة","1","Government","Hybrid","EGP","22500","لا","نعم","نعم","نعم","ربما",,"لا",,"Bachelor's","8","نعم","2026-07-16T00:00:00.000Z"
"eee07b27-4076-4ff5-a5f1-e916a71da326","Architecture","مصر","دمياط","13","Supervision Consultant","Hybrid","EGP","30000","لا","لا","لا","ربما","ربما",,"لا",,"Bachelor's","8","لا  الجمعة فقط","2026-07-16T00:00:00.000Z"
"eed324d5-7b24-4013-81ad-785cf43444f9","Mechanical","مصر","شرم الشيخ","7","Main Contractor","Site","EGP","87000","نعم","نعم","نعم","نعم","نعم",,"لا",,"Bachelor's","9","نعم","2026-07-16T00:00:00.000Z"
"eebf31a6-29cd-43f9-b61e-5a701bfd32be","Chemical engineer","مصر","القاهرة","1","Industrial","Office","EGP","10000","نعم","لا","لا","ربما","لا",,"نعم",,"Bachelor's","9","لا  الجمعة فقط","2026-07-16T00:00:00.000Z"
"eebcedab-8757-4cd4-b1b9-742fb7053f67","Electrical","مصر","القاهرة","5","Main Contractor","Site","EGP","23000","لا","نعم","لا","لا","لا",,"لا","لا يوجد","Bachelor's","7","نعم","2026-07-16T00:00:00.000Z"
"ee950250-7b95-4b20-9550-1028b526e2c1","Mechanical","مصر","القاهرة","3","Consultant","Office","USD","700","لا","لا","نعم","نعم","نعم",,"لا",,"Bachelor's","9","نعم","2026-07-16T00:00:00.000Z"
"ee7d6b63-0ac7-44d3-8b83-a0a6b7ae3e8d","Electrical","مصر","القاهرة","3","Main Contractor","Site","EGP","21000","نعم","نعم","نعم","ربما","نعم",,"لا",,"Bachelor's","8","نعم","2026-07-16T00:00:00.000Z"
"ee4143e6-af80-477f-bee9-43aacc99ad65","Mechanical","السعودية","الرياض","10","Sub-Contractor","Site","SAR","17000","لا","لا","نعم","نعم","نعم",,"لا",,"Bachelor's","8","لا  الجمعة فقط","2026-07-16T00:00:00.000Z"
"ee118500-fc47-42bf-901e-22c4060cc7de","Mechanical","الكويت","الكويت","6","Sub-Contractor","Site","KWD","450","لا","نعم","لا","لا","نعم",,"لا",,"Bachelor's","9","لا  الجمعة فقط","2026-07-16T00:00:00.000Z"
"ee0ccbc8-76ce-4122-8438-e83caed1ff0b","Structural","مصر","القاهرة","5","Consultant","Site","EGP","18000","لا","نعم","لا","لا","نعم",,"لا",,"Bachelor's","8","نعم","2026-07-16T00:00:00.000Z"
"edcfee45-7f2d-4089-bbaa-acaf52bee4f5","Mechanical","مصر","القاهرة","2","Consultant","Office","EGP","15000","لا","لا","لا","لا","ربما","لا تقل عن اللائحة","لا",,"Bachelor's","8","نعم","2026-07-16T00:00:00.000Z"
"edc99c8b-9a40-48b8-9ff0-7dbd75331e52","Mechanical","مصر","القاهرة","4","VDC and BIM services","Office","EGP","32000","لا","لا","لا","ربما","نعم","اسأل عن رينج الرواتب قبل ما تروح نتفاوض و احسب كل حاجة زي السكن و في بونص ولا لا و ايام الاجازة كل حاجة من دول ليها تمن تعمل حسابه ف مرتبك","نعم","يوم في الأسبوع عمل من المنزل","Bachelor's","8","نعم","2026-07-16T00:00:00.000Z"
"eda7a217-9cd2-4e3d-bd97-1516c9b3ca86","Mechanical","السعودية","الرياض","7","Developer","Site","SAR","6000","نعم","نعم","نعم","لا","نعم","اطلب الي يناسبك مالكش دعوه هما تارجتهم اي","لا",,"Bachelor's","8","لا  الجمعة فقط","2026-07-16T00:00:00.000Z"
"ed7f9d39-3471-4860-a3ad-f5f101b7e32c","Architecture","مصر","القاهرة","3","Sub-Contractor","Site","EGP","14000","نعم","نعم","نعم","لا","نعم","اسعي وربك كريم","لا","الاجازات الرسمية + التأمين","Bachelor's","9","لا  الجمعة فقط","2026-07-16T00:00:00.000Z"
"ed1ef824-4594-409f-bed6-4f76601a9c9d","Mechanical","مصر","الجيزة","4","Consultant","Site","EGP","10000","نعم","لا","لا","لا","ربما",,"لا",,"Bachelor's","4","نعم","2026-07-16T00:00:00.000Z"
"ed1aba53-5326-4697-a0e7-0ac24bff55fa","Metallurgical (quality)","مصر","القاهرة","2","Industrial","Office","EGP","16000","لا","نعم","لا","ربما","ربما",,"لا","حافز على حسب تحقيق ال KPI","Bachelor's","9","نعم","2026-07-16T00:00:00.000Z"
"ecfe7cf0-c3fc-4c3f-b0a3-ac157a27cb43","Health and safety","مصر","الإسكندرية","15","Main Contractor","Site","EGP","45000","لا","نعم","لا","لا","نعم",,"نعم","Medical","Bachelor's","9","لا  الجمعة فقط","2026-07-16T00:00:00.000Z"
"ece752c7-2344-4abe-9b26-54f9d11dd51e","Mechanical","مصر","القاهرة","8","Main Contractor","Office","EGP","40000","نعم","نعم","لا","ربما","نعم","لازم الإتفاق يتم صح وميكونش فيه احراج لأن بعد كدة صعب تعديل الوضع","لا","Medical insurance","Bachelor's","9","نعم","2026-07-16T00:00:00.000Z"
"ec98d878-5d8d-4f28-8aca-3c27e10d55f8","Electrical","مصر","القاهرة","12","Main Contractor","Office","EGP","38000","لا","لا","لا","لا","لا",,"لا",,"Bachelor's","9","نعم","2026-07-16T00:00:00.000Z"
"ec79462a-32fd-49c9-8df9-a568b78420a9","BIM","مصر","القاهرة","1","Sub-Contractor","Office","EGP","12000","لا","لا","لا","لا","نعم",,"لا",,"Bachelor's","9","نعم","2026-07-16T00:00:00.000Z"
"ec52cc81-75fc-4fad-8f8c-97391f6be05c","Mechanical","مصر","القاهرة","1","Main Contractor","Office","EGP","9000","نعم","نعم","لا","لا","نعم",,"نعم",,"Bachelor's","9","نعم","2026-07-16T00:00:00.000Z"
"ec50c591-2e7e-465c-b9b2-45306539dc2b","Structural","مصر","القاهرة","5","Consultant","Site","EGP","20500","نعم","نعم","نعم","نعم","لا",,"لا",,"Bachelor's","7","لا  الجمعة فقط","2026-07-16T00:00:00.000Z"
"ec3bd1b8-3b2d-4eb1-a2c3-4e1bd1e7c334","Electrical","مصر","القاهرة","12","Main Contractor","Site","EGP","45000","نعم","نعم","نعم","ربما","نعم",,"لا",,"Bachelor's","10","نعم","2026-07-16T00:00:00.000Z"
"ec0d1e33-62df-4d56-84cb-f21909300578","Mechanical","مصر","القاهرة","6","Main Contractor","Site","EGP","34000","نعم","نعم","نعم","نعم","نعم","الشركة تحتاجك اكثر من احتياجك لها","لا",,"Bachelor's","9","لا  الجمعة فقط","2026-07-16T00:00:00.000Z"
"ec09b60e-9a1d-42c2-918f-1b255d37d5e7","Mechanical","مصر","العاشر من رمضان","2","Manufacturer","Office","EGP","19000","لا","نعم","نعم","ربما","نعم",,"لا","حوافز شهريه علي الإنتاج و ارباح سنويه","Bachelor's","9","نعم","2026-07-16T00:00:00.000Z"
"ebcfabc3-edd7-4916-9515-62aaa42f1e6e","Mechanical","السعودية","الدمام","5","Sub-Contractor","Hybrid","SAR","6000","لا","نعم","لا","لا","ربما",,"لا",,"Bachelor's","8","لا  الجمعة فقط","2026-07-16T00:00:00.000Z"
"ebbc8e0c-8abc-43a5-97cd-40a1d510d8cb","Mechanical","السعودية","جده","11","Supplier","Site","SAR","10000","لا","نعم","نعم","ربما","نعم",,"نعم",,"Bachelor's","8","لا  الجمعة فقط","2026-07-16T00:00:00.000Z"
"ebb541c8-d7d8-458f-819b-ba51d6fe8be5","Q. C","مصر","المنوفية","4","Oil & Gas","Hybrid","EGP","8000","نعم","نعم","لا","لا","لا","ياكم ان تتنازل عن المبلغ المناسب لكم","نعم","تأمين صحي وتأمين اجتماعي واجازه يومين ف الاسبوع","Master's","8","نعم","2026-07-16T00:00:00.000Z"
"eb84c59f-86ee-488b-b9b3-a57b417e96bb","Electrical","مصر","القاهرة","1","Sub-Contractor","Site","EGP","10000","لا","لا","لا","ربما","ربما",,"نعم",,"Bachelor's","12","نعم","2026-07-16T00:00:00.000Z"
"eb702e3e-84e4-4827-8cd6-65f9626dc659","Mechanical","مصر","القاهرة","5","Facility Management","Site","EGP","30000","لا","لا","لا","لا","ربما",,"لا",,"Bachelor's",,"نعم","2026-07-16T00:00:00.000Z"
"eb4f1185-ed7c-42b4-abcf-2814dedb1c77","Mechanical","السعودية","مكة","10","Main Contractor","Site","SAR","13000","لا","لا","نعم","نعم","نعم",,"نعم",,"Bachelor's","9","لا  الجمعة فقط","2026-07-16T00:00:00.000Z"
"eb46a18b-58cc-4e49-8859-f58842054915","Mechanical","مصر","الساحل","4","Main Contractor","Site","EGP","20000","نعم","نعم","نعم","لا","نعم","شوف سعر دفعتك في السوق وبناء عليه اطلب ومتقبلش باقل","لا",,"Bachelor's","10","لا  الجمعة فقط","2026-07-16T00:00:00.000Z"
"eb2a46dc-4cf8-440d-be3a-425ff2be15f9","Mechanical","مصر","القاهرة","1","Test and Balance, Validation.","Office","EGP","10000","لا","لا","لا","لا","لا",,"لا",,"Bachelor's","9","نعم","2026-07-16T00:00:00.000Z"
"eb06fbe0-3837-463a-ba43-82c5cd819a9b","Electrical","السعودية","جازان","5","Main Contractor","Site","SAR","3500","نعم","نعم","لا","لا","ربما","أملى يدك","لا",,"Bachelor's","8","لا  الجمعة فقط","2026-07-16T00:00:00.000Z"
"eae55e07-dba4-402f-9047-a8e1c0890806","Mechanical","الامارات","ابو ظبي","14","Sub-Contractor","Site","AED","20000","لا","لا","لا","ربما","نعم",,"لا",,"Bachelor's","10","لا  الجمعة فقط","2026-07-16T00:00:00.000Z"
"eab49f0b-5271-4777-a44e-27115bf583c1","Mechanical","مصر","القاهرة","1","Main Contractor","Site","EGP","13000","نعم","نعم","لا","لا","نعم","قيم نفسك واطلب الي شايفه يقدرك","لا","بدل وجبات وباقة مايقارب ٦٠٠ جنيه شهرياً","Bachelor's","8","لا  الجمعة فقط","2026-07-16T00:00:00.000Z"
"ea4d070a-cbb8-4a6b-92a9-fa328d62b2c4","Mechanical","السعودية","الرياض","6","Manufacturer","Office","SAR","8000","لا","لا","نعم","لا","لا","اذا تفاوضت اكثر كنت هحصل على راتب اكبر","نعم",,"Bachelor's","9","نعم","2026-07-16T00:00:00.000Z"
"ea42d3a4-8c74-4d45-9ccd-c8032d8d8b75","Mechanical","مصر","القاهرة","7","Consultant","Office","EGP","28000","نعم","لا","نعم","ربما","نعم","توضيح الراتب تماما وفقا لطبيعة الأعمال واي تغيير في طبيعه العمل يتطلب تعديل في الراتب","لا","مكافأت ٢٥ من الراتب عند التسليمات المرحلية + ١٠٠% من الراتب عند التسليم النهائي","Bachelor's","8","لا  الجمعة فقط","2026-07-16T00:00:00.000Z"
"ea23095a-0fe1-463b-aba3-ab03710bfa56","Mechanical","مصر","القاهرة","7","Consultant","Site","EGP","32000","لا","لا","لا","ربما","ربما","خلي نفسك طويل وابدا من فوق المتوقع ب10الاف ع الاقل","لا",,"Bachelor's","8","نعم","2026-07-16T00:00:00.000Z"
"e9fb247c-ad8f-4eb8-930d-147dbb11c48b","Mechanical","مصر","القاهرة","13","Manufacturer","Office","EGP","50000","لا","لا","لا","ربما","ربما",,"نعم",,"Bachelor's","9","نعم","2026-07-16T00:00:00.000Z"
"e9e63321-7df9-4c86-9de7-c312b17e65f9","Mechanical","مصر","محور الضبعة","2","Main Contractor","Hybrid","EGP","20000","نعم","نعم","لا","لا","نعم",,"لا",,"Bachelor's","9","لا  الجمعة فقط","2026-07-16T00:00:00.000Z"
"e9d6c1dd-d0e0-4f59-ad69-571f60dd112f","Mechanical","مصر","الغردقة","6","Supervision Consultant","Hybrid","EGP","23000","نعم","نعم","لا","لا","نعم",,"لا",,"Bachelor's","8","لا  الجمعة فقط","2026-07-16T00:00:00.000Z"
"e9b29f81-61c9-4262-9d3a-ce085870aee8","Electrical","مصر","راس الحكمة","1","Main Contractor","Hybrid","EGP","15000","نعم","لا","نعم","ربما","نعم",,"لا",,"Bachelor's","10","نعم","2026-07-16T00:00:00.000Z"
"e9a11318-0670-4ed8-9e70-d87acc03303a","Mechanical","مصر","القاهرة","4","Main Contractor","Hybrid","EGP","20000","نعم","نعم","لا","لا","نعم","اسعي واعمل اللي عليك ،اعرف قيمة نفسك كويس جدا ، اطلب حقك ومتتكسفش ، خليك شاطر وامين فالتفاوض واعرف حقوقك كويس ومتتنازلش عنها ، متكونش طيب ومضحوك عليك وظالم نفسك زيي","نعم","لا يوجد","Bachelor's","10","لا  الجمعة فقط","2026-07-16T00:00:00.000Z"
"e98069c9-6d68-4665-8238-7a8b5a7b233d","Mechanical","فلسطين","رام الله","4","Ministry of Health","Hybrid","NIS / SH","4600","لا","لا","لا","نعم","ربما","في ظل توافر عدد ضئيل من الفرص وعدد خريجين يفوق السعة الاستيعابية للسوق يتبقى للمهندس اللعب على وتر رفع كفاءته للتحدث بثقة اكبر في موضوع الراتب وخصوصا انه يوجد خريجين يطلبون رواتب متدنية مقابل إتاحة الفرصة وهم لا يعلمون يضرون انفسهم بداية","لا",,"Bachelor's","8","نعم","2026-07-16T00:00:00.000Z"
"e9446bfc-7423-47fe-9689-d1ff64f9c973","Mechanical","مصر","القاهرة","6","Main Contractor","Site","EGP","32000","لا","نعم","نعم","ربما","نعم","اطلب اللي يخليك شغال و أنت راضي","لا",,"Bachelor's","8","لا  الجمعة فقط","2026-07-16T00:00:00.000Z"
"e933354e-df32-497f-beea-bca426935fbd","Structural","مصر","القاهرة","2","Developer","Office","EGP","18000","نعم","لا","لا","نعم","ربما",,"لا",,"Bachelor's","8","نعم","2026-07-16T00:00:00.000Z"
"e9159af5-9aef-4aa7-9001-d4de7f8ed99e","Mechanical","الامارات","ابو ظبي","9","Main Contractor","Site","SAR","12000","لا","لا","نعم","لا","نعم",,"نعم",,"Bachelor's","10","لا  الجمعة فقط","2026-07-16T00:00:00.000Z"
"e901cdbc-cd77-402a-84d0-011ea60e23dd","Mechanical","السعودية","الرياض","10","Consultant","Office","SAR","10000","لا","لا","لا","لا","لا","٥ سنوات ١٠ الف وبعدين كل سنه الف زيادة في الراتب على الاقل، غير كذا لا ترضاش","نعم",,"Bachelor's","10","نعم","2026-07-16T00:00:00.000Z"
"e8eb4bd0-cf2e-4913-a5bd-4c1f79adc020","Electrical","مصر","القاهرة","12","Consultant","Office","USD","1430","لا","لا","نعم","ربما","نعم",,"لا",,"Bachelor's","9","نعم","2026-07-16T00:00:00.000Z"
"e8ab6544-35be-4f13-9ca7-29013fde0543","Mechanical","مصر","الغردقه","4","Maintenance","Site","EGP","15000","نعم","نعم","نعم","ربما","ربما",,"لا",,"Bachelor's","10","لا  الجمعة فقط","2026-07-16T00:00:00.000Z"
"e88a2327-17be-44f0-b9f5-8e0ee706764e","Electrical","مصر","القاهرة","7","Main Contractor","Site","EGP","45000","نعم","نعم","نعم","ربما","نعم",,"لا",,"Bachelor's","9","لا  الجمعة فقط","2026-07-16T00:00:00.000Z"
"e880d733-05fe-4e7f-a310-264e91d3cee2","Structural","مصر","القاهرة","13","Sub-Contractor","Site","EGP","30000","نعم","نعم","لا","لا","لا","ماترخصشي نفسك عشان بترخصنا","نعم","تامين صحي","Master's","8","لا  الجمعة فقط","2026-07-16T00:00:00.000Z"
"e87db0ee-80d4-4cd8-9fd0-61135088fc70","Mechanical","مصر","شرم الشيخ","7","Supervision Consultant","Site","EGP","45000","نعم","نعم","لا","ربما","ربما",,"لا",,"Bachelor's","8","لا  الجمعة فقط","2026-07-16T00:00:00.000Z"
"e87c0c24-ed28-45f9-9439-d4a03424df19","Electrical","مصر","القاهرة","20","Government","Hybrid","EGP","21000","لا","نعم","نعم","لا","لا",,"نعم",,"Bachelor's","6","لا  الجمعة فقط","2026-07-16T00:00:00.000Z"
"e8772b7c-7211-41cc-842a-7f903c09601d","Mechanical","مصر","القاهرة","4","Main Contractor","Office","USD","640","لا","لا","لا","لا","نعم","اثبت علي موقفك ولا ترضي بأقل من قيمتك","لا","بيئة عمل مريحة نفسيا فقط","Bachelor's","8","نعم","2026-07-16T00:00:00.000Z"
"e8599bd8-71a0-4dd2-b591-a4695b6610b3","Mechanical","السعودية","الرياض","4","Consultant","Site","SAR","3300","لا","نعم","لا","ربما","لا","5000","نعم","لا يوجد","Bachelor's","12","لا  الجمعة فقط","2026-07-16T00:00:00.000Z"
"e851e69d-afeb-43c4-925d-16ea328bfbc7","Structural","السعودية","عسير","5","Main Contractor","Hybrid","SAR","4000","نعم","نعم","لا","لا","لا",,"لا",,"Bachelor's","9","لا  الجمعة فقط","2026-07-16T00:00:00.000Z"
"e84df405-4a0a-43f1-976c-e676505ca016","Mechanical","مصر","القاهرة","3","Sub-Contractor","Site","EGP","12500","نعم","نعم","نعم","لا","نعم","لو حاقعد في البيت متنازلشةعن المرتب المناسب علشان كدا بظلم نفسي وزملائي وسيبك من مقوله اشتغل اي حاجه لحد ماتلاقي المناسب","لا",,"Bachelor's","9","لا  الجمعة فقط","2026-07-16T00:00:00.000Z"
"e83c5ad3-b26b-4868-ae5f-3381b917ad18","Mechanical","مصر","سفاجا","7","Main Contractor","Site","EGP","48000","نعم","نعم","لا","نعم","نعم",,"لا",,"Bachelor's","8","لا  الجمعة فقط","2026-07-16T00:00:00.000Z"
"e82efa81-ff94-41a9-99e4-70d09f5fb503","BIM","مصر","القاهرة","1","Sub-Contractor","Office","USD","450","لا","لا","لا","لا","ربما","اسال حد شغال جوه الاول ومتكسفش اعرف المنيمام الاول وبعدين قدر خبرتك وسنوات العمل","لا",,"Bachelor's","8","نعم","2026-07-16T00:00:00.000Z"
"e7f40416-e4ad-4888-a57f-b34dc2aa5294","Mechanical","السعودية","جدة","13","Consultant","Site","SAR","10300","لا","لا","لا","ربما","ربما",,"نعم",,"Bachelor's","8","لا  الجمعة فقط","2026-07-16T00:00:00.000Z"
"e7eb5e9a-9845-4f4f-8f68-cca928ad3ab1","Mechanical","مصر","القاهرة","3","Sub-Contractor","Site","EGP","30000","نعم","نعم","نعم","ربما","لا",,"لا","مكافئات بصفه دورية","Bachelor's","8","لا  الجمعة فقط","2026-07-16T00:00:00.000Z"
"e7e39f79-426e-4102-bac3-feb281d09430","Mechanical","مصر","القاهرة","1","Main Contractor","Site","EGP","16000","نعم","نعم","نعم","ربما","نعم",,"لا","لايوجد","Bachelor's","11","لا  الجمعة فقط","2026-07-16T00:00:00.000Z"
"e7a872dc-4306-4df0-adce-ad54e9ed894b","Electrical","مصر","المنصوره","1","Education","Office","EGP","10800","لا","نعم","نعم","لا","ربما",,"لا",,"Bachelor's","8","نعم","2026-07-16T00:00:00.000Z"
"e75c8d8d-f6b4-4a10-ac1d-7e93a782c7e7","Structural","مصر","القاهرة","1","Consultant","Office","EGP","11000","لا","لا","لا","لا","نعم",,"نعم","لا يوجد","Bachelor's","10","لا  الجمعة فقط","2026-07-16T00:00:00.000Z"
"e6f61d3e-7712-4876-8ce7-1492594893bf","BIM","مصر","القاهرة","1","Facility Management","Site","EGP","14000","نعم","نعم","نعم","ربما","نعم",,"لا",,"Bachelor's","9","لا  الجمعة فقط","2026-07-16T00:00:00.000Z"
"e6f1a25d-565d-42ca-8da3-666e7e2edf75","Mechanical","مصر","القاهرة","3","Consultant","Office","EGP","18000","لا","لا","لا","لا","لا",,"لا",,"Bachelor's","8","نعم","2026-07-16T00:00:00.000Z"
"e6ec5ae7-d5b9-4851-971b-5a395005de39","Mechanical","مصر","القاهرة","1","Sub-Contractor","Office","EGP","14000","نعم","لا","نعم","نعم","نعم",,"لا","Social Insurance","Bachelor's","8","نعم","2026-07-16T00:00:00.000Z"
"e6a33698-dfea-4d8a-a3c5-b828a69a7440","Mechanical","السعودية","عسير","13","Consultant","Site","SAR","10000","لا","نعم","لا","ربما","نعم",,"لا",,"Bachelor's","8","لا  الجمعة فقط","2026-07-16T00:00:00.000Z"
"e69f661c-eb5c-4fd9-907e-30dcc628ca2e","Mechanical","مصر","القاهرة","1","Sub-Contractor","Hybrid","EGP","18000","نعم","لا","نعم","لا","نعم",,"لا",,"Diploma","8","نعم","2026-07-16T00:00:00.000Z"
"e6989a27-33dc-4230-b8f6-2dc7be0a3386","Mechanical","مصر","العاصمة الإدارية","3","Main Contractor","Office","EGP","27000","لا","نعم","لا","نعم","نعم",,"لا",,"Bachelor's","9","لا  الجمعة فقط","2026-07-16T00:00:00.000Z"
"e6646c68-ef36-4122-a287-273614c7d90d","Structural","مصر","القاهرة","0","Main Contractor","Office","EGP","12500","لا","نعم","لا","لا","ربما",,"لا",,"Bachelor's","8","نعم","2026-07-16T00:00:00.000Z"
"e619fe71-400e-45d2-99f3-da4355c6aaa6","BIM","مصر","القاهرة","1","Sub-Contractor","Office","EGP","14000","لا","لا","نعم","ربما","ربما",,"نعم","اللي هي فكره البونص كل 3 شهر بتاخد شهر مرتب بس الفكره اني مش يشوفها ميزه هي معادله بيقلل بيها نفقاته مثلا دا اللي انا حاسه مش اكتر","Bachelor's","8","نعم","2026-07-16T00:00:00.000Z"
"e5fd4d22-a92a-4c6d-81eb-542662cd8904","Maintenance","مصر","القاهرة","1","Industrial","Hybrid","EGP","11000","لا","نعم","نعم","نعم","نعم",,"لا",,"Bachelor's","8","نعم","2026-07-16T00:00:00.000Z"
"e5efbd31-fa0f-4f04-b377-6fdd05fea6df","Electrical","مصر","الجيزه","12","Consultant","Site","EGP","18000","نعم","نعم","لا","لا","نعم","اعرف قيمتك و اطلب سعرك و طور من نفسك و ثق فيها بعد الله عز وجل","لا","تركيب راوتر نت 🤣","Bachelor's","8","نعم","2026-07-16T00:00:00.000Z"
"e5cda38d-8bc9-4f24-b7f3-8e484552246f","Mechanical","سوريا","حمص","2","Consultant","Office","USD","250","لا","لا","لا","لا","نعم",,"نعم",,"Bachelor's","8","لا  الجمعة فقط","2026-07-16T00:00:00.000Z"
"e5b0f1d1-6d40-4807-85ed-d92c9f47d7b0","Mechanical","السعودية","جازان","13","Facility Management","Site","SAR","8500","نعم","نعم","لا","ربما","نعم",,"لا",,"Bachelor's","8","لا  الجمعة فقط","2026-07-16T00:00:00.000Z"
"e58ecfc8-d728-419e-824b-875d3ce0e719","Mechanical","مصر","Luxor","9","Sub-Contractor","Office","EGP","25000","نعم","لا","لا","لا","نعم",,"لا",,"Bachelor's","9","نعم","2026-07-16T00:00:00.000Z"
"e5815949-2afa-4ddb-a3d4-cb08f689f6fa","Mechanical","مصر","جدة","5","Sub-Contractor","Hybrid","SAR","7500","لا","لا","نعم","ربما","لا",,"لا",,"Bachelor's","10","لا  الجمعة فقط","2026-07-16T00:00:00.000Z"
"e57132a2-99bd-472c-b832-4fcfaec4a3d8","Structural","مصر","القاهرة","6","Main Contractor","Site","EGP","25000","نعم","لا","لا","نعم","نعم",,"لا",,"Bachelor's","8","لا  الجمعة فقط","2026-07-16T00:00:00.000Z"
"e5654078-f0a2-48fc-b813-e0980d3eb186","Electrical","مصر","الساحل الشمالي","2","Consultant","Hybrid","EGP","17000","نعم","نعم","نعم","لا","لا",,"لا",,"Bachelor's",,"لا  الجمعة فقط","2026-07-16T00:00:00.000Z"
"e505011b-6af4-42d5-8d32-a8667b4d6c05","Electrical","السعودية","الرياض","10","Industrial","Hybrid","SAR","5500","نعم","نعم","لا","نعم","نعم",,"لا",,"Bachelor's","8","لا  الجمعة فقط","2026-07-16T00:00:00.000Z"
"e5046d30-0bb1-4207-849d-249668549eb8","Mechanical","مصر","القاهرة","5","Main Contractor","Site","EGP","30000","نعم","نعم","نعم","نعم","نعم","اتمسك بحقك وبقيمتك واتفق علي كل حاجه","لا","الراحه النفسيه","Diploma","8","لا  الجمعة فقط","2026-07-16T00:00:00.000Z"
"e4d7e86b-e0b9-4cfa-8a09-ba9b7ef6ab9d","Electrical","مصر","الإسكندرية","1","Main Contractor","Site","EGP","17000","نعم","نعم","لا","نعم","نعم",,"نعم",,"Bachelor's","7","لا  الجمعة فقط","2026-07-16T00:00:00.000Z"
"e4d75cd1-7306-4754-8e5d-f5c79c20e0ef","Mechanical","السعودية","Medina","8","Consultant","Office","SAR","7560","لا","لا","لا","لا","لا","المهندس الشاطر دايما تمنه غالي فامتقبلش باقل من اللي انت تستحقه","نعم",,"Bachelor's","8","نعم","2026-07-16T00:00:00.000Z"
"e4d5513d-b9ca-46c3-b9c2-d907881862b3","Mechanical","مصر","القاهرة","6","Developer","Office","EGP","50000","لا","نعم","نعم","نعم","نعم",,"لا",,"Master's","8","نعم","2026-07-16T00:00:00.000Z"
"e4d4a651-d84b-4328-9342-5b4aba706615","Mechanical","السعودية","الرياض","1","Supervision Consultant","Site","SAR","3000","نعم","نعم","لا","لا","نعم",,"لا",,"Bachelor's","8","لا  الجمعة فقط","2026-07-16T00:00:00.000Z"
"e4b9c0d5-4f2a-4193-91ac-bb057e4b4a6e","Electrical","مصر","القاهرة","7","Industrial","Office","EGP","25000","لا","نعم","نعم","لا","نعم",,"لا",,"Bachelor's","9","نعم","2026-07-16T00:00:00.000Z"
"e49c92d8-3c30-45aa-ba70-16beb19a5934","Mechanical","مصر","العبور","1","Sub-Contractor","Site","EGP","12000","لا","لا","لا","ربما","نعم",,"نعم",,"Bachelor's","9","نعم","2026-07-16T00:00:00.000Z"
"e4961fe6-6bae-4da9-96e4-92d633a5bb41","BIM","مصر","الاسكندرية","4","Main Contractor","Office","EGP","23500","نعم","نعم","نعم","لا","نعم","يفضل المساومة على راتب اعلى بما يناسب الخبرة","لا","بونص شهري واعياد","Bachelor's","9","نعم","2026-07-16T00:00:00.000Z"
"e4606a79-2d5a-4c42-9af1-83d6b83ad763","Mechanical","Jordan","ابو ظبي","1","Sub-Contractor","Office","JOD","400","لا","لا","نعم","لا","ربما",,"لا",,"Bachelor's","9","لا  الجمعة فقط","2026-07-16T00:00:00.000Z"
"e45f1ebc-b335-492c-90d4-257038111a00","Structural","مصر","ميناء شرق بورسعيد","1","Main Contractor","Site","EGP","22000","نعم","نعم","لا","نعم","نعم","حاول دائما متققلش من قيمه المهندس غيرك بيبقا سواق معده وممكن ياخد اكتر منك دائما قيم نفسك بالاعلى","نعم","مرتبات كويسه مقارنتا بالشركات الأخرى","Bachelor's","10","نعم","2026-07-16T00:00:00.000Z"
"e41a8132-b35f-468c-b417-33ba15299123","Mechanical","مصر","القاهرة","1","Supervision Consultant","Site","EGP","1500","نعم","نعم","لا","لا","ربما","J","لا",,"Bachelor's","10","نعم","2026-07-16T00:00:00.000Z"
"e3f70b56-3f14-49a0-9ad9-7c94bfcbad55","BIM","مصر","القاهرة","4","Main Contractor","Office","EGP","39000","لا","لا","لا","نعم","نعم",,"نعم",,"Diploma","8","نعم","2026-07-16T00:00:00.000Z"
"e3ed958d-f8c6-4736-a621-347c6994c409","Mechanical","الامارات","دبي","6","Sub-Contractor","Site","AED","8500","لا","لا","نعم","نعم","لا",,"نعم",,"Bachelor's","8","لا  الجمعة فقط","2026-07-16T00:00:00.000Z"
"e3c86756-a82d-43aa-b68d-1d9f84125a7a","Mechanical","مصر","مرسى مطروح","6","Consultant","Site","EGP","30000","نعم","نعم","نعم","نعم","نعم",,"لا",,"Bachelor's","8","نعم","2026-07-16T00:00:00.000Z"
"e3c4e404-5e30-4e94-bba5-bdac404846e5","Mechanical","مصر","القاهرة","3","Main Contractor","Office","EGP","27000","لا","لا","نعم","ربما","نعم","اضرب مرتبك الحالي دايما في ١.٤ وانت رايح تتفاوض مع شركة وتقولهم ان المرتب الحالي هو مرتبك مضروب في ١.٤ وبعدها زود المطلوب يبقي ١.٦ من مرتبك ويبقي بنسباله انك طالب بس ١.٢","لا","Bonus 2 times annual","Bachelor's","8","نعم","2026-07-16T00:00:00.000Z"
"e3b8e2e4-75af-4f80-b539-194494ec8fdf","Mechanical","موريتانيا","نواكشوط","10","Supervision Consultant","Site","USD","2800","نعم","نعم","لا","ربما","نعم","اختار رقم مناسب لخبرتك وتمسك بيه الشركات والاتش ار بيشغلوا دماغهم ع المهندسين للاسف","لا","متوفر سكن اقامه مواصلات وإجراءات السفر والتذاكر","Bachelor's","8","لا  الجمعة فقط","2026-07-16T00:00:00.000Z"
"e39c6838-3884-439d-94c7-938670f0245c","Mechanical","مصر","الواحات","1","Oil & Gas","Site","EGP","7400","نعم","نعم","نعم","لا","لا",,"لا",,"Bachelor's","8","نعم","2026-07-16T00:00:00.000Z"
"e38dc3cf-2cff-4539-aa08-310de7963f4e","Mechanical","مصر","القاهرة","4","Sub-Contractor","Office","EGP","17500","لا","لا","لا","لا","لا",,"نعم",,"Bachelor's","8","نعم","2026-07-16T00:00:00.000Z"
"e37c27b6-f0fe-456d-a173-4cd9e9f53ee0","Mechanical","مصر","القاهرة","1","Main Contractor","Hybrid","EGP","10500","لا","لا","لا","لا","نعم","حاول تقدر نفسك ومترضاش باي حاجه وخلاص
حط لنفسك رينج متقلش عنه ممكن تزود عن اللي انت عاوزه الفين كده ولا حاجه عشان لما تقل يكون علي اللي انت عايزه.","لا","بتدي لحمه كل كم شهر كده إذا اعتبرنا ديه ميزه يعني","Bachelor's","9","لا  الجمعة فقط","2026-07-16T00:00:00.000Z"
"e355c2d1-a2a8-460b-b67f-5de6e04ebd32","Mechanical","السعودية","الرياض","9","Supervision Consultant","Site","SAR","9000","لا","لا","لا","لا","نعم",,"نعم",,"Bachelor's","8","لا  الجمعة فقط","2026-07-16T00:00:00.000Z"
"e33fb54b-fb51-413e-89b3-0bec9b9e8986","Mechanical","السعودية","الرياض","6","Sub-Contractor","Hybrid","SAR","6000","نعم","نعم","لا","لا","نعم","حق الكفاله والتأمين الصحي سكن مواصلات راتب لا يقل عن 7500 ريال سعودي","لا",,"Bachelor's","8","لا  الجمعة فقط","2026-07-16T00:00:00.000Z"
"e2eb05b5-95f4-403d-bd99-89baa5c095ae","Structural","مصر","الساحل الشمالي","8","Main Contractor","Site","EGP","40000","نعم","نعم","لا","لا","نعم","لازم يكون ليك قيمه واضحه واضافه للمكان وأنهم فعلا محتاجينك غير كدا مش هتلاقي رواتب محترمه ... خليك محترف فيما تشتغل به وذاكر وهات اخر اخرك وربنا كريم وخليك دائم البحث عن فرص جديدة وخبرات جديده حتي لو كنت راضي ومستقر في مكانك","لا","لا يوجد إلا أن في انتظام في الرواتب أن كانت تعد من المميزات","Bachelor's","8","لا  الجمعة فقط","2026-07-16T00:00:00.000Z"
"e2e3fea6-763a-470b-87a1-e75b3b44c063","BIM","مصر","القاهرة","2","Consultant","From Home","EGP","20000","لا","لا","لا","ربما","نعم",,"نعم","Overtime 1.7, Medical Insurance","Bachelor's","8","نعم","2026-07-16T00:00:00.000Z"
"e2d4798b-72f1-4cd3-a065-b7420cbc52c8","Mechanical","مصر","القاهرة","2","Manufacturer","Site","EGP","12000","لا","لا","نعم","لا","لا",,"لا",,"Bachelor's","8","لا  الجمعة فقط","2026-07-16T00:00:00.000Z"
"e2c574a2-28d2-4f2b-b8a4-875ab0d2b954","Mechanical","مصر","الاسكندرية","6","Manufacturer","Site","EGP","17000","لا","نعم","لا","لا","لا",,"نعم","لايوجد","Bachelor's","9","لا  الجمعة فقط","2026-07-16T00:00:00.000Z"
"e2b97fd6-c983-4c12-984a-e9607136cafa","Mechanical","مصر","القاهرة","3","Main Contractor","Office","EGP","25000","نعم","لا","لا","لا","لا","خد حقك وقيم نفسك صح","لا",,"Bachelor's","9","لا  الجمعة فقط","2026-07-16T00:00:00.000Z"
"e29b5b5c-ce0d-4dc2-98cb-1f349988298b","Mechanical","مصر","القاهرة","6","Consultant","Office","USD","40000","لا","لا","لا","نعم","نعم","يدرس وضع الشركة كويس وحجم الإضافة ليه الموضوع مش فلوس بس ---- يعرف مدة العقد وperiod note","لا","التأمين الصحي -- ,ولكن لا يوجد دقة في العمل -- تسلط غير مبرر في الرأي من المكتب الاماراتي وكأننا في مصر مجرد درافت مان لا عقل يفكر .. تجربة لا أنصح بها أحد","Bachelor's","9","نعم","2026-07-16T00:00:00.000Z"
"e283c0cc-c4d3-46e9-ba30-8b933f6a0db6","Mechanical","السعودية","الرياض","11","Client rep.","Hybrid","SAR","11400","لا","لا","نعم","ربما","نعم",,"نعم",,"Master's","8","نعم","2026-07-16T00:00:00.000Z"
"e27a640e-44ec-4bdd-9e36-e656bced6551","Mechanical","مصر","القاهرة","5","Sub-Contractor","Office","EGP","30000","لا","لا","نعم","ربما","نعم","ما تقبلش بأقل من خبرتك واحتياجاتك","لا",,"Bachelor's","8","نعم","2026-07-16T00:00:00.000Z"
"e2708dc7-6a71-4762-8945-d7f81a37450b","Mechanical","مصر","القاهرة","2","خدمات هندسيه","Hybrid","EGP","17000","لا","لا","لا","لا","ربما","اطلب راتب عالى واتفاوض على الاقل","لا","بدل 150 خارج القاهره","Bachelor's","8","نعم","2026-07-16T00:00:00.000Z"
"e20d01c1-9b58-445c-b99c-838d3e749f3d","Mechanical","مصر","القاهرة","5","Supervision Consultant","Site","EGP","22000","لا","لا","لا","لا","نعم","كل واحد يقيم نفسه كويس وياخد الرقم اللي شايف انه يستحقه","لا","تأمين طبي و اجتماعي","Bachelor's","8","نعم","2026-07-16T00:00:00.000Z"
"e1dfbf91-636d-4d15-adb1-923e81985f90","Electrical","مصر","القاهرة","3","Facility Management","Office","EGP","25000","لا","لا","نعم","ربما","نعم","الشركة محتاجاك زي ما انت محتاجها","لا","Bonus 1 month + profit share half month","Bachelor's","8","نعم","2026-07-16T00:00:00.000Z"
"e1c1ade4-aa3e-4625-8b3c-e254612ccee4","Mechanical","سوريا","دمشق","2","Main Contractor","Office","USD","350","لا","نعم","لا","ربما","نعم",,"نعم",,"Bachelor's","9","نعم","2026-07-16T00:00:00.000Z"
"e1b2a0df-c222-47ed-b8ec-ce9d6bf8b3a9","Mechanical","السعودية","الخرج","2","Oil & Gas","Office","SAR","6500","نعم","نعم","نعم","نعم","نعم",,"لا","سكن عائلي","Bachelor's","9","لا  الجمعة فقط","2026-07-16T00:00:00.000Z"
"e1a990e4-fa1c-4bce-82a4-a4fbf16fc479","Structural","مصر","القاهرة","8","Sub-Contractor","Site","EGP","25000","نعم","نعم","نعم","لا","ربما",,"نعم",,"Bachelor's","11","نعم","2026-07-16T00:00:00.000Z"
"e1a4d5bf-f487-498a-bc69-78a047b2061c","Mechanical","مصر","القاهرة","2","Main Contractor","Site","EGP","17500","نعم","نعم","لا","ربما","ربما",,"لا",,"Bachelor's","9","لا  الجمعة فقط","2026-07-16T00:00:00.000Z"
"e19c48fa-6ac0-4653-90b7-17989a5cfa35","Structural","السعودية","الرياض","2","Consultant","Site","SAR","5000","نعم","نعم","لا","لا","لا",,"لا",,"Bachelor's","8","لا  الجمعة فقط","2026-07-16T00:00:00.000Z"
"e177fd67-0b65-4b24-80bf-b60f3c903255","Structural","مصر","الاسكندريه","8","Main Contractor","Office","EGP","29000","لا","نعم","نعم","ربما","نعم","امسك ف اعلي سعر ممكن تتفاوض عليه","لا","بونص شهرين","Bachelor's","9","نعم","2026-07-16T00:00:00.000Z"
"e1511d4a-d7d3-4457-b955-aed62d31df1d","Electrical","مصر","القاهرة","2","Developer","Site","EGP","20000","نعم","نعم","نعم","لا","ربما",,"لا",,"Bachelor's",,"لا  الجمعة فقط","2026-07-16T00:00:00.000Z"
"e1477a3b-e2c1-4f2a-8966-8a3ad1e16a63","Mechanical","مصر","دمياط","2","Sub-Contractor","Site","EGP","16000","لا","نعم","لا","لا","لا",,"لا",,"Bachelor's","8","لا  الجمعة فقط","2026-07-16T00:00:00.000Z"
"e1298252-faa2-4088-bc09-7d286fea1ca9","Mechanical","مصر","القاهرة","1","Consultant","Office","EGP","14000","لا","نعم","لا","ربما","نعم",,"لا",,"Bachelor's","8","نعم","2026-07-16T00:00:00.000Z"
"e10afdb7-577a-44b1-9637-d6e3922fb626","Mechanical","مصر","دمنهور","9","Main Contractor","Site","EGP","30000","نعم","لا","لا","لا","نعم","اوصل لاعلى اتفاق تقدر توصل لية وبلاش يقلل معاك ويقولك بعدين هنزود او ان فية بونص كل فترة وتعتمد عالكلام دة اتفق على كل حاجه صح من البداية بدل السكن والاغتراب والانتقالات والاضافى","لا","فى الاعياد نصف شهر عيدية","Bachelor's","8","لا  الجمعة فقط","2026-07-16T00:00:00.000Z"
"e0f90c65-7a19-4610-9afa-cbe4b16dc2b4","Mechanical","الكويت","الكويت","12","Sub-Contractor","Site","KWD","1000","لا","نعم","لا","لا","نعم",,"لا",,"Bachelor's","9","لا  الجمعة فقط","2026-07-16T00:00:00.000Z"
"e0ea70fd-293a-441d-bcd6-388c9c8d194e","Electrical","السعودية","الرياض","12","Main Contractor","Site","SAR","11000","لا","نعم","لا","لا","نعم",,"لا",,"Bachelor's","8","لا  الجمعة فقط","2026-07-16T00:00:00.000Z"
"e0e6206b-0085-443e-9690-215bcf2bfe07","Mechanical","مصر","القاهرة","1","Sub-Contractor","Site","EGP","15000","نعم","نعم","نعم","ربما","ربما",,"لا","موجود أوفر تايم في حالة الشغل بعد الوقت المحدد والإدارة تتعامل باحترام مع الموظفين","Bachelor's","8","لا  الجمعة فقط","2026-07-16T00:00:00.000Z"
"e0607be8-e169-4ad0-bdab-2eb880eeae2b","Electrical","مصر","القاهرة","1","Sub-Contractor","Hybrid","EGP","17000","نعم","نعم","لا","نعم","نعم","لازم يطلب اللي هوا عاوزه بذكاء ولا يتنازل عن حقه","لا",,"Bachelor's","8","لا  الجمعة فقط","2026-07-16T00:00:00.000Z"
"e04eca64-e15d-4b9f-97bd-869fa5c60d33","Mechanical","مصر","القاهرة","3","Main Contractor","Office","EGP","14000","لا","لا","لا","لا","نعم","معرفش بس يحاول يطور من نفسه","لا","استقرار و راحة نفسية وهدوء ومفيش ضغط ولا صراعات بس على حساب الفلوس","Bachelor's","9","نعم","2026-07-16T00:00:00.000Z"
"e0109d05-f496-4958-bd69-5581684815bc","Mechanical","مصر","القاهرة","11","Government","Hybrid","EGP","33000","لا","نعم","لا","ربما","لا","سيبك من شغل الميكانيكا وشوف شغل البرمجه او افتح اي مشروع تجاره","لا","تامين صحي للموظف فقط","Bachelor's","8","نعم","2026-07-16T00:00:00.000Z"
"e00618cd-4aa6-422c-be91-cc0ff5b47c9d","Mechanical","مصر","القاهرة","3","Main Contractor","Office","EGP","17500","لا","لا","لا","لا","نعم","حط المرتب الي انت شايفه كويس بنسبالك و يناسب خبرتك و ما تقبلش بأقل منه","نعم",,"Diploma","8","لا  الجمعة فقط","2026-07-16T00:00:00.000Z"
"dffdf54d-1a4d-4df4-b299-17e54f88f7c3","Mechanical","السعودية","جده","7","Sub-Contractor","Office","SAR","7000","نعم","نعم","لا","ربما","نعم",,"لا",,"Bachelor's","8","لا  الجمعة فقط","2026-07-16T00:00:00.000Z"
"dfdbba14-c647-4809-ac4c-f95ead1bb707","Electrical","مصر","القاهرة","3","Consultant","Site","EGP","10500","لا","نعم","نعم","ربما","ربما",,"لا","لا يوجد","Bachelor's","8","لا  الجمعة فقط","2026-07-16T00:00:00.000Z"
"dfcd699a-751b-4c3f-a069-4e25c86e3966","Mechanical","مصر","القاهرة","4","Main Contractor","Site","EGP","41000","نعم","نعم","نعم","ربما","نعم","اعرف المشروع الي انت رايح عليه ظروفه ايه من ناحيه الشغل و المرحله الي وصل لها و بادجت المشروع","لا",,"Bachelor's","8","لا  الجمعة فقط","2026-07-16T00:00:00.000Z"
"dfb473fd-4d8e-4592-b76d-d29745cf7315","Mechanical","مصر","القاهرة","6","Government","Hybrid","EGP","31000","لا","لا","نعم","لا","نعم",,"نعم","Medical coverage and social security and free airplane ticket","Bachelor's","7","نعم","2026-07-16T00:00:00.000Z"
"dfacba5a-637c-4f09-bb05-20153b819d17","BIM","مصر","القاهرة","10","Developer","Office","EGP","57000","لا","نعم","نعم","نعم","نعم","حافظ على قيمتك وقيمة مجهودك وخلى سقف طموحك عالى وربنا كريم","نعم","بونص ٣ شهور فى السنة","Bachelor's","8","نعم","2026-07-16T00:00:00.000Z"
"df9ee4d9-46d6-4e60-a537-f9716892e466","BIM","مصر","القاهرة","10","Consultant","From Home","USD","1300","لا","لا","لا","لا","لا",,"لا",,"Bachelor's","8","نعم","2026-07-16T00:00:00.000Z"
"df9c5381-cba9-46dc-866e-1453028c374d","Mechanical","مصر","القاهرة","2","Consultant","Office","EGP","25000","لا","لا","نعم","نعم","نعم",,"لا",,"Bachelor's","8","نعم","2026-07-16T00:00:00.000Z"
"df8ac622-2f91-4733-81b4-fb552ae92cec","Structural","مصر","القاهرة","1","Main Contractor","Office","EGP","15000","نعم","نعم","لا","لا","نعم","انه مفيش أمان لأي شركة في مصر وانها لو لقت ارخص مني بجنيه هتمشيني وتجيبه فكل واحد يطلب الرقم اللي يرضيه","لا",,"Bachelor's","8","لا  الجمعة فقط","2026-07-16T00:00:00.000Z"
"df800bef-1fcc-4bbb-a923-89c76bfd52c4","Chemistry","مصر","القاهرة","2","Industrial","Site","EGP","9000","لا","نعم","نعم","لا","ربما","لازم تتفق علي الصافي","نعم",,"Bachelor's","8","لا  الجمعة فقط","2026-07-16T00:00:00.000Z"
"df709a2a-0e7b-459c-825f-df1c40e5ce85","Agriculture","مصر","Mansoura","3","Manufacturer","Site","EGP","9000","لا","لا","لا","ربما","لا",,"لا",,"Diploma","8","لا  الجمعة فقط","2026-07-16T00:00:00.000Z"
"df40b62f-e7e6-4d9c-8af2-daaacd6812bc","Structural","مصر","القاهرة","2","Developer","Site","EGP","15000","نعم","نعم","لا","نعم","نعم","ما يقبلش اقل مما يتوقع لنفسه ويكون عنده رضا وقناعة","لا","الصلاحيات والبدلات","Bachelor's","8","لا  الجمعة فقط","2026-07-16T00:00:00.000Z"
"df270b5b-7ce5-48de-b513-49dc508e66b5","Mechanical","مصر","الإسكندرية","1","Sub-Contractor","Office","EGP","15000","لا","لا","لا","ربما","ربما","حاول بقدر الإمكان متبخسشن بنفسك مهما كان لان معظم الناس الا من رحم ربي بيحاول يديك اقل مرتب ممكن حتي لو انت تستاهل اكتر من كده","لا",,"Bachelor's","9","نعم","2026-07-16T00:00:00.000Z"
"df0387ae-6810-4c9b-b7b4-da024e6c3ba8","Mechanical","مصر","القاهرة","4","Consultant","Site","EGP","28000","نعم","لا","لا","نعم","نعم",,"لا",,"Bachelor's","9","لا  الجمعة فقط","2026-07-16T00:00:00.000Z"
"ded81025-88ff-4afe-a1b4-1d4d95ddaeda","Structural","مصر","القاهرة","2","مكتب هندسي","Site","EGP","11000","نعم","نعم","نعم","ربما","ربما",,"لا",,"Bachelor's","10","نعم","2026-07-16T00:00:00.000Z"
"dec8353e-4dba-47f3-81db-ab9f4cc80e2f","Mechanical","السعودية","الرياض","4","Sub-Contractor","Hybrid","SAR","3800","نعم","نعم","لا","لا","نعم",,"لا",,"Bachelor's","10","لا  الجمعة فقط","2026-07-16T00:00:00.000Z"
"deab088a-a94b-4a9d-b07a-36295506b3a2","Mechanical","مصر","القاهرة","5","Main Contractor","Site","EGP","26500","لا","نعم","لا","لا","لا",,"لا",,"Bachelor's","8","لا  الجمعة فقط","2026-07-16T00:00:00.000Z"
"dea60dd2-6125-4e1f-950b-ca7869fa8720","الزراعة","مصر","أسوان","11","زراعية","Site","EGP","25000","نعم","لا","لا","لا","ربما","مترضاش باقل من اللي تستحقة واطلب حقوقك كاملة","لا",,"Diploma","10","نعم","2026-07-16T00:00:00.000Z"
"dea4c13c-a7ad-40c6-82f9-cf70cd7ba016","Mechanical","مصر","القاهرة","1","Consultant","Office","EGP","15000","لا","لا","لا","ربما","نعم",,"لا",,"Bachelor's","8","نعم","2026-07-16T00:00:00.000Z"
"de9fc719-dba0-4aeb-a004-d7e10aeff08f","Mechanical","مصر","القاهرة","1","Sub-Contractor","Office","EGP","24000","لا","لا","لا","نعم","نعم","اعرف رينج الراتب الاول عشان متضيعش وقت و الرينج مش يكون مش مجزي","نعم","عدم تأخر في الرواتب و تعامل كويس جدا","Bachelor's","8","نعم","2026-07-16T00:00:00.000Z"
"de927f9e-6b6e-4f09-b4c8-95b46f0fcc44","Mechanical","مصر","القاهرة","2","Sub-Contractor","Hybrid","EGP","17000","نعم","لا","لا","لا","لا","خد حقك علشان مقابل شغلك فلوس مش شكر","لا","لا يوجد","Bachelor's","9","لا  الجمعة فقط","2026-07-16T00:00:00.000Z"
"de89bda7-1660-40d3-8790-dc04864f084d","Mechanical","مصر","العلمين","19","Consultant","Site","EGP","60000","نعم","نعم","نعم","نعم","نعم","أعرف متوسط راتب دفعتك في الشركة اللي هتشتغل فيها","نعم","تأمين طبي عائلي","Bachelor's","8","لا  الجمعة فقط","2026-07-16T00:00:00.000Z"
"de4cd683-0214-4f71-9238-3a9232ede4ac","Structural","مصر","القاهرة","4","Consultant","Office","EGP","30000","نعم","لا","لا","لا","ربما",,"نعم",,"Bachelor's","8","نعم","2026-07-16T00:00:00.000Z"
"de0592c6-47e5-40b7-bd5c-9fddad716e83","Mechanical","مصر","الساحل","8","Main Contractor","Site","EGP","72000","نعم","نعم","نعم","نعم","نعم","متتنازلش عن مرتبك ف القايمه","نعم","المرتب عباره عن أساسي +60%بدلات","Master's","11","نعم","2026-07-16T00:00:00.000Z"
"dd625c3b-907f-4d70-9545-5f41d206b80a","Mechanical","مصر","القاهرة","6","Consultant","Office","EGP","48500","لا","لا","نعم","لا","نعم",,"نعم","تأمين صحي يشمل الاسرة axa .. تامين اجتماعي اعلى شريحة .. بونص سنوي نسبته ضعف او ٣ اضعاف المرتب على حسب الاداء شريطه مرور عام ونصف العام على تاريخ التعيين .. دعم تعليمي بصرف ٣٥ الف جنيه لكل طفل بحد اقصى ٣ اطفال شريطة ان تكون جهة التعليم ناشونال وليس تجريبي او انترناشونال","Bachelor's","8","نعم","2026-07-16T00:00:00.000Z"
"dd566c50-b41f-4ebb-8bc5-4c610731470a","Mechanical","مصر","القاهرة","3","Consultant","Office","EGP","18000","لا","لا","لا","لا","نعم",,"لا",,"Bachelor's","8","نعم","2026-07-16T00:00:00.000Z"
"dd0db944-3f25-4ff4-9ce0-a212d90d89ce","Structural","مصر","الساحل","2","Main Contractor","Site","EGP","25000","نعم","لا","لا","ربما","لا",,"لا",,"Bachelor's","10","نعم","2026-07-16T00:00:00.000Z"
"dc76d1aa-c178-4734-beb6-13a5e76569b3","Mechanical","سوريا","دمشق","1","دراسات","Office","USD","250","لا","لا","لا","لا","نعم",,"لا",,"Bachelor's","7","لا  الجمعة فقط","2026-07-16T00:00:00.000Z"
"dc5febd6-a9bf-408d-8426-89760afb01d9","Mechanical","السعودية","جدة","3","Sub-Contractor","Hybrid","SAR","3900","نعم","نعم","نعم","ربما","نعم",,"لا",,"Bachelor's","8","لا  الجمعة فقط","2026-07-16T00:00:00.000Z"
"dc5faeac-a95e-4833-976d-e575ee4cc376","Mechanical","مصر","القاهرة","7","Main Contractor","Office","EGP","45000","لا","نعم","نعم","ربما","نعم",,"نعم","بدل انتقالات ٢٥٠٠ علي حسب مكان السكن و بونص شهر ونص عالسنه","Bachelor's","8","نعم","2026-07-16T00:00:00.000Z"
"dc278e09-be80-45e9-b0ad-796c44527906","Mechanical","السعودية","الرياض","2","Sub-Contractor","Site","SAR","7000","نعم","نعم","لا","نعم","نعم",,"لا","اجازه سنويه مدفوعه و تزاكر طيران عائليه","Bachelor's","8","لا  الجمعة فقط","2026-07-16T00:00:00.000Z"
"dbe23690-695d-40c3-a56d-858eba272d90","Mechanical","الامارات","دبي","1","Main Contractor","Hybrid","AED","6500","لا","نعم","نعم","نعم","ربما",,"لا",,"Bachelor's","9","نعم","2026-07-16T00:00:00.000Z"
"dbd30e83-88bc-44af-8fb7-3ef5de45dabb","Electrical","مصر","اسكندرية","1","Manufacturer","Site","EGP","12800","لا","لا","لا","ربما","ربما",,"لا",,"Bachelor's","8","نعم","2026-07-16T00:00:00.000Z"
"db85be11-57c8-48c6-89d9-aa06a6c75c0e","Mechanical","مصر","القاهرة","7","Oil & Gas","Site","EGP","10000","نعم","نعم","نعم","لا","لا",,"لا",,"Bachelor's","12","لا  الجمعة فقط","2026-07-16T00:00:00.000Z"
"db8140f2-b057-4fff-b5e7-54951570aa3f","Project management","مصر","القاهرة","1","Consultant","Office","EGP","15000","لا","لا","لا","لا","لا",,"لا","تامين طبي و اجتماعي","Bachelor's","9","نعم","2026-07-16T00:00:00.000Z"
"db2a49b9-2a3c-428b-a836-0fc586528809","Mechanical","مصر","10th of Ramadan","2","Manufacturer","Office","EGP","20000","لا","نعم","لا","ربما","نعم","اطلب الرقم اللي انت عايزه و متصدقش ال hr لما يقولك كتير و غيره هو في امكانيه يدفع اكتر بس انت اتمسك بالمراتب اللي عايزه","لا","بدل سكن و مواصلات","Bachelor's","9","نعم","2026-07-16T00:00:00.000Z"
"db07b5aa-05ba-4823-ba76-3c9773d8463d","Mechanical","مصر","القاهرة","5","Main Contractor","Office","EGP","37000","نعم","نعم","نعم","نعم","نعم",,"لا",,"Bachelor's","8","لا  الجمعة فقط","2026-07-16T00:00:00.000Z"
"dabcb969-e743-4d2b-b6be-72a297b676eb","Chemical","مصر","السويس","1","Main Contractor","Site","EGP","12000","لا","نعم","نعم","لا","لا",,"لا",,"Bachelor's","8","نعم","2026-07-16T00:00:00.000Z"
"da7db98f-e4f1-4567-a06f-27f90997a318","محاسب","مصر","القاهرة","8","ليرز","Office","EGP","13000","نعم","لا","لا","لا","لا",,"لا",,"Bachelor's","9","نعم","2026-07-16T00:00:00.000Z"
"da735143-32ad-4dc2-80c9-45d74c244abf","Mechanical","مصر","القاهرة","1","Consultant","Office","EGP","12000","نعم","لا","لا","لا","نعم","محتاج إلى ينصحنى","لا","مفيش","Bachelor's","8","لا  الجمعة فقط","2026-07-16T00:00:00.000Z"
"da5de192-9c37-4852-9068-9b96fa6a48ba","Mechanical","مصر","الإسكندرية","2","Consultant","Site","EGP","17000","لا","لا","نعم","ربما","ربما",,"لا",,"Bachelor's","8","لا  الجمعة فقط","2026-07-16T00:00:00.000Z"
"da4a2062-48ae-4c23-9361-4e5c9bc9f30f","Structural","مصر","القاهرة","1","Sub-Contractor","Site","EGP","15000","نعم","نعم","لا","ربما","ربما",,"لا",,"Bachelor's","8","لا  الجمعة فقط","2026-07-16T00:00:00.000Z"
"da3b43bf-e1ca-43a8-b6d5-8e28927257e4","Mechanical","مصر","القاهرة","2","Consultant","Site","EGP","18000","نعم","نعم","لا","ربما","ربما","اتمسك براتب اللي يرضيك وماتتكسفش علشان لحظه كسوف هتضيع عليك كتير قدام","لا",,"Bachelor's","8","لا  الجمعة فقط","2026-07-16T00:00:00.000Z"
"da347b99-3908-481a-9bd5-23fb3deab821","BIM","مصر","القاهرة","2","Consultant","Office","EGP","20000","لا","لا","نعم","ربما","نعم",,"لا",,"Bachelor's","8","نعم","2026-07-16T00:00:00.000Z"
"da32ffb9-722d-4d6e-a72b-4cefab73f6c3","Electrical","السعودية","مكة","0","فندق","Office","SAR","33000","لا","نعم","نعم","نعم","ربما",,"نعم",,"Bachelor's","9","نعم","2026-07-16T00:00:00.000Z"
"da19e151-a851-4375-b181-b2feabe3093c","Mechanical","مصر","القاهرة","5","Main Contractor","Site","EGP","32000","نعم","نعم","نعم","ربما","ربما","يطلب اللي مناسب لدفعته ويتفاوض بكل ثقة وأريحية","لا","تأمين طبي+تأمين اجتماعي","Bachelor's","9","لا  الجمعة فقط","2026-07-16T00:00:00.000Z"
"d9f05526-ab1c-45e1-9629-fab9ec140a54","Mechanical","مصر","ميت غمر","2","Manufacturer","Site","EGP","13000","نعم","نعم","لا","لا","نعم","تفاوض من موطن قوة","لا","تأمين طبي و إجتماعي","Bachelor's","8","نعم","2026-07-16T00:00:00.000Z"
"d9ee113a-0005-4a75-936e-7a39e77e2c1f","Mechanical","مصر","القاهرة","4","Main Contractor","Site","EGP","23000","نعم","نعم","نعم","ربما","نعم",,"لا",,"Bachelor's","9","نعم","2026-07-16T00:00:00.000Z"
"d9e997e6-2568-4194-a7bd-571c07cd7ef4","Metallurgy","مصر","القاهرة","1","Manufacturer","Site","EGP","10000","نعم","نعم","لا","لا","لا",,"لا",,"Bachelor's","7","لا  الجمعة فقط","2026-07-16T00:00:00.000Z"
"d9c33c35-fce5-4688-abd2-895cfa214f04","Electrical","مصر","السادات","1","Industrial","Site","EGP","12000","نعم","نعم","نعم","لا","لا","لا تقول أول عرض أنت سيبه يعرض هو الأول 
ولو اصر تقوا رقم لا تقول من كذا لكذا قول رقم معين","لا","الاوفر تايم ذائد حوافز كل تلت شهور وزيت كل شهر وعربية مواصلات وأكل","Bachelor's","12","نعم","2026-07-16T00:00:00.000Z"
"d9a6365c-3634-4a31-9dbf-75daaee2ef75","Mechanical","مصر","القاهرة","7","Supervision Consultant","Site","EGP","38000","لا","نعم","لا","ربما","نعم","الى داخل يكون اكبر من الى رايح بنسبه ٢٥ ٪","لا","لايوجد","Bachelor's","9","لا  الجمعة فقط","2026-07-16T00:00:00.000Z"
"d9842fde-3526-484a-8f07-eae4f658ec3b","Mechanical","مصر","القاهرة","1","Main Contractor","Site","EGP","14000","نعم","نعم","لا","ربما","نعم","اطلب اكتر ماتستحق واتفاوض لحد ماتوصله","لا",,"Bachelor's","8","لا  الجمعة فقط","2026-07-16T00:00:00.000Z"
"d972bab1-1138-410b-ae8b-f2d4b141d4d8","Mechanical","مصر","القاهرة","1","Consultant","Office","EGP","22000","لا","لا","نعم","ربما","نعم","عدم اخذ ال NET SALARY الا اذا تم حساب جميع المصاريف الجانبية لان ممكن تصفي ١٠٠٠٠ من 22000 علي سبيل المثال","لا","بونص نصف المرتب كل ٤ شهور","Bachelor's","9","نعم","2026-07-16T00:00:00.000Z"
"d9155047-73e5-4014-aa3f-b140e2666ec0","Mechanical","مصر","القاهرة","4","Sales","Office","EGP","25000","لا","لا","لا","لا","ربما",,"لا","تأمين صحي و احتمالية وجود بونص","Bachelor's","8","نعم","2026-07-16T00:00:00.000Z"
"d8d7eda8-892f-4019-8f10-fc99f91b0be1","Mechanical","مصر","القاهرة","2","Consultant","Office","EGP","28000","لا","لا","لا","لا","نعم",,"لا",,"Bachelor's","9","نعم","2026-07-16T00:00:00.000Z"
"d8cf1777-c61b-43ab-8ca7-0d158b6413f9","Civil Defense Consultant","السعودية","مكة","7","Consultant","Office","SAR","6000","لا","لا","لا","لا","نعم",,"لا",,"Bachelor's","8","لا  الجمعة فقط","2026-07-16T00:00:00.000Z"
"d8cd35de-1d22-4635-b73e-5d95eba665f4","Mechanical","مصر","القاهرة","1","Sub-Contractor","Office","EGP","20000","لا","نعم","نعم","نعم","نعم",,"لا","نسبة علي المبيعات","Bachelor's","8","نعم","2026-07-16T00:00:00.000Z"
"d8a3b994-80d9-4ea2-8ce5-cf3d94fc0357","Automation","مصر","القاهرة","1","Industrial","Hybrid","EGP","17000","لا","لا","نعم","نعم","نعم",,"لا",,"Bachelor's","8","نعم","2026-07-16T00:00:00.000Z"
"d886fc75-90ee-4d02-a6c2-2ebb7863ae02","Electrical","مصر","القاهرة","1","Sub-Contractor","Site","EGP","12000","نعم","نعم","لا","لا","لا","اوعى تنزل على مرتب قليل ومتصدقش لما يقولك هرفعه بعد ٣ شهور الشركة وعدت واخلفت","نعم","سكن وانتقال","Bachelor's","8","لا  الجمعة فقط","2026-07-16T00:00:00.000Z"
"d879006a-2e67-4e68-bd3b-da047fbb2ff1","Mechanical","السعودية","الرياض","2","Consultant","Office","SAR","3000","نعم","نعم","لا","لا","ربما","لا تستصغر نفسك","لا",,"Bachelor's","8","لا  الجمعة فقط","2026-07-16T00:00:00.000Z"
"d86a2458-2fec-4d3d-83f9-68b4fedeaca9","Structural","مصر","القاهرة","8","Sub-Contractor","Site","EGP","25000","نعم","نعم","لا","لا","لا",,"لا",,"Bachelor's","9","نعم","2026-07-16T00:00:00.000Z"
"d8614ca1-1ebb-4678-8d49-bdbc43beb1cb","Electrical","السعودية","الرياض","8","Main Contractor","Hybrid","SAR","10000","لا","لا","لا","لا","نعم","اظهر قدراك جيدا اولا واعرف ايه المطلوب منك تعمله وحاول تدهر قد ايه انت تقدر تسد الفراغ ده واعرف رينج واقعى لدفعتك ويكون كويس جدا لو قدرت تاخد معلومه من جوة الشركه عن الرينج الطبيعى فيها لدفعتك","لا","سكن عذابى فقط والبونص انت ورزقك","Bachelor's","9","لا  الجمعة فقط","2026-07-16T00:00:00.000Z"
"d8586d6a-9229-41f7-9ee8-b734254d2d9b","BIM","مصر","القاهرة","1","Sub-Contractor","Office","EGP","25000","لا","لا","لا","نعم","ربما",,"لا",,"Bachelor's","9","نعم","2026-07-16T00:00:00.000Z"
"d849ad4a-4f8b-4993-b139-8d7ee241405c","Mechanical","مصر","القاهرة","6","Main Contractor","Office","EGP","30000","نعم","نعم","نعم","ربما","ربما","Self confidence","لا","لا يوجد","Bachelor's","9","نعم","2026-07-16T00:00:00.000Z"
"d83d4fc9-f999-4557-af5f-c765c673a6ef","Mechanical","مصر","القاهرة","0","Government","Hybrid","EGP","12000","لا","نعم","نعم","لا","لا",,"لا",,"Bachelor's","8","نعم","2026-07-16T00:00:00.000Z"
"d83b2a24-a26c-4453-85a8-8582c0144bcc","Mechanical","السعودية","نيوم","4","Main Contractor","Site","SAR","5000","نعم","نعم","لا","لا","نعم",,"لا",,"Bachelor's","9","لا  الجمعة فقط","2026-07-16T00:00:00.000Z"
"d837b7d1-c6b6-4fc2-a82c-1b8478fb3b22","Structural","مصر","القاهرة","2","Industrial","Site","EGP","11900","نعم","نعم","نعم","لا","نعم",,"نعم",,"Bachelor's","8","لا  الجمعة فقط","2026-07-16T00:00:00.000Z"
"d804e91e-d249-4258-90f7-5e8f7a8ca002","Structural","مصر","مدينة السادات","8","Main Contractor","Hybrid","EGP","15000","لا","نعم","نعم","لا","لا",,"نعم",,"Bachelor's","8","لا  الجمعة فقط","2026-07-16T00:00:00.000Z"
"d7afbbe8-fbe4-4e8a-9dd4-81627f20add1","Mechanical","السعودية","الرياض","5","Sub-Contractor","Site","SAR","8000","لا","نعم","لا","نعم","نعم",,"نعم",,"Bachelor's","8","لا  الجمعة فقط","2026-07-16T00:00:00.000Z"
"d7abe99e-166f-47d7-84aa-831e51cfe04e","Mechanical","مصر","6th october","8","Industrial","Site","EGP","28000","نعم","نعم","لا","ربما","ربما",,"لا","حوافز انتاج","Bachelor's","8","لا  الجمعة فقط","2026-07-16T00:00:00.000Z"
"d77b4afa-1cd5-43d2-8edd-ea1504a9eed8","Mechanical","مصر","القاهرة","1","Consultant","Site","EGP","15000","نعم","لا","لا","ربما","ربما",,"لا",,"Bachelor's","8","لا  الجمعة فقط","2026-07-16T00:00:00.000Z"
"d777028c-53be-40fa-9e4c-0c2aa6984019","Mechanical","السعودية","القصيم","5","Main Contractor","Site","SAR","3500","نعم","نعم","لا","لا","لا",,"لا",,"Bachelor's","10","لا  الجمعة فقط","2026-07-16T00:00:00.000Z"
"d6ccb9a5-f969-4151-83c7-ebf7d88e3ae4","Civil","مصر","المنوفية","2","Main Contractor","Site","EGP","16000","لا","نعم","لا","نعم","نعم",,"نعم",,"Bachelor's","6","لا  الجمعة فقط","2026-07-16T00:00:00.000Z"
"d6bd2f12-637d-46f7-8026-44b464f64ddf","Mechanical","مصر","القاهرة","4","Industrial","Office","EGP","25000","نعم","نعم","لا","لا","لا","للاسف انا نفسي مبعرفش أتفاوض معنديش الخبرة الكافية في التفاوض","نعم","لايوجد","Bachelor's","10","نعم","2026-07-16T00:00:00.000Z"
"d6b4f95e-9f5c-4bf5-8742-3b8029f69f54","Electrical","OMAN","Muscat","13","Facility Management","Site","OMR","1600","لا","لا","لا","نعم","نعم",,"نعم",,"Bachelor's","9","نعم","2026-07-16T00:00:00.000Z"
"d68405a5-ce16-478e-9b76-cb697d5a2d5e","Electrical","مصر","القاهرة","1","Sub-Contractor","Office","EGP","9000","لا","لا","لا","لا","نعم",,"لا",,"Bachelor's","8","نعم","2026-07-16T00:00:00.000Z"
"d6595f9e-607b-46f6-9746-3fd6c1c40ef4","BIM","السعودية","الرياض","9","Main Contractor","Office","SAR","15000","لا","لا","لا","لا","لا",,"نعم",,"Master's","8","نعم","2026-07-16T00:00:00.000Z"
"d64ff505-8fc2-4226-8861-676fb321adff","Electrical","مصر","القاهرة","1","Supervision Consultant","Hybrid","EGP","12000","لا","لا","لا","ربما","نعم","يبدأ من ١٥٠٠٠","لا","الراحة النفسية والإحترام فى التعامل والدعم الازم فى أى مشكلة","Bachelor's","8","نعم","2026-07-16T00:00:00.000Z"
"d63ee0c4-1873-4399-9d65-fb5ae6d4cae1","Electrical","مصر","القاهرة","3","مصنع","Site","EGP","12000","لا","نعم","لا","ربما","لا",,"نعم",,"Bachelor's","6","نعم","2026-07-16T00:00:00.000Z"
"d6205fce-613c-48b9-bfa4-94ff73f7b5db","Mechanical","مصر","اكتوبر","5","Sub-Contractor","Site","EGP","26000","نعم","نعم","نعم","لا","نعم","طول مانت مستقر شوف الأعلى في الاستقرار والراتب","لا",,"Bachelor's","8","لا  الجمعة فقط","2026-07-16T00:00:00.000Z"
"d612ebea-bdba-43b5-b200-a7d40720aa3b","Mechanical","مصر","القاهرة","3","Manufacturer","Office","EGP","18000","لا","نعم","لا","لا","نعم","خليك مصر ع الرقم اللي يناسبك ويناسب خبرتك","لا",,"Bachelor's","9","نعم","2026-07-16T00:00:00.000Z"
"d5d7e2e1-28cb-48bc-b437-bcba392c0d01","Mechanical","مصر","القاهرة","2","Main Contractor","Site","EGP","15000","نعم","نعم","لا","لا","نعم",,"لا","لا يوجد","Bachelor's","8","لا  الجمعة فقط","2026-07-16T00:00:00.000Z"
"d59a3ee8-9877-46e9-8a59-140b6a0e8d97","Mechanical","مصر","القاهرة","1","Sub-Contractor","Site","EGP","10000","نعم","لا","لا","لا","لا","مش تقبل بى اى مرتب نهائي","لا","مكافاه اعياد","Bachelor's","8","لا  الجمعة فقط","2026-07-16T00:00:00.000Z"
"d555529a-7bf0-405d-a392-f349f1c65850","Mechanical","مصر","طنطا","1","Consultant","Office","EGP","20000","لا","لا","لا","نعم","نعم",,"لا",,"Bachelor's","8","نعم","2026-07-16T00:00:00.000Z"
"d5487a50-5b80-4f9c-8c28-be80ec803f99","Mechanical","السعودية","مكة","5","Sub-Contractor","Hybrid","SAR","9000","نعم","نعم","لا","نعم","نعم",,"نعم",,"Bachelor's","8","لا  الجمعة فقط","2026-07-16T00:00:00.000Z"
"d537385f-bbac-41da-8676-654da7f5e863","Mechanical","مصر","القاهرة","10","Main Contractor","Site","EGP","59400","لا","نعم","نعم","نعم","ربما","اعرف طبيعة شغلك بالظبط ومكانه واطلب علي الاساس دا مش بعد كدا","لا",,"Bachelor's","9","نعم","2026-07-16T00:00:00.000Z"
"d51f517a-bf9b-4bb1-8352-d8a9012949da","Mechanical","مصر","القاهرة","11","Main Contractor","Office","EGP","53000","لا","لا","نعم","نعم","نعم",,"نعم",,"Bachelor's","8","نعم","2026-07-16T00:00:00.000Z"
"d5131de7-a378-4cab-a768-caca31bd430e","Mechanical","مصر","القاهرة","6","Sub-Contractor","Site","EGP","27000","نعم","نعم","نعم","لا","نعم",,"لا","اجازة شهريه مدفوعة للمغتربين","Bachelor's","8","نعم","2026-07-16T00:00:00.000Z"
"d4f525d2-416c-4caa-979a-2293aafeb122","Mechanical","مصر","القاهرة","2","Main Contractor","Office","EGP","20000","نعم","لا","لا","ربما","نعم",,"نعم","العمل من المنزل اذا كان يوجد مشكلة","Bachelor's","8","نعم","2026-07-16T00:00:00.000Z"
"d4ed1986-446f-456b-b5a7-9af184687174","Electrical","مصر","السادات","1","Manufacturer","Site","EGP","110000","نعم","نعم","نعم","لا","لا","اطلب بكل ثقة راتب سوق واعرف راتب السوق الأول وبعدين اطلب بقلب جامد بس انا بعذ حديث التخرج لانه ميعرفش حاجه عن السوق عشان كده بيضحك عليهم وانا كنت منهم","لا",,"Bachelor's","9","نعم","2026-07-16T00:00:00.000Z"
"d4b13d90-cdf4-478d-b4c1-2e58a60e5d30","Mechanical","مصر","الاسكندرية","7","خدمات هندسية","Office","EGP","15400","لا","نعم","نعم","لا","لا",,"لا",,"Bachelor's","8","لا  الجمعة فقط","2026-07-16T00:00:00.000Z"
"d4add69f-d9e9-43c5-b651-7da8534d531d","Electrical","مصر","القاهرة","5","Consultant","Office","USD","900","لا","لا","لا","ربما","نعم",,"لا",,"Bachelor's","8","نعم","2026-07-16T00:00:00.000Z"
"d48f0e89-7c35-4d62-ae90-bd03bbf3c4cb","Mechanical","مصر","اسيوط","1","Main Contractor","Site","EGP","9500","نعم","نعم","لا","لا","نعم",,"لا",,"Bachelor's","8","لا  الجمعة فقط","2026-07-16T00:00:00.000Z"
"d41cf66d-3d7f-4691-8f84-580baa678b1b","Structural","مصر","القاهرة","2","Contracting","Site","EGP","12000","لا","نعم","لا","لا","لا","لا تتنازل عن عن مستحقاتك","لا",,"Bachelor's","8","لا  الجمعة فقط","2026-07-16T00:00:00.000Z"
"d40501a0-b840-40e5-b2c3-54f2bafc3525","Mechanical","الامارات","Dubai","6","Consultant","Office","UAE DIRH","13000","لا","لا","لا","نعم","نعم",,"نعم","تامين صحي عائلي","Bachelor's","9","نعم","2026-07-16T00:00:00.000Z"
"d3e344b8-9644-4c85-8c40-2c1ad912ca26","AGRICULTURE","مصر","الواحات البحرية","2","Environmental section","Site","EGP","9100","نعم","نعم","لا","لا","لا","متسألش علي المرتب في الاول 
شوف طبيعة العمل الاول و بعد كدا تحدد انهي مرتب مناسب","نعم","لا يوجد","Bachelor's",,"نعم","2026-07-16T00:00:00.000Z"
"d3c9698f-7649-4a2c-8d3b-e2e3b3035b2a","Mechanical","السعودية","الرياض","4","Main Contractor","Site","SAR","8000","لا","نعم","لا","نعم","نعم",,"نعم",,"Bachelor's","10","لا  الجمعة فقط","2026-07-16T00:00:00.000Z"
"d3a2e03d-dac5-4850-b777-16cda5febec2","Structural","مصر","القاهرة","10","Main Contractor","Office","EGP","35000","لا","لا","لا","ربما","نعم",,"لا",,"Bachelor's","8","نعم","2026-07-16T00:00:00.000Z"
"d3898285-8b2c-4bc3-af00-f08b30e5a5b8","Mechanical","مصر","القاهرة","1","Sub-Contractor","Office","EGP","12000","نعم","لا","لا","ربما","نعم","يسأل أولًا، يشوف ادا كانت الشركة واقفة ولا واخذة مشاريع،","لا",,"Bachelor's","9","نعم","2026-07-16T00:00:00.000Z"
"d37fed3c-98d9-4573-8990-0ce17133eb89","Mechanical","السعودية","الرياض","3","Consultant","Office","SAR","6600","لا","لا","لا","لا","نعم","أبدا من فوق شويه","لا",,"Bachelor's","8","لا  الجمعة فقط","2026-07-16T00:00:00.000Z"
"d34ddb9d-6797-4196-bf03-1ace5754ca99","Electrical","السعودية","جدة","17","Main Contractor","Site","SAR","3000","لا","نعم","لا","لا","نعم","اعرف قيمة نفسك اولا ثم قيم نفسك لكي تتفاوض جيدا","نعم","لا يوجد","Diploma","8","لا  الجمعة فقط","2026-07-16T00:00:00.000Z"
"d34acb95-af06-4047-9e99-3ce92ad58983","Mechanical","مصر","القاهرة","3","Supervision Consultant","Site","EGP","16500","لا","نعم","لا","لا","ربما",,"لا",,"Bachelor's","7","لا  الجمعة فقط","2026-07-16T00:00:00.000Z"
"d33d8171-437e-4c23-b918-0e2232eb5ac3","Production operator Production operator","مصر","القاهرة","16","Manufacturer","Site","EGP","14000","لا","نعم","لا","لا","نعم","للاسف صاحب المال له سقف وليس مهندس المسؤول","نعم","لا يوجد","Diploma","8","لا  الجمعة فقط","2026-07-16T00:00:00.000Z"
"d330e049-78be-46a1-9372-cd1075e05cef","Mechanical","مصر","القاهرة","1","Main Contractor","Office","EGP","10000","لا","لا","نعم","لا","نعم",,"لا",,"Bachelor's","9","نعم","2026-07-16T00:00:00.000Z"
"d2d2faa5-230b-480a-8e0f-214fbda9cd25","Electrical","مصر","القاهرة","1","Manufacturer","Office","EGP","11000","لا","نعم","لا","لا","نعم","...","نعم",,"Bachelor's","9","نعم","2026-07-16T00:00:00.000Z"
"d2a64298-966e-4719-9264-2423760c5120","Mechanical","مصر","القاهرة","1","Consultant","Office","EGP","28000","لا","لا","لا","لا","نعم","لو جالك راتب افضل امشي من غير تفاوض 😂 جالي اوفر ب٣٣ وقعدت علي ٣٠ والشركة ضحكت عليا وباخد ٢٨ دلوقتي ف نصيحة دائما لو جالك اوفر اعلي امشي ومتسمعش كلام الشركه ولا الاتش ار وأنه الدنيا هتبقي أحسن وهتتظبط وهكذا ،، ااذا كان الأوفر اعلي توكل علي الله وامشي","لا","مفيش امتيازات","Bachelor's","9","نعم","2026-07-16T00:00:00.000Z"
"d26780d8-ef05-4503-a044-00740099feaf","Mechanical","مصر","القاهرة","6","Industrial","Office","EGP","25000","لا","نعم","لا","ربما","نعم",,"نعم",,"Bachelor's","8","نعم","2026-07-16T00:00:00.000Z"
"d2343408-e84d-4cd0-b172-51126e4e4243","Structural","مصر","دمياط","5","Main Contractor","Site","EGP","32400","لا","نعم","نعم","لا","نعم",,"لا",,"Bachelor's","11","لا  الجمعة فقط","2026-07-16T00:00:00.000Z"
"d1f7ce9d-f586-482e-b782-5bb326345d8b","Mechanical","الاردن","المفرق","10","Industrial","Hybrid","JD","700","لا","نعم","لا","لا","ربما",,"نعم","راتب ثالث عشر وادخار","Bachelor's","9","لا  الجمعة فقط","2026-07-16T00:00:00.000Z"
"d1bc9fc9-6b57-4473-9b71-ee2278daec63","Mechanical","مصر","الإسكندرية","1","Consultant","Office","EGP","13000","لا","لا","لا","ربما","نعم",,"لا",,"Bachelor's","8","نعم","2026-07-16T00:00:00.000Z"
"d1ac47bb-1f18-4ffa-9364-9c2be2c86d13","Mechanical","مصر","القاهرة","1","Main Contractor","Office","EGP","30000","لا","نعم","لا","ربما","نعم",,"لا",,"Bachelor's","9","لا  الجمعة فقط","2026-07-16T00:00:00.000Z"
"d184b1d4-dae0-47a1-a513-518f19e887aa","Mechanical","مصر","القاهرة","4","Consultant","Office","EGP","45000","لا","لا","نعم","نعم","نعم","ماتسيبش حقك مع الاتش ار ( بيقنعوك ان ده اخر دفعتك في حين انه بيعين واحد تاني نفس دفعتك وخبراتك ومهاراتك بعدك بيومين باكتر من راتبك بكتير) 
ماتتنازلش عن حقوقك لمجرد انك مش عارف رينج المرتبات","نعم",,"Bachelor's","9","نعم","2026-07-16T00:00:00.000Z"
"d1846d04-d37b-43c8-9306-644965ab8096","Electrical","مصر","القاهرة","8","Industrial","Site","EGP","18000","لا","نعم","لا","لا","لا","لو حديث التخرج مش أقل من 15000 ج","لا","كان موجود كذا ميزة أفضلها بعد عشرة سنين من العمل طلوع عمرة أنت ومرافق ببلاش ولكن اتلغت","Bachelor's","8","نعم","2026-07-16T00:00:00.000Z"
"d1743453-b3ea-4cc9-a0f2-571f739d80ea","Mechanical","مصر","أسيوط","2","Oil & Gas","Site","EGP","22000","نعم","نعم","نعم","ربما","ربما",,"لا",,"Bachelor's","11","نعم","2026-07-16T00:00:00.000Z"
"d171a72b-677c-4c4f-b32d-78024e149794","Mechanical","مصر","القاهرة","3","Consultant","Office","EGP","36000","لا","لا","نعم","نعم","نعم",,"لا",,"Bachelor's","8","نعم","2026-07-16T00:00:00.000Z"
"d1534ef7-6fea-4442-af12-6b470e70afbd","Mechanical","مصر","القاهرة","1","Consultant","Office","EGP","15000","لا","لا","لا","لا","نعم","0","لا","مفيش","Diploma","9","نعم","2026-07-16T00:00:00.000Z"
"d10287bd-c6cd-4436-9fb0-0f01c42c1f4c","Mechanical","مصر","القاهرة","4","Main Contractor","Office","EGP","18000","نعم","نعم","لا","لا","نعم","اطلب راتب حسب خبرتك","لا","بدل مواصلات والإجازات الرسمية والتأمين الاجتماعى ومنح المناسبات والاعياد","Bachelor's","8","لا  الجمعة فقط","2026-07-16T00:00:00.000Z"
"d0c3a289-ab4f-4ff8-83ab-b08ab3e0a1c2","Mechanical","مصر","القاهرة","1","Consultant","Office","EGP","13000","لا","لا","لا","لا","نعم","اول حياتك ماتقبلش براتب وحش لانك طول مانت ف الشركه دي هيفضل قليل مهما عملتلهم وعملت كل الي تقدر عليه من شغل","نعم","يوجد اوفر تايم الساعه تساوي ساعه ونص","Bachelor's","8","نعم","2026-07-16T00:00:00.000Z"
"d0b394d6-8a41-49c7-ba05-8eeefb1bfeb7","Mechanical","مصر","القاهرة","3","Main Contractor","Office","EGP","29000","لا","نعم","نعم","ربما","نعم","استموت ومتحسسهمش انك محتاجهم","لا","بونص مرتين في السنه كل مره شهر ونص","Bachelor's","10","نعم","2026-07-16T00:00:00.000Z"
"d06eb1ea-de85-44c2-a78c-a19af052ff50","Structural","مصر","القاهرة","1","Main Contractor","Site","EGP","13000","لا","لا","لا","لا","ربما",".","لا",".","Bachelor's","8","لا  الجمعة فقط","2026-07-16T00:00:00.000Z"
"d040509e-18c6-4f76-a0a4-fb40bff43e8e","Mechanical","السعودية","جدة","4","Sub-Contractor","Site","SAR","4500","نعم","نعم","لا","لا","نعم",,"لا",,"Bachelor's","8","لا  الجمعة فقط","2026-07-16T00:00:00.000Z"
"ceeec804-c7df-4521-b025-fbb23922b2c9","Mechanical","مصر","القاهرة","2","Sub-Contractor","Hybrid","EGP","16000","نعم","نعم","نعم","ربما","نعم",,"نعم",,"Bachelor's","7","نعم","2026-07-16T00:00:00.000Z"
"cee8951d-103e-4018-ae11-1e753cb5c34f","Mechanical","مصر","القاهرة","1","Main Contractor","Site","EGP","15000","نعم","نعم","نعم","ربما","نعم",,"نعم",,"Bachelor's","8","نعم","2026-07-16T00:00:00.000Z"
"cee3cc8b-8019-483d-8899-38d8f1e12529","Mechanical","السعودية","جدة","13","Main Contractor","Site","SAR","14500","لا","نعم","لا","لا","نعم",,"نعم",,"Master's","8","لا  الجمعة فقط","2026-07-16T00:00:00.000Z"
"ced7a734-66c3-40e5-9ab5-36d54fbf5eb7","Structural","مصر","القاهرة","5","Consultant","Site","EGP","17000","نعم","نعم","لا","لا","نعم",,"نعم","وجبه فطار","Bachelor's","8","نعم","2026-07-16T00:00:00.000Z"
"ced03e5e-ba73-4573-be6e-d3563081124e","Mechanical","مصر","القاهرة","1","Sub-Contractor","Hybrid","EGP","5000","لا","لا","لا","لا","لا",,"لا",,"Bachelor's","8","لا  الجمعة فقط","2026-07-16T00:00:00.000Z"
"cebfa239-d7cf-48fc-9f5a-c2ab836d2c15","Mechanical","مصر","القاهرة","1","Main Contractor","Site","EGP","11000","نعم","لا","نعم","لا","نعم","لازم يتكلم بجراءة ويعرف رينج مرتبه كام من الشركات المحذورة ويتكلم بناءً عليه","نعم",,"Bachelor's","9","لا  الجمعة فقط","2026-07-16T00:00:00.000Z"
"ceb9e96a-f52a-43e8-9df2-1e6739a57b6d","Mechanical","مصر","القاهرة","1","Main Contractor","Office","EGP","20000","لا","لا","لا","نعم","ربما","في اول شغلانة الراتب ممكن يكون قليل عادي ، بعد كده يطلب براحته وهيلاقي اللي يدفع بتوفيق الله","لا",,"Bachelor's","8.3","نعم","2026-07-16T00:00:00.000Z"
"ce5657ad-c771-4248-b654-3f33a900a82e","كيمياء","مصر","بورسعيد","1","Petrochemical","Site","EGP","4500","نعم","لا","لا","لا","ربما","يعني ايه تفاوض اصلا مع سنمار😂😂","لا","ولا حاجه عبيد","Bachelor's","8","نعم","2026-07-16T00:00:00.000Z"
"ce1fb25e-95db-4bfe-932a-71fc71dda70a","Mechanical","مصر","القاهرة","7","Main Contractor","Site","EGP","30000","نعم","نعم","لا","لا","نعم","قدر نفسك كويس وأسأل زمايلك عن رنج المرتبات قبل ما توافق أو ترفض","نعم",,"Bachelor's","8","نعم","2026-07-16T00:00:00.000Z"
"cdf3a11a-eb8c-4b42-99b3-b99c4a8b30c8","Mechanical","مصر","القاهرة","5","Manufacturer","Hybrid","EGP","22000","لا","نعم","لا","لا","نعم",,"لا",,"Bachelor's","8","نعم","2026-07-16T00:00:00.000Z"
"cdf0d0d9-7319-4fcc-9596-c0d46b9051ab","Mechanical","مصر","القاهرة","6","Manufacturer","Office","EGP","33000","لا","نعم","نعم","لا","لا",,"لا",,"Bachelor's","9","نعم","2026-07-16T00:00:00.000Z"
"cdc6272c-1f93-46f8-bdc2-c05597a32965","Mechanical","مصر","القاهرة","2","Consultant","Office","EGP","20000","نعم","لا","لا","لا","نعم","تعرف واجباتك هل هيكون الراتب مجزي للي انت هتعمله أو لا","نعم","اover times","Bachelor's",,"نعم","2026-07-16T00:00:00.000Z"
"cda7ef7d-0413-4686-bb19-8a96e82551ef","Structural","مصر","القاهرة","10","Sub-Contractor","Office","EGP","40000","نعم","لا","لا","ربما","ربما","لا تخسر نفسك","لا",,"Bachelor's","8","نعم","2026-07-16T00:00:00.000Z"
"cd9456ad-916e-46e3-9601-28cb1df29a72","Mechanical","السعودية","الرياض","9","Main Contractor","Site","SAR","15000","لا","لا","لا","ربما","نعم",,"لا",,"Bachelor's","10","لا  الجمعة فقط","2026-07-16T00:00:00.000Z"
"cd8eeed0-d59e-4e6f-9a41-8b0b4e3fb46e","Structural","مصر","القاهرة","1","Sub-Contractor","Site","EGP","16000","نعم","لا","نعم","لا","ربما","مترخصوناش","لا","تأمين اجتماعي","Bachelor's","8","لا  الجمعة فقط","2026-07-16T00:00:00.000Z"
"cd66acea-402b-41d6-802c-b349f305de7e","Mechanical","مصر","القاهرة","1","Consultant","Office","EGP","12000","لا","لا","نعم","ربما","ربما","يت","لا","العادي","Bachelor's","8","نعم","2026-07-16T00:00:00.000Z"
"cd4e3ece-3596-424f-8dc6-b77c305eee06","Mechanical","السعودية","متنقل حسب المشروع","5","Sub-Contractor","Site","SAR","5000","نعم","نعم","لا","لا","ربما","نعزز من نفسنا وربنا يرزق الجميع","لا",,"Bachelor's","9","لا  الجمعة فقط","2026-07-16T00:00:00.000Z"
"cd46054a-06e0-48e6-946c-e44f6dfeffb6","لاندسكيب","مصر","القاهرة","3","Sub-Contractor","Site","EGP","15000","لا","لا","لا","ربما","لا",,"لا","ولا اي حاجه","Bachelor's","7","لا  الجمعة فقط","2026-07-16T00:00:00.000Z"
"cd382629-a9c5-4782-9d1d-6f323977e078","Mechanical","مصر","القاهرة","1","Industrial","Site","EGP","12000","لا","نعم","نعم","لا","ربما",,"لا",,"Bachelor's","9","نعم","2026-07-16T00:00:00.000Z"
"cd2dbed5-9f32-49e1-96cd-21711156e97f","Mechanical","السعودية","جده","6","Sub-Contractor","Site","SAR","8000","لا","لا","لا","لا","لا","ماترخصش نفسك وتقبل بالاقل 
ولازم تكون شغال رسمي بعقد موثق ومكتوب فيه مل شئ انت اتفقت عليه","لا",,"Bachelor's","9","لا  الجمعة فقط","2026-07-16T00:00:00.000Z"
"cd1eaf79-eb9e-403b-9988-6b6cfa95c499","Mechanical","الامارات","ابو ظبي","6","Main Contractor","Site","SAR","6000","لا","لا","لا","لا","لا",,"نعم",,"Bachelor's","10","لا  الجمعة فقط","2026-07-16T00:00:00.000Z"
"cd114c6e-c704-4f5d-b453-b782f0c7456d","Electrical","السعودية","الرياض","4","Main Contractor","Site","SAR","6000","لا","نعم","لا","لا","نعم",,"لا","لا يوجد","Bachelor's","9","لا  الجمعة فقط","2026-07-16T00:00:00.000Z"
"cd0d07ce-1f49-4296-b95d-1d763a21ed51","Mechanical","مصر","الاسكندرية","3","Sub-Contractor","Site","EGP","15200","لا","لا","لا","لا","لا",,"نعم",,"Bachelor's","8","لا  الجمعة فقط","2026-07-16T00:00:00.000Z"
"ccd11fb4-d4f2-4cc3-8711-69bfef47df2a","Mechanical","مصر","البحيرة","2","Main Contractor","Site","EGP","20000","نعم","لا","نعم","لا","نعم","ثق في نفسك","نعم",,"Bachelor's","8","لا  الجمعة فقط","2026-07-16T00:00:00.000Z"
"ccc45269-6604-4906-a8d4-942c1b3c80b0","Structural","مصر","القاهرة","1","Sub-Contractor","Site","EGP","15000","لا","لا","لا","ربما","لا",,"لا",,"Bachelor's","9","لا  الجمعة فقط","2026-07-16T00:00:00.000Z"
"ccc092f9-7513-45d0-9fe2-044d315905f0","Mechanical","مصر","القاهرة","1","Manufacturer","Site","EGP","9000","نعم","نعم","نعم","لا","ربما",,"لا",,"Bachelor's","8","لا  الجمعة فقط","2026-07-16T00:00:00.000Z"
"cc959323-0846-42b2-bfa7-c24c543f53ea","Mechanical","مصر","القاهرة","7","Supervision Consultant","Hybrid","EGP","30000","نعم","لا","لا","لا","لا",,"نعم",,"Diploma","7","لا  الجمعة فقط","2026-07-16T00:00:00.000Z"
"cc8e1948-5092-4336-bcbe-b32d0dd2fe6a","Mechanical","مصر","القاهرة","1","Consultant","Office","EGP","12000","لا","لا","لا","لا","نعم",,"لا","البلح","Bachelor's","8","نعم","2026-07-16T00:00:00.000Z"
"cc8d20fa-28d0-426d-97a9-bf4e358b51f1","Mechanical","مصر","القاهرة","1","Main Contractor","Hybrid","EGP","13000","نعم","لا","لا","ربما","لا",,"لا",,"Bachelor's","8","نعم","2026-07-16T00:00:00.000Z"
"cc5c52e0-146b-4783-8dc9-ec51fe1f6c87","Mechanical","السعودية","Jeddah","3","Sub-Contractor","Hybrid","SAR","9000","لا","لا","نعم","نعم","نعم","ادع الله بقلب سليم ولا تخطو خطوه بدون استخارة وهتلاقي اللي بتتمناه ف ايدك","لا","عقد متزوج - تامين طبي للمهندس والزوجة وطفلين وتذاكر طيران","Bachelor's","8","نعم","2026-07-16T00:00:00.000Z"
"cc173c7e-a2e8-44cc-bc38-da9eae074494","Mechanical","مصر","القاهرة","3","Consultant","Office","EGP","16000","لا","لا","لا","ربما","ربما","تم","لا","لا يوجد","Bachelor's","9","نعم","2026-07-16T00:00:00.000Z"
"cc1528e0-0534-4c5a-80cc-8778d20deeac","Mechanical","مصر","العاشر من رمضان","3","Sub-Contractor","Site","EGP","30000","نعم","نعم","نعم","نعم","نعم",,"لا",,"Bachelor's","8","لا  الجمعة فقط","2026-07-16T00:00:00.000Z"
"cbeca195-6f1e-4831-917b-0c772d1fa63a","Mechanical","السعودية","الرياض","8","Main Contractor","Site","SAR","9000","لا","لا","نعم","ربما","نعم","بدل مواصلات لا يقل عن 1500 ريال او  سياره من الشركه  افضل","لا","تامين صحي","Bachelor's","8","نعم","2026-07-16T00:00:00.000Z"
"cb9403c6-0399-4f27-917b-b0b7a321fca5","Electrical","مصر","القاهرة","5","Consultant","Site","EGP","12500","نعم","نعم","لا","لا","لا",,"نعم",,"Bachelor's","8","نعم","2026-07-16T00:00:00.000Z"
"cb78fed4-6826-48ab-bea5-2aa9ac1a115c","Mechanical","مصر","القاهرة","4","Main Contractor","Site","EGP","25200","نعم","نعم","نعم","ربما","نعم",,"لا","بونص شهري ف حاله تحقيق التارجيت","Bachelor's","10","لا  الجمعة فقط","2026-07-16T00:00:00.000Z"
"cb726e91-9b72-4ade-9457-3f80c79cfb01","Mechanical","مصر","الساحل الشمالي","3","Main Contractor","Site","EGP","38000","نعم","نعم","لا","نعم","نعم",,"نعم",,"Bachelor's","9","لا  الجمعة فقط","2026-07-16T00:00:00.000Z"
"cb691fed-3f33-4151-90ab-448f434b0f07","شبكات","السعودية","الرياض","4","System integrator","Hybrid","SAR","7000","نعم","لا","لا","لا","نعم",,"نعم",,"Bachelor's","9","نعم","2026-07-16T00:00:00.000Z"
"cafd0c9c-7194-48f2-b183-edd2186c9262","BIM","مصر","القاهرة","5","Consultant","Office","EGP","18000","لا","لا","لا","لا","نعم","انا عامل شيفت كارير كنت شغال تصميم في مصانع ولسه داخل المجال بقالي شهرين اللي اعرفه ان الفريش يطلب اقل حاجه 20000","لا","يوجد اضافي واليوم الإضافي اليوم بيومين","Bachelor's","8","نعم","2026-07-16T00:00:00.000Z"
"caf1371e-4d45-4d10-9e8a-308316e82e5b","Mechanical","مصر","القاهرة","1","Main Contractor","Office","EGP","21500","لا","لا","نعم","نعم","نعم",,"لا","في إذن سفر كل يوم خميس الساعة ٢ونص غير ال ٤ ساعات الأوذنات العادية","Bachelor's","8","نعم","2026-07-16T00:00:00.000Z"
"cae705ff-629e-4c3b-bc06-caade66772eb","Mechanical","مصر","القاهرة","1","Industrial","Site","EGP","16000","لا","نعم","لا","ربما","لا",,"لا",,"Bachelor's","9","نعم","2026-07-16T00:00:00.000Z"
"cac7dfaa-080a-4867-983a-8c396201c686","Electrical","السعودية","ابها","18","Main Contractor","Office","SAR","6000","لا","نعم","لا","لا","نعم","التدقيق فى تفاصيل العقد والبدلات","لا",,"Diploma","8","لا  الجمعة فقط","2026-07-16T00:00:00.000Z"
"ca8fa972-d865-47ce-887a-2ce64b9e62a0","Mechanical","مصر","القاهرة","3","Main Contractor","Site","EGP","20000","نعم","نعم","نعم","لا","نعم",,"لا",,"Bachelor's","9","لا  الجمعة فقط","2026-07-16T00:00:00.000Z"
"ca60ea65-3765-4da6-8554-773acd6c2b16","Electrical","السعودية","جدة","2","Sub-Contractor","Site","SAR","9000","لا","نعم","نعم","نعم","نعم","لا تقبل الا بالكثير ف الغربه صعبه","لا","بدالات قد تصل من ٢٠٠٠ ل ٥٠٠٠ ريال شهريا","Bachelor's","8","لا  الجمعة فقط","2026-07-16T00:00:00.000Z"
"ca30d38d-ee98-40e0-b7bb-8ad205ed8940","Structural","السعودية","الرياض","2","Main Contractor","Office","SAR","5500","لا","لا","لا","ربما","نعم",,"لا",,"Bachelor's","9","لا  الجمعة فقط","2026-07-16T00:00:00.000Z"
"c9f70ca6-c501-4e39-acf9-2dae9c46baeb","Electrical","السعودية","الجوف","13","Government","Hybrid","SAR","15000","لا","لا","لا","ربما","نعم",,"لا",,"Bachelor's","8","نعم","2026-07-16T00:00:00.000Z"
"c9e28866-4c2a-4b1b-98d2-07f5dd183899","Mechanical","مصر","القاهرة","9","Supervision Consultant","Office","EGP","50000","نعم","نعم","لا","ربما","نعم",,"نعم",,"Bachelor's","8","نعم","2026-07-16T00:00:00.000Z"
"c9e11313-84cc-4796-9e63-7e964f6f758f","Structural","مصر","القاهرة","9","Supervision Consultant","Site","EGP","21000","لا","لا","لا","لا","لا",,"لا","لا يوجد","Bachelor's","8","لا  الجمعة فقط","2026-07-16T00:00:00.000Z"
"c9df52d7-b950-434b-98ee-a224e559266a","Mechanical","مصر","السادات","1","MEP Design - back office","Office","EGP","12000","لا","لا","لا","لا","نعم",,"لا",,"Bachelor's","9","نعم","2026-07-16T00:00:00.000Z"
"c9b678da-e52b-498a-bf4a-47c20cdb1dba","Structural","مصر","القاهرة","0","Main Contractor","Site","EGP","90000","لا","نعم","نعم","لا","نعم",,"لا","تأمين صحى و اجتماعي","Bachelor's","9","لا  الجمعة فقط","2026-07-16T00:00:00.000Z"
"c94ee1e1-c984-4dd2-a9dd-0979f91ddb3d","BIM","مصر","القاهرة","2","Consultant","Office","EGP","29000","لا","لا","لا","ربما","ربما","اذا كنت تعطي المكان حقه كاملا فلا تتنازل عن اي جزء من حقك","لا",,"Bachelor's","8","نعم","2026-07-16T00:00:00.000Z"
"c91d6329-5a76-4f40-8ed7-9442f44840dc","Mechanical","مصر","القاهرة","3","Consultant","Office","EGP","22000","لا","لا","نعم","ربما","نعم",,"لا",,"Bachelor's","8","نعم","2026-07-16T00:00:00.000Z"
"c8e1df9d-73b8-4c00-a410-a16ba75d6158","Mechanical","السعودية","جدة","10","Consultant","Hybrid","SAR","14000","لا","لا","لا","لا","نعم",,"نعم","لا يوجد","Bachelor's","9","نعم","2026-07-16T00:00:00.000Z"
"c8d589b2-ef4c-47b0-aaae-ac7412e821ea","Mechanical","السعودية","الرياض","4","Sub-Contractor","Office","SAR","5000","نعم","نعم","لا","لا","نعم",,"لا",,"Bachelor's","8","لا  الجمعة فقط","2026-07-16T00:00:00.000Z"
"c8c458d5-c184-4608-9c42-4e9931274fdd","Electrical","مصر","القاهرة","18","Government","Site","EGP","17000","لا","نعم","نعم","لا","لا","قيم نفسك صح ولا توافق على اى مبلغ لانك بتظلم الكل معاك","نعم","لا يوجد غير تامين صحي روتيني","Bachelor's","8","لا  الجمعة فقط","2026-07-16T00:00:00.000Z"
"c8b5c145-be01-41b1-ab3a-05fc8a4055dc","Structural","مصر","القاهرة","3","Main Contractor","Office","EGP","24000","نعم","نعم","نعم","نعم","ربما",,"لا",,"Bachelor's","9","نعم","2026-07-16T00:00:00.000Z"
"c89ac447-6761-49fd-9c10-2e9424a6cdac","Structural","مصر","القاهرة","4","Sub-Contractor","Office","EGP","19000","لا","لا","نعم","لا","نعم","اطلب ما يكفيك للعيش بمستوي طموحك وواقعيه لاتبخث حقك ولا تبالغ","لا","ممكن البونص متوسط ٤٠٠٠ في الشهر","Bachelor's","8","نعم","2026-07-16T00:00:00.000Z"
"c88987e1-c9e7-420c-8d5a-d56acb932245","BIM","مصر","القاهرة","8","Main Contractor","Office","USD","1300","لا","لا","لا","نعم","نعم",,"لا",,"Bachelor's","10","نعم","2026-07-16T00:00:00.000Z"
"c859d1e1-b902-4ae8-9a9b-cf366665c0fc","Mechanical","مصر","القاهرة","1","Consultant","Site","EGP","16000","لا","نعم","لا","نعم","نعم",,"لا","توفير مواصلات الي اقرب مكان وايضا تامين اجتماعي وصحي","Bachelor's","8","لا  الجمعة فقط","2026-07-16T00:00:00.000Z"
"c83ad6df-7b7c-4a30-83c8-dabc1bd06010","Mechanical","السعودية","الرياض","6","Sub-Contractor","Site","SAR","5000","نعم","لا","لا","لا","لا",,"نعم",,"Bachelor's","9","لا  الجمعة فقط","2026-07-16T00:00:00.000Z"
"c7fe3186-c46f-4332-be6f-2193a227b416","Mechanical","ليبيا","بنغازي","4","Main Contractor","Site","USD","2000","نعم","نعم","لا","نعم","نعم",,"لا",,"Bachelor's","11","لا  الجمعة فقط","2026-07-16T00:00:00.000Z"
"c7830dfd-96f4-4e38-9434-c3417a7438e2","Structural","مصر","القاهرة","3","Main Contractor","Office","EGP","20000","نعم","نعم","لا","ربما","نعم","لا تذكر راتبك الحالي.. فقط اطلب ما تريده منهم","لا",,"Bachelor's","9","نعم","2026-07-16T00:00:00.000Z"
"c7034271-5857-40a6-bb26-e037dc4cf84d","Mechanical","السعودية","ينبع","2","Consultant","Site","SAR","4500","نعم","نعم","نعم","نعم","نعم",,"لا",,"Bachelor's","8","لا  الجمعة فقط","2026-07-16T00:00:00.000Z"
"c702e1b4-c806-43c2-9b4e-4dc27184ddc7","Structural","مصر","القاهرة","4","Facility Management","Site","EGP","15000","لا","لا","لا","لا","لا","متقبلش اقل من المطلوب","لا","لا يوجد","Bachelor's","24","لا  الجمعة فقط","2026-07-16T00:00:00.000Z"
"c6f33ce2-1a73-4dd0-8bde-1406bf30e94a","Mechanical","مصر","القاهرة","3","Sub-Contractor","Site","EGP","12000","نعم","نعم","نعم","ربما","نعم",,"لا","حوافز بدلات مكافات","Bachelor's","8","لا  الجمعة فقط","2026-07-16T00:00:00.000Z"
"c6a35ceb-1e33-440c-b7bf-982c8da21a98","Electrical","مصر","القاهرة","7","Industrial","Site","EGP","16000","لا","لا","لا","لا","نعم","حدد سعر لنفسك حتى لو مش هتتقبل","نعم",,"Bachelor's","8","لا  الجمعة فقط","2026-07-16T00:00:00.000Z"
"c6883c9f-9077-4347-9302-e95d6c384bd3","Mechanical","مصر","القاهرة","2","Industrial","Site","EGP","17000","نعم","لا","لا","نعم","نعم",,"نعم",,"Bachelor's","11","لا  الجمعة فقط","2026-07-16T00:00:00.000Z"
"c674a68f-d9b5-47c5-8fa9-3bee043aa36d","Mechanical","مصر","القاهرة","1","Main Contractor","Site","EGP","15000","لا","لا","لا","نعم","نعم","شغلك من حياتك وطريقتك وانت الوحيد ادرى بظروفك 
ممكن انت خبرتك مش أحسن حاجة بس عندك استعداد تتعلم ووبتتعلم بسرة كمهندس ود اللي بيميزك 
ومرتب حديث تخرج كل الشركات بتكون حاطة نسبة قبل منت تقول على مرتبك","لا","تأمين","Bachelor's","8","لا  الجمعة فقط","2026-07-16T00:00:00.000Z"
"c664992c-e94b-442c-be60-67964bfa00e7","Mechanical","السعودية","الرياض","2","Sub-Contractor","Office","SAR","6750","نعم","نعم","نعم","نعم","نعم","التفاوض يكون بناءا على الخبرة وليست الجنسية لان الجنسية في الخليج تلعب دور في تحديد الراتب ويرجى عدم التقليل من النفس مهما كان المبلغ المتفق عليه بسبب فرق تحويل العملة من الريال للجنيه او غيره علما انا اردني وفي سوق الخليج الاردني يندفع له اكثر بسبب الوضع الاقتصادي وقوة الشرائية للعملية وهذا غير عادل ابدا","لا",,"Bachelor's","9","لا  الجمعة فقط","2026-07-16T00:00:00.000Z"
"c64adc2b-ce54-4a81-98cc-069080f14cf5","Mechanical","مصر","القاهرة","10","Sub-Contractor","Site","EGP","55000","نعم","نعم","نعم","نعم","نعم",,"نعم",,"Bachelor's","10","لا  الجمعة فقط","2026-07-16T00:00:00.000Z"
"c5ffcf12-46d5-460d-a40c-e519bcfed241","Structural","مصر","القاهرة","5","Main Contractor","Office","USD","800","لا","لا","لا","نعم","نعم",,"لا",,"Bachelor's","8","نعم","2026-07-16T00:00:00.000Z"
"c5f66521-8ddc-4c3e-9c3b-13545ccd2c55","Architecture","مصر","القاهرة","3","Facility Management","Hybrid","EGP","14000","نعم","نعم","نعم","ربما","لا","كده كده هيلاقوا حد مش شغال يوافق براتب اقل","نعم","شغل مريح","Bachelor's","8","نعم","2026-07-16T00:00:00.000Z"
"c5eea52e-6e7a-4edd-82cb-57d55b709928","Electrical","السعودية","الرياض","16","Developer","Hybrid","SAR","15000","لا","لا","نعم","ربما","نعم",,"لا",,"Bachelor's","8","لا  الجمعة فقط","2026-07-16T00:00:00.000Z"
"c5982851-667a-4579-99e0-e66143be0515","Electrical","مصر","القاهرة","5","Main Contractor","Site","EGP","22000","نعم","نعم","نعم","لا","نعم",,"لا","المعامله","Bachelor's","8","لا  الجمعة فقط","2026-07-16T00:00:00.000Z"
"c5953289-6851-4a5c-a9c1-da0e3eeca7f9","Mechanical","مصر","القاهرة","1","Consultant","Office","EGP","14000","لا","لا","لا","ربما","ربما",,"لا",,"Bachelor's","8","نعم","2026-07-16T00:00:00.000Z"
"c5832b7f-1882-4588-8faf-b1a683a02d97","Architecture","مصر","القاهرة","3","Main Contractor","Office","EGP","15000","لا","لا","لا","لا","لا",,"لا",,"Bachelor's","9","لا  الجمعة فقط","2026-07-16T00:00:00.000Z"
"c57ccc5b-3fdf-4657-82f3-f4efd311370c","Mechanical","السعودية","الاحساء","13","Consultant","Office","SAR","13000","لا","لا","لا","ربما","نعم","لا تظهر لمن أمامك الاحتياج و خليك متمكن في تخصصك و لا تقدم على وظيفة ليس لك بها خبرة","لا","بدل سفر","Bachelor's","8","نعم","2026-07-16T00:00:00.000Z"
"c555839a-d0c6-44fe-bba8-4b69880f289e","Electrical","مصر","القاهرة","2","Industrial","Site","EGP","13000","نعم","لا","لا","لا","نعم",,"لا","لا يوجد","Bachelor's","8","لا  الجمعة فقط","2026-07-16T00:00:00.000Z"
"c5472373-d9c7-42de-ac39-d37dff32d6ef","Mechanical","مصر","القاهرة","1","Sub-Contractor","Hybrid","EGP","120000","لا","نعم","نعم","لا","ربما","مش عارف اذا كنت انا معرفتش اتفاوض لبا 😅","لا","مسكت مشاريع كبيرة اخر فترة","Bachelor's","9","نعم","2026-07-16T00:00:00.000Z"
"c5137827-37e3-4080-93b7-9c1d8d7ccc81","Structural","مصر","القاهرة","8","Sub-Contractor","Site","EGP","20000","نعم","نعم","لا","لا","لا",,"لا",,"Bachelor's","9","نعم","2026-07-16T00:00:00.000Z"
"c4ccf538-5504-4293-85f3-f8fbef91cc28","Mechanical","مصر","القاهرة","4","Main Contractor","Office","EGP","35000","لا","لا","نعم","نعم","نعم",,"لا",,"Bachelor's","8","نعم","2026-07-16T00:00:00.000Z"
"c4be7c77-33cb-4dee-b749-f0fd6c09f96b","Electrical","مصر","سوهاج","1","Industrial","Office","EGP","10000","لا","لا","لا","لا","لا",,"لا",,"Bachelor's","12","لا  الجمعة فقط","2026-07-16T00:00:00.000Z"
"c48ebdc4-b831-4ca9-b0cd-b637d050b1cf","Mechanical","مصر","القاهرة","2","Main Contractor","Office","EGP","18000","لا","لا","لا","لا","ربما",,"لا",,"Bachelor's","7","نعم","2026-07-16T00:00:00.000Z"
"c4440f61-3d84-4c58-aef7-843ad6aa07c5","Structural","مصر","القاهرة","13","Main Contractor","Office","EGP","45000","نعم","لا","لا","لا","لا","ثق بنفسك","نعم",,"Bachelor's","9","لا  الجمعة فقط","2026-07-16T00:00:00.000Z"
"c439f4d9-4d64-467d-92c6-257c07560cb5","Civil","مصر","القاهرة","4","Main Contractor","Site","EGP","20000","نعم","لا","نعم","لا","لا",,"لا",,"Bachelor's","9","نعم","2026-07-16T00:00:00.000Z"
"c41bd4d2-9b45-4b0d-9a47-b2dfe3422f8c","Structural","مصر","القاهرة","7","Main Contractor","Office","EGP","30000","لا","لا","لا","لا","نعم",,"نعم",,"Bachelor's","8","نعم","2026-07-16T00:00:00.000Z"
"c3ffaec4-c21a-4557-a767-58109423b8c4","Mechanical","السعودية","الجبيل","5","Main Contractor","Hybrid","SAR","4000","نعم","نعم","لا","لا","ربما","لازم تتفاوض وانت واثق ومتستعجلش وتوكل على الله اولا وقبل كل شي","لا",,"Bachelor's","10","لا  الجمعة فقط","2026-07-16T00:00:00.000Z"
"c3d704f6-b9dd-4c60-942f-971c58a08138","Mechanical","مصر","القاهرة","5","Industrial","Hybrid","EGP","28000","نعم","نعم","نعم","لا","لا",,"نعم","اجازات رسمية ، خط موبيل، موبيل ب 700 دولار ، بونص كل 3 شهور ، ارباح سنوية","Bachelor's","8","نعم","2026-07-16T00:00:00.000Z"
"c3c50e73-c8dc-4237-87e4-a89ee6595a0e","Electrical","مصر","السويس","1","Industrial","Site","EGP","10000","نعم","نعم","لا","ربما","لا",".","نعم","لا يوجد","Bachelor's","8","لا  الجمعة فقط","2026-07-16T00:00:00.000Z"
"c3b83c4e-3a24-440b-9e1e-af4f92e7481b","Mechanical","السعودية","الرياض","6","Main Contractor","Office","SAR","15000","لا","لا","لا","نعم","نعم","ذاكر كويس عشان تقدر تتفاوض علي المرتب بمزاجك","نعم","تامين صحي للعائلة","Bachelor's","11","لا  الجمعة فقط","2026-07-16T00:00:00.000Z"
"c334faa1-7687-4f48-9b9a-b72b8e139dae","Mechanical","مصر","السويس","3","Oil & Gas","Site","EGP","17250","نعم","نعم","نعم","لا","نعم","متطلبش أقل من حقك","نعم","1- كل 3 شهور بنزل راتب اضافي * يوجد أرباح ثانويه","Bachelor's","10","نعم","2026-07-16T00:00:00.000Z"
"c316bc94-e432-49ec-967f-8710d42f161b","Mechanical","مصر","القاهرة","12","Government","Site","EGP","9000","لا","نعم","نعم","لا","لا","لا انصح بالعمل الحكومى","لا","تأمين صحى ارباح","Bachelor's","8","لا  الجمعة فقط","2026-07-16T00:00:00.000Z"
"c2e88848-7531-43f1-9218-749b3953cb18","Mechanical","مصر","القاهرة","3","Main Contractor","Office","EGP","47000","لا","لا","لا","لا","نعم",,"لا","مكافأه شهرين سنويا","Diploma","9","نعم","2026-07-16T00:00:00.000Z"
"c2782bf9-9ad4-4d83-85f0-7f45b332d202","Mechanical","مصر","قنا","8","Industrial","Site","EGP","28000","لا","نعم","نعم","لا","لا","اطلب الراتب اللى يرضيك انت ولا توافق على اول اوفر يعرض عليك و زوده","نعم","4 شهور من الاساسي علما بان الاساسي قليل حوالي  4000","Bachelor's","8","نعم","2026-07-16T00:00:00.000Z"
"c2757409-d3ae-42d3-a15d-8c798d0c9122","Structural","مصر","القاهرة","20","Supervision Consultant","Hybrid","EGP","45000","لا","لا","نعم","لا","نعم",,"لا",,"Bachelor's","8","نعم","2026-07-16T00:00:00.000Z"
"c23c6e21-2a15-4237-8977-9b5efef88d06","Mechanical","مصر","القاهرة","0","Consultant","Hybrid","EGP","100000","نعم","نعم","نعم","لا","لا","يطلب ضعف ما يتوقع مع توفير كافه البدلات مع شرط دفع مرتب سنه كامله غرامه عند الاخلال بمحتوي العقد والاتفاق","نعم","Quarterly bonus","Bachelor's","10","نعم","2026-07-16T00:00:00.000Z"
"c21d6c04-eb84-41fc-9639-9a419d2fbbd0","BIM","مصر","القاهرة","1","Sub-Contractor","Office","EGP","21000","لا","لا","لا","لا","ربما","Make yourself a point that never down and surround yourself with a experience people","نعم","Insurance","Bachelor's","8","نعم","2026-07-16T00:00:00.000Z"
"c2114534-a997-4cd4-8d9d-a2d3bb1db4bc","Mechanical","مصر","القاهرة","1","Sales","Hybrid","EGP","10000","لا","نعم","لا","لا","ربما",,"لا",,"Bachelor's","9","نعم","2026-07-16T00:00:00.000Z"
"c1f9186b-5020-4943-bbfd-1ef5b2c411f3","Mechanical","مصر","القاهرة","11","Sub-Contractor","Site","EGP","10000","لا","لا","لا","لا","لا",,"نعم",,"Diploma","8","لا  الجمعة فقط","2026-07-16T00:00:00.000Z"
"c1c086b3-9fc4-4da9-a088-15f47474dd9c","Mechanical","مصر","القاهرة","5","Facility Management","Site","EGP","55000","لا","لا","لا","نعم","نعم",,"نعم",,"Diploma","10","نعم","2026-07-16T00:00:00.000Z"
"c189149f-6f22-4ac8-b2a3-de20488d4081","Structural","مصر","رأس سدر","5","Developer","Site","EGP","20000","نعم","لا","لا","لا","نعم",,"لا","سكن عائلي لاسرتي","Bachelor's","8","نعم","2026-07-16T00:00:00.000Z"
"c1870080-956a-4abe-9bb0-542acde78b24","Mechanical","مصر","القاهرة","1","Sub-Contractor","Office","EGP","10000","نعم","لا","نعم","لا","لا",,"لا",,"Bachelor's","8","لا  الجمعة فقط","2026-07-16T00:00:00.000Z"
"c152b71e-9fd8-4f1b-9464-ea16e6125174","Mechanical","السعودية","الرياض","4","Supplier","Office","SAR","4500","نعم","نعم","نعم","لا","نعم","شوف المناسب ليك كخبرة و مستقبل ملكش دعوة بالسوق كام","نعم",,"Bachelor's","8","لا  الجمعة فقط","2026-07-16T00:00:00.000Z"
"c13d32b6-0334-428f-8297-5f7cad0051cf","Electrical","مصر","القاهرة","4","System integrator","Office","EGP","40000","لا","نعم","لا","نعم","نعم","متنستناش زيادة في مكانك هات أوفر وزيد بيه أو انقل عليه","لا",,"Bachelor's","8","نعم","2026-07-16T00:00:00.000Z"
"c0f9877f-9cd9-4bd7-b9f1-7d800b38d98b","Mechanical","مصر","القاهرة","1","Consultant","Office","EGP","10000","لا","لا","لا","لا","لا",,"لا",,"Bachelor's","9","نعم","2026-07-16T00:00:00.000Z"
"c081153a-d660-469e-a767-71fce2c48880","Smart home","مصر","القاهرة","2","Main Contractor","Hybrid","EGP","18000","لا","نعم","نعم","ربما","لا",,"نعم",,"Bachelor's","9","نعم","2026-07-16T00:00:00.000Z"
"c060b479-cf74-45c3-9849-61e10712f757","Hvac bim","مصر","القاهرة","8","Consultant","Office","EGP","40000","لا","لا","لا","ربما","ربما",,"نعم",,"Bachelor's","8","نعم","2026-07-16T00:00:00.000Z"
"c04ae195-870b-467a-9bd6-5c98fc22ff0d","Mechanical","مصر","اسكندرية","1","Supplier","Office","EGP","8350","لا","نعم","لا","لا","ربما",,"نعم",,"Bachelor's","8","نعم","2026-07-16T00:00:00.000Z"
"c049c583-b549-4e15-aad9-42bf42e1f79b","Structural","مصر","القاهرة","2","Consultant","Site","EGP","12000","نعم","لا","لا","لا","لا",,"لا","لا يوجد","Bachelor's","8","لا  الجمعة فقط","2026-07-16T00:00:00.000Z"
"c045947b-8445-451f-8ce0-46eebaa025e0","Structural","مصر","القاهرة","2","Developer","Office","EGP","13000","نعم","لا","لا","لا","ربما",,"لا","بتعلم فيها كويس","Bachelor's","8","لا  الجمعة فقط","2026-07-16T00:00:00.000Z"
"c0392b81-46f9-405e-91dd-7d4d21c74627","BIM","مصر","القاهرة","3","Main Contractor","Office","EGP","25000","نعم","نعم","نعم","لا","لا","الو مالكش حد جوه الشركة بلاش تضرب في العالي","نعم","مفيش غير مرتبك و السكن و بالحب كدا تعرف تدخل مواصلات الشركة بس بصورة غير قانونية الا في حالة تبديلها مع السكن و حتي البونص غير منتظم و بيكون من نص شهر لشهر في السنه رغم ان الاتفاق اثناء الاوفر بيقول لك من شهر ل ٣ اشهر","Bachelor's","9","نعم","2026-07-16T00:00:00.000Z"
"c03239cd-223f-444f-bee6-7847045f55d6","Mechanical","السعودية","الرياض","2","Main Contractor","Office","SAR","6000","لا","نعم","نعم","ربما","ربما",,"لا",,"Bachelor's","8","لا  الجمعة فقط","2026-07-16T00:00:00.000Z"
"c0297688-720c-46da-9ff6-400a9142c1fa","Mechanical, BIM","مصر","القاهرة","1","Sub-Contractor","Office","EGP","25200","لا","لا","لا","نعم","نعم","اطلب المرتب المناسب اللي انت شايفه يستاهل تعبك و يقدر مكانتك و علمك","نعم",,"Bachelor's","9","نعم","2026-07-16T00:00:00.000Z"
"c011ded1-06ac-491a-8ed1-76e713508611","Electrical","مصر","اكتوبر","3","Sub-Contractor","Office","EGP","25000","نعم","لا","لا","ربما","نعم",,"لا",,"Bachelor's","8","نعم","2026-07-16T00:00:00.000Z"
"c00ba397-1650-431e-b376-3c7a3e23ee27","Structural","مصر","القاهرة","5","Main Contractor","Site","EGP","20000","نعم","نعم","لا","ربما","لا","لا","لا","لا","Bachelor's","7","لا  الجمعة فقط","2026-07-16T00:00:00.000Z"
"bfa01d29-4344-400f-92be-aee167a9ef0e","BIM","مصر","الاسكندرية","6","Main Contractor","Office","EGP","29000","لا","لا","لا","لا","ربما",,"نعم",".","Bachelor's","9","نعم","2026-07-16T00:00:00.000Z"
"bf975f32-2def-4bf9-a5c3-51fa2aadfa8f","Mechanical","مصر","الغردقة","1","Industrial","Hybrid","EGP","13000","لا","لا","لا","لا","لا","يعرف كل تفاصيل الوظيفة ويتفق ان ده هو بس اللي هيعمله وعلى أساسها يحدد الراتب مناسب أو لا","نعم",,"Bachelor's","11","لا  الجمعة فقط","2026-07-16T00:00:00.000Z"
"bf876143-2580-42f0-97d3-a9b6ae02f3bf","Electrical","مصر","القاهرة","7","Main Contractor","Site","EGP","45000","لا","لا","لا","لا","نعم",,"لا",,"Bachelor's","8","لا  الجمعة فقط","2026-07-16T00:00:00.000Z"
"bf628ae3-00ff-4bf7-835d-13c71b967ae6","Electrical","مصر","وادي النطرون","3","Manufacturer","Hybrid","EGP","11500","لا","نعم","نعم","لا","لا",,"لا",,"Bachelor's","7","لا  الجمعة فقط","2026-07-16T00:00:00.000Z"
"bf53ad58-85fc-40ba-bd65-57504739aa30","مساح","مصر","القاهرة","6","مقاولات","Site","EGP","15000","نعم","نعم","لا","لا","نعم","متقلقش من نفسك وأتفاوض علي الي مناسب لخبرتك","لا","سكن ومواصلات فقط","Bachelor's","9","لا  الجمعة فقط","2026-07-16T00:00:00.000Z"
"bf32d1ea-27b7-4c2b-a421-6c46371a411e","Electrical","مصر","القاهرة","2","Sub-Contractor","Site","EGP","16000","نعم","لا","لا","لا","ربما",,"نعم",,"Bachelor's","8","لا  الجمعة فقط","2026-07-16T00:00:00.000Z"
"bef45ebe-6546-47a7-a241-748c7cddd95f","Electrical","مصر","الاسماعيليه","2","Facility Management","Office","EGP","13000","نعم","لا","لا","ربما","ربما",,"نعم",,"Bachelor's","8","لا  الجمعة فقط","2026-07-16T00:00:00.000Z"
"beb1b566-e6cb-4cde-85b1-9d1e32148bc5","Mechanical","السعودية","جدة","9","Sub-Contractor","Office","SAR","13000","لا","لا","لا","لا","لا","قوي قلبك الشركات تستغل الضعيف و خلي كل بند مذكور في عقدك و scope of work واضح","نعم",,"Bachelor's","8","لا  الجمعة فقط","2026-07-16T00:00:00.000Z"
"be9e567a-9ec2-43ea-94a1-feded4974214","Mechanical","مصر","القاهرة","5","Main Contractor","Site","EGP","29000","نعم","لا","لا","لا","ربما",,"لا","لا يوجد","Bachelor's","9","لا  الجمعة فقط","2026-07-16T00:00:00.000Z"
"be6ebbd9-5c44-4e28-8fba-3b11c4eb4aaf","Mechanical","مصر","القاهرة","3","Main Contractor","Site","EGP","25000","لا","نعم","نعم","نعم","ربما",,"لا",,"Bachelor's","8","لا  الجمعة فقط","2026-07-16T00:00:00.000Z"
"be59807d-09f1-4f33-8310-b1ba885e712e","Mechanical","مصر","القاهرة","15","Consultant","Site","EGP","37000","نعم","نعم","نعم","ربما","ربما",,"لا",,"Bachelor's","8","نعم","2026-07-16T00:00:00.000Z"
"be403403-814a-4ea8-8f69-dd2c1b50f5ec","Mechanical","مصر","القاهرة","3","Main Contractor","Site","EGP","28200","نعم","نعم","نعم","نعم","نعم","ذاكر كويس _ خليك واثق من نفسك _ اطلب متوسط السالري قبل ما تتحرك من مكانك و تروح","نعم",,"Bachelor's","9","نعم","2026-07-16T00:00:00.000Z"
"be2b4b08-a4d7-4a81-9c6d-b398e649125a","Mechanical","مصر","Sant Catherine","2","Main Contractor","Site","EGP","20000","نعم","نعم","نعم","نعم","ربما","اطلب رقم زي الموجود في القايمه واتمسك بيه ولو هيقل حاجه بسيطه في مقابل استفاده في المكان الجديد وافق وتوكل علي الله","لا",,"Bachelor's","9","لا  الجمعة فقط","2026-07-16T00:00:00.000Z"
"be14b761-488b-4c0f-9edf-a88aceacdce4","Mechanical","مصر","القاهرة","3","Training & technical support","Office","EGP","45000","لا","نعم","نعم","نعم","ربما","استعن بالله  واطلب اللي شايفه مناسب ليك بغض النظر عن اي حاجة","لا",,"Bachelor's","8.5","نعم","2026-07-16T00:00:00.000Z"
"be10bd1f-cf43-4634-8e21-198d2e1e1047","BIM","الامارات","ابو ظبي","10","Government","Hybrid","SAR","35000","نعم","لا","نعم","نعم","نعم","ask high that you know you are desreving that don't panic","نعم",,"Bachelor's","8","نعم","2026-07-16T00:00:00.000Z"
"bdbf29b3-d534-493e-b6c2-eedcfba3faf7","Mechanical","السعودية","القصيم","3","Main Contractor","Office","SAR","4500","نعم","نعم","نعم","ربما","نعم",,"لا",,"Bachelor's","8","لا  الجمعة فقط","2026-07-16T00:00:00.000Z"
"bd75c00e-c613-4677-8336-da4bb29c24dc","Mechanical","السعودية","الرياض","11","Consultant","Hybrid","SAR","14000","لا","لا","لا","ربما","لا","اطلب اللى يرضيك بقلب جامد","نعم",,"Bachelor's","9","لا  الجمعة فقط","2026-07-16T00:00:00.000Z"
"bd55d665-e8c9-4e2b-83e3-30222039bba4","Electrical","مصر","القاهرة","5","Consultant","Office","EGP","15000","نعم","نعم","لا","لا","ربما",,"لا",,"Bachelor's","10","نعم","2026-07-16T00:00:00.000Z"
"bd535a7c-fcfa-4c43-b1ce-e30af6974bcd","Mechanical","مصر","القاهرة","5","Consultant","Site","EGP","25000","لا","نعم","لا","ربما","نعم",,"لا","تامين طبي و اجتماعي","Bachelor's","8","لا  الجمعة فقط","2026-07-16T00:00:00.000Z"
"bd399b83-1455-4706-9fad-4cd312d63af4","Mechanical","مصر","القاهرة","5","Sub-Contractor","Office","EGP","36000","لا","لا","لا","ربما","نعم",,"لا","ميديكال واجتماعي","Bachelor's","9","نعم","2026-07-16T00:00:00.000Z"
"bd1428a0-e830-4c07-9a8d-cd55e22adef8","Structural","مصر","القاهرة","9","Main Contractor","Office","EGP","43000","لا","نعم","نعم","نعم","نعم","انت غالي فمترضاش بالرخيص","لا","تامين طبي","Bachelor's","8","نعم","2026-07-16T00:00:00.000Z"
"bd02815d-b3c2-4171-bfd9-2755d2e3be0c","Mechanical","الامارات","دبي/ رأس الخيمة","13","Consultant","Site","AED","22000","لا","لا","لا","نعم","ربما",,"نعم","فيزا للموظف فقط وتامين و اجازة ٣٠ يوم مدفوعة","Bachelor's","9","لا  الجمعة فقط","2026-07-16T00:00:00.000Z"
"bd00b2e1-78b0-4ec6-8056-489eae6d7231","Mechanical","مصر","العلمين","5","Main Contractor","Site","EGP","25000","نعم","نعم","نعم","لا","نعم","عمل حساب المرتب لفترة طويلة","لا",,"Bachelor's","10","نعم","2026-07-16T00:00:00.000Z"
"bcfe8f16-c405-4c2b-8b2b-fae7f103ffb9","Mechanical","السعودية","الرياض","10","Sub-Contractor","Hybrid","SAR","10000","لا","نعم","لا","لا","لا",,"نعم",,"Bachelor's","10","لا  الجمعة فقط","2026-07-16T00:00:00.000Z"
"bcc7e56c-c007-425c-97be-043b82b3b11f","Mechanical","مصر","العلمين","11","Main Contractor","Site","EGP","60000","نعم","نعم","لا","ربما","لا",,"لا",,"Bachelor's","9","لا  الجمعة فقط","2026-07-16T00:00:00.000Z"
"bcc75933-529f-4cab-99d4-db1889b53e3c","Mechanical","مصر","القاهرة","2","Main Contractor","Office","EGP","20000","لا","لا","نعم","لا","ربما","اختر احتايك مش الي الي غي ك بياخده يعني و اثبت عليه متخليش حد يقلل","نعم","الاطلاع علي مشاريع السعودية و السوق السعودي مشاريع ضخطة و خبرة عملية مع كل سيستم ديزاين و شوب درونج","Bachelor's","9","نعم","2026-07-16T00:00:00.000Z"
"bcbaead2-34ce-4f0e-99df-8f792657b5c6","Mechanical","السعودية","المدينة","3","Consultant","Office","SAR","4000","نعم","لا","لا","لا","لا",,"نعم",,"Bachelor's","8","لا  الجمعة فقط","2026-07-16T00:00:00.000Z"
"bcb66c7a-222b-44eb-b11f-5f6c1e04c0e1","Facility","مصر","القاهرة","7","Facility Management","Site","EGP","29000","نعم","نعم","لا","لا","ربما",,"لا",,"Bachelor's","8","نعم","2026-07-16T00:00:00.000Z"
"bc6b1439-1e4d-4323-9823-26c6273d5d8d","Mechanical","السعودية","خميس مشيط واعمل مهندس في الموقع مواقع متعددة","5","Sub-Contractor","Hybrid","SAR","8000","نعم","نعم","لا","لا","نعم",,"نعم",,"Bachelor's",,"لا  الجمعة فقط","2026-07-16T00:00:00.000Z"
"bc39ae79-55f8-44d0-90f3-d94c3445795c","Electrical","مصر","القاهرة","3","Industrial","Office","EGP","11000","لا","نعم","لا","لا","لا",,"نعم","لا يوجد","Bachelor's","8","نعم","2026-07-16T00:00:00.000Z"
"bc063bb8-611d-4e26-b7aa-cb6f9eadeae5","Structural","مصر","Ain Sokhna","5","Supervision Consultant","Site","EGP","18000","نعم","نعم","لا","لا","نعم","قيم نفسك بجد من غير افورة ومن غير تقليل ومن غير ما تخاف انك متتقبلش","لا",,"Bachelor's","8","لا  الجمعة فقط","2026-07-16T00:00:00.000Z"
"bbf87822-4dfc-46c5-a7ff-fc8089feaf85","Infrastructure and roads","الامارات","الشارقة","10","Main Contractor","Site","UAE","7500","لا","نعم","لا","لا","لا",,"لا",,"Bachelor's","9","لا  الجمعة فقط","2026-07-16T00:00:00.000Z"
"bbe2abbc-845b-481c-af69-53e61c691656","Mechanical","مصر","القاهرة","10","Consultant","Office","EGP","40000","لا","لا","لا","ربما","نعم",,"لا",,"Bachelor's","9","نعم","2026-07-16T00:00:00.000Z"
"bb8ad875-08f5-44ab-a25e-9e54cb1a42ce","Mechanical","السعودية","جده","4","Main Contractor","Hybrid","SAR","6800","نعم","لا","لا","لا","نعم",,"نعم",,"Bachelor's","9","لا  الجمعة فقط","2026-07-16T00:00:00.000Z"
"bb5f7e77-5bcf-4aa9-a4a3-c1956542344d","Mechanical","السعودية","الرياض","7","Main Contractor","Site","SAR","10000","لا","لا","لا","لا","لا","اطلب اللي يناسبك مش اللي يناسب شركتك","نعم",".","Bachelor's","10","لا  الجمعة فقط","2026-07-16T00:00:00.000Z"
"bb11e999-7a52-4beb-9805-ef10d169d845","Mechanical","مصر","القاهرة","2","Consultant","Office","EGP","20500","لا","لا","نعم","ربما","نعم",,"لا",,"Bachelor's","8","نعم","2026-07-16T00:00:00.000Z"
"babff5d0-e053-4977-b38d-c53912c7de04","Structural","مصر","القاهرة","8","Consultant","Office","EGP","35000","لا","لا","لا","لا","نعم",,"نعم",,"Master's","9","نعم","2026-07-16T00:00:00.000Z"
"baa1980c-3a78-46a2-9462-fff94b8bf9d9","Mechanical","السعودية","جدة","15","Consultant","Hybrid","SAR","24000","لا","نعم","لا","نعم","نعم",,"لا",,"Bachelor's","9","لا  الجمعة فقط","2026-07-16T00:00:00.000Z"
"ba8d9ee1-b7b0-43c8-9fc6-69912a029bd1","Mechanical","مصر","الإسكندرية","2","Main Contractor","Site","EGP","20000","نعم","نعم","نعم","لا","نعم",,"نعم",,"Bachelor's","8","لا  الجمعة فقط","2026-07-16T00:00:00.000Z"
"ba6e0dfd-abba-4356-b752-fb2d78d50a0c","Electrical","السعودية","الرياض","6","Main Contractor","Site","SAR","6000","نعم","نعم","لا","ربما","ربما","يسأل عن مرتبات خبرته في نفس الشركة","لا","Food allowance mobile allowance Family contract","Bachelor's","8","لا  الجمعة فقط","2026-07-16T00:00:00.000Z"
"ba6acd98-c09e-481b-9d91-198d3ce4982c","Electrical","مصر","القاهرة","1","Main Contractor","Site","EGP","10000","نعم","نعم","لا","لا","نعم","مترحش انترفيو غير لما تعرف المرتب كام أو الرينج في حدود كام","نعم","Normal","Bachelor's","10","نعم","2026-07-16T00:00:00.000Z"
"ba5e1f7b-e152-4ee6-8ddf-629fb50ad5a4","Mechanical","مصر","القاهرة","0","Main Contractor","Hybrid","EGP","80000","لا","نعم","نعم","لا","ربما","اعرف سعرك بالسوق قبل التفاوض","لا",,"Bachelor's","8","نعم","2026-07-16T00:00:00.000Z"
"ba5d8cbb-59a6-48a7-a7e6-fc74fd1e9000","Mechanical","مصر","الاسكندريه","6","Main Contractor","Hybrid","EGP","25000","نعم","نعم","نعم","لا","لا",,"لا",,"Bachelor's","9","لا  الجمعة فقط","2026-07-16T00:00:00.000Z"
"ba45dcd7-8c33-451b-a98f-753cdc07f839","Mechanical","السعودية","مكه المكرمة","14","Main Contractor","Site","SAR","16284","لا","لا","نعم","لا","ربما","قبل التفاوض يجب البحث عن اشخاص يعملون بنفس الشركة والسؤال جيدا عن بيئة العمل وانتظام المرتبات والمشاريع والاستقرار والبدلات","لا","تامين طبي ليا وللاسرة","Bachelor's","8","لا  الجمعة فقط","2026-07-16T00:00:00.000Z"
"ba15c8f4-d4ba-43f0-b004-ed201428a24b","Mechanical","مصر","القاهرة","3","Main Contractor","Site","EGP","25000","نعم","نعم","نعم","ربما","نعم",,"لا",,"Bachelor's","8","لا  الجمعة فقط","2026-07-16T00:00:00.000Z"
"ba0a6c52-7a07-4b54-92bd-b1dfb6bc9a87","Mechanical","مصر","القاهرة","13","Main Contractor","Office","EGP","80000","نعم","لا","لا","ربما","نعم",,"نعم",,"Bachelor's","9","نعم","2026-07-16T00:00:00.000Z"
"b9f8d8f4-8f58-42a2-a25d-ae238653536c","Mechanical","مصر","المنوفية","12","Industrial","Office","EGP","12450","لا","نعم","نعم","لا","لا","اتفق كويس في الاول","لا","تأمين صحي","Bachelor's","8","نعم","2026-07-16T00:00:00.000Z"
"b9c81a10-fd46-467d-a242-4d02d176fb6e","Mechanical","مصر","القاهرة","4","Main Contractor","Site","EGP","28000","نعم","لا","نعم","لا","نعم",,"لا",,"Bachelor's","9","لا  الجمعة فقط","2026-07-16T00:00:00.000Z"
"b9974141-d67d-403e-b8b0-e7b5b6fdffd8","Mechanical","مصر","القاهرة","3","Main Contractor","Office","EGP","17775","نعم","لا","لا","لا","نعم",,"نعم",,"Bachelor's","9","نعم","2026-07-16T00:00:00.000Z"
"b992e3e7-69dc-4e83-809b-a5e1706640c7","Mechanical","السعودية","الرياض","5","Sub-Contractor","Site","SAR","9000","لا","لا","لا","نعم","ربما",,"لا","شهر اجازة مدفوع + تذكرة طيران","Bachelor's","9","لا  الجمعة فقط","2026-07-16T00:00:00.000Z"
"b97d0832-7d37-47aa-87bb-66e6494d46ff","Draftsman mep & arch","مصر","القاهرة","3","Main Contractor","Site","EGP","8500","نعم","نعم","نعم","لا","ربما",,"نعم",,"Bachelor's","8","نعم","2026-07-16T00:00:00.000Z"
"b961de5a-9ee4-43b5-a8a1-f96c6ece56ce","Mechanical","مصر","القاهرة","5","Oil & Gas","Office","EGP","26000","نعم","نعم","نعم","ربما","لا",,"لا",,"Bachelor's","8","نعم","2026-07-16T00:00:00.000Z"
"b9386dd2-b8d7-4db8-bf3c-015cd163bf4b","مدني تنفيذي","مصر","القاهرة","6","Developer","Site","EGP","19000","نعم","نعم","نعم","لا","نعم",,"لا",,"Bachelor's","8","لا  الجمعة فقط","2026-07-16T00:00:00.000Z"
"b92dc51c-a7b4-4da8-ae7e-dd5f92b39d29","Mechanical","مصر","الساحل الشمالي","6","Main Contractor","Site","EGP","28000","نعم","نعم","نعم","لا","نعم","يطلب مثل القائمة ولا يتنازل من اصغر مهندس الي اكبر مهندس 
لازم نقف كلنا وقفة رجاله والانتقال القادم من كل واحد لازم يكون مثل او اكبر القايمه","لا",,"Bachelor's",,,"2026-07-16T00:00:00.000Z"
"b911142c-2303-49f9-97a8-f7c05effa088","Mechanical","مصر","القاهرة","6","Main Contractor","Site","EGP","23300","نعم","نعم","نعم","لا","نعم","زود عن offer 15% لان offer اللي سمعتة مش اخر رقم ولسا فيه تفاوض","لا","تامين طبي واجتماعي واشتراكات مع عيادات خارجيةواشتركات مخفضة مع مؤسسات اخري","Bachelor's","9","لا  الجمعة فقط","2026-07-16T00:00:00.000Z"
"b8cdcd85-bad7-4b3d-b439-67dbc662c6f4","Mechanical","مصر","القاهرة","1","Consultant","Office","EGP","20000","لا","لا","نعم","نعم","نعم",,"نعم",,"Bachelor's","9","نعم","2026-07-16T00:00:00.000Z"
"b8a2c62d-f3c4-468e-8e89-87bf6bc432b5","Mechanical","السعودية","جدة","16","Main Contractor","Office","SAR","22000","لا","لا","نعم","نعم","نعم",,"نعم","المقابل المادي للمرافقين - مقابل مادي للمدارس للابناء","Bachelor's","9","لا  الجمعة فقط","2026-07-16T00:00:00.000Z"
"b876eb8f-bd74-4c08-92a1-6ca5e4b8eadb","Mechanical","السعودية","الرياض","3","Sub-Contractor","Hybrid","SAR","5000","لا","نعم","لا","لا","نعم","اطلب ١٠ أقل شيء علي خبرة دفعة ٢٣ , كده كده هيطلعوا عينك في الشغل","لا","راتب في ميعاده ،  سيارة ،  بنزين ، خبرة","Bachelor's","9","لا  الجمعة فقط","2026-07-16T00:00:00.000Z"
"b81f5bfd-fa75-40e4-b431-050fac800314","Mechanical","السعودية","الرياض","6","Main Contractor","Site","SAR","6000","لا","لا","لا","لا","لا",,"لا",,"Bachelor's","8","لا  الجمعة فقط","2026-07-16T00:00:00.000Z"
"b8105f97-eaf4-41f5-a00a-85e374704eb5","Mechanical","مصر","القاهرة","1","Main Contractor","Site","EGP","15000","لا","نعم","نعم","نعم","نعم","متقبلش باقل من متوسط السوق في شركات كتير بتدي رواتب كويسه معني انك قابلت باقل ما تستحق فانت بس مش بتظلم نفسك وبتظلم غيرك كمان من دفعتك","لا",,"Bachelor's","8","لا  الجمعة فقط","2026-07-16T00:00:00.000Z"
"b7e02ca3-0579-4bc5-a29b-a6ac3932e8f3","Mechanical","الامارات","Dubai","6","Sub-Contractor","Site","AED","8000","لا","لا","لا","لا","نعم",,"لا",,"Bachelor's","9","لا  الجمعة فقط","2026-07-16T00:00:00.000Z"
"b7cf00a3-5373-40a0-b806-2fedc7783fab","Mechanical","سورية","دمشق","2","Industrial","Hybrid","SYR","500","لا","لا","لا","ربما","نعم","ارفع سقف الراتب، لو نجحت فستكون كسبت مدخول زائد سنوي إضافة على الراتب الذي سوف تأخذه لو لم ترفع السقف.","نعم","بيئة العمل المريحة","Bachelor's","9","لا  الجمعة فقط","2026-07-16T00:00:00.000Z"
"b7a8a5e3-d3c7-454c-a8d0-b49bdc09cf8b","Mechanical","السعودية","المدينه المنوره","9","Main Contractor","Office","SAR","10000","لا","لا","لا","لا","نعم",,"لا",,"Bachelor's","8","لا  الجمعة فقط","2026-07-16T00:00:00.000Z"
"b7a81925-552d-49aa-a893-585efcf35add","Architecture","مصر","القاهرة","2","Consultant","Site","EGP","12000","لا","نعم","نعم","لا","لا",,"لا",,"Bachelor's","8","لا  الجمعة فقط","2026-07-16T00:00:00.000Z"
"b727d77c-31de-460f-bdff-33f8bf645bff","Mechanical","مصر","القاهرة","2","Facility Management","Hybrid","EGP","12000","لا","لا","لا","لا","نعم",,"لا",,"Bachelor's","8","نعم","2026-07-16T00:00:00.000Z"
"b7051b8a-481b-4292-b24c-e1009f0727bb","Mechanical","مصر","الساحل الشمالي","3","Main Contractor","Site","EGP","25000","نعم","نعم","لا","لا","نعم","تمسك بالرقم اللي انت شايف انك تستحقه","نعم",,"Bachelor's","10","نعم","2026-07-16T00:00:00.000Z"
"b6f6c8d9-fbc1-4a68-9101-bdacd0969527","Mechanical","مصر","القاهرة","2","Main Contractor","Office","EGP","12000","نعم","لا","لا","لا","لا","عالم ملهمش كلمه","لا","ولا اى حاجه","Bachelor's","9","نعم","2026-07-16T00:00:00.000Z"
"b6eadb2f-113a-4507-952b-58bf804d22e9","Mechanical","Iraq","Erbil","5","Sub-Contractor","Site","USD","1200","لا","لا","لا","لا","ربما","2000","نعم",,"Bachelor's","9","لا  الجمعة فقط","2026-07-16T00:00:00.000Z"
"b6dfb46c-8359-4adf-a6fb-6bc208714a8c","Mechanical","مصر","القاهرة","10","Main Contractor","Site","EGP","95000","نعم","لا","نعم","نعم","نعم","خلي عينك قويه","نعم","بونص ٦ شهور في السنه","Bachelor's","10","لا  الجمعة فقط","2026-07-16T00:00:00.000Z"
"b6dc465e-771d-4ebc-9644-fa4c57b51bcf","Mechanical","مصر","القاهرة","7","Contracting","Office","EGP","28000","نعم","نعم","لا","لا","ربما","لا تتنازل عن حقوقك","نعم","لا يوجد","Bachelor's","9","نعم","2026-07-16T00:00:00.000Z"
"b6b945a8-e98d-4b32-a2bf-27018cd3f624","Structural","مصر","القاهرة","9","Consultant","Site","EGP","22000","نعم","نعم","نعم","لا","ربما",,"لا",,"Bachelor's","8","نعم","2026-07-16T00:00:00.000Z"
"b6881224-603c-4e75-bf82-b8a831462511","Mechanical","مصر","القاهرة","8","Main Contractor","Office","EGP","55000","لا","لا","لا","نعم","نعم","اطلب اعلي من القايمة والله... ماتقلقش","نعم","Social insurance and medical","Bachelor's","9","نعم","2026-07-16T00:00:00.000Z"
"b6776e4d-f415-4fbd-bf77-5bc7e7b5b36b","Structural","السعودية","الرياض","6","Consultant","Site","SAR","3500","نعم","نعم","لا","لا","لا",,"نعم","لايوجد","Bachelor's","8","لا  الجمعة فقط","2026-07-16T00:00:00.000Z"
"b672bf9b-44f2-426d-8ce2-5d3602227274","Survey","السعودية","الرياض","10","Sub-Contractor","Site","SAR","5000","نعم","نعم","لا","لا","لا",,"نعم",,"Bachelor's","8","لا  الجمعة فقط","2026-07-16T00:00:00.000Z"
"b616d1e9-1431-47a2-a90d-6d1159877e66","Mechanical","مصر","القاهرة","1","Main Contractor","Site","EGP","8000","نعم","نعم","لا","لا","نعم",".","لا","مفيش","Bachelor's","8","لا  الجمعة فقط","2026-07-16T00:00:00.000Z"
"b60d418b-383b-4efc-9c52-d80553309061","Mechanical","مصر","البحيره","1","Sub-Contractor","Site","EGP","10000","نعم","نعم","لا","لا","نعم",,"لا",,"Bachelor's","9","لا  الجمعة فقط","2026-07-16T00:00:00.000Z"
"b5f22e6e-3bd8-4011-8d02-dc9df598c7e1","Plumbing and fire protection","India","Karnataka","3","Consultant","Hybrid","INR","40000","لا","لا","نعم","لا","نعم","Well, in terms of learning it is a great place to work with. Salary standards should rise though. While negotiating always ask for the budget of the specific role and pick atleast middle number of the range. They always try to low ball you.","لا","Health insurance","Bachelor's",,"نعم","2026-07-16T00:00:00.000Z"
"b5f1e865-79fa-4286-8989-0838053c99f8","Mechanical","مصر","القاهرة","3","Consultant","Office","EGP","23000","نعم","نعم","لا","لا","نعم","لو الشركة اللي انت فيها بتوفرلك مزايا مش موجودة في الشركة اللي هتروحها، قيم الميزة دي وحطلها سعر مناسب وضيفها على مرتبك الحالي عشان تبقى بتقارن صح","لا",,"Bachelor's","9","نعم","2026-07-16T00:00:00.000Z"
"b5e47812-a710-437c-b571-74a5fa8b9e72","Electrical","السعودية","الرياض","9","Main Contractor","Site","SAR","9000","نعم","نعم","لا","لا","لا",,"لا",,"Bachelor's","10","لا  الجمعة فقط","2026-07-16T00:00:00.000Z"
"b5c2284d-c233-494c-85dd-6f14e1da6c0a","Architecture","السعودية","الجوف - سكاكا","6","Consultant","Office","SAR","5000","نعم","نعم","لا","ربما","نعم","تأكد من مهامك الوظيفية وعليها أبدأ حدد راتبك
وأعرف متوسط المصاريف الشخصية من أكل وشرب وتحويلات لأهلك ثم زد عليهم ٣٠٪ قيمة توفير وبعد كذا شوف هل الراتب مع الغربة والحرمان من الأهل مجزي أم لا","نعم",,"Bachelor's","9","لا  الجمعة فقط","2026-07-16T00:00:00.000Z"
"b595eba1-fabe-466e-a3c6-81f5e1024a2b","Mechanical","مصر","اسكندريه","1","Consultant","Office","EGP","13000","لا","لا","نعم","لا","نعم",,"لا",,"Bachelor's","9","نعم","2026-07-16T00:00:00.000Z"
"b5630cce-643a-42f4-a2c6-6a5a21325daf","Structural","مصر","القاهرة","6","Consultant","Site","EGP","25400","نعم","نعم","لا","لا","ربما",,"نعم",,"Bachelor's","8","لا  الجمعة فقط","2026-07-16T00:00:00.000Z"
"b5147142-7a62-4c9b-adb6-3f93200fe1ad","Mechanical","مصر","القاهرة","8","Main Contractor","Office","EGP","34000","لا","لا","لا","ربما","ربما",,"لا",,"Bachelor's","7","نعم","2026-07-16T00:00:00.000Z"
"b508050b-d396-4d47-b4cc-27f64b4345ef","Mechanical","مصر","القاهرة","3","Sub-Contractor","Office","EGP","18000","نعم","لا","لا","لا","ربما","متخافش تطلب الرقم اللي في دماغك لانه مش رقم كبير زي ما انت متخيل وفيه ناس بتاخد زيه واكتر منه بكتير","لا","Non","Bachelor's","9","نعم","2026-07-16T00:00:00.000Z"
"b503922a-a633-447b-a7fd-d61ceae42e6f","Mechanical","مصر","القاهرة","1","Facility Management","Site","EGP","15000","نعم","لا","لا","لا","نعم",,"لا","حوافز في رمضان والأعياد والمناسبات","Bachelor's","8","لا  الجمعة فقط","2026-07-16T00:00:00.000Z"
"b4c84af1-895d-4a45-8fca-5e3f80c03062","Mechanical","مصر","القاهرة","6","Sub-Contractor","Site","EGP","35000","نعم","نعم","نعم","ربما","ربما","اتفق على راتب مرضى بالنسبالك","لا","بونص","Bachelor's","10","لا  الجمعة فقط","2026-07-16T00:00:00.000Z"
"b4788589-c1fc-44d0-993a-a7fd57353521","Mechanical","مصر","القاهرة","1","Main Contractor","Office","EGP","15000","نعم","نعم","لا","ربما","نعم","كل واحد ب اسلوبه ومؤهلاته يقدر ياخد اللي عايزه","لا",,"Bachelor's","8","نعم","2026-07-16T00:00:00.000Z"
"b40e0c37-e399-4f4e-9113-941453ce447b","Mechanical","السعودية","مكه المكرمه","12","Consultant","Office","SAR","16000","نعم","نعم","لا","ربما","ربما",,"نعم","عقد عائلي","Bachelor's","8","نعم","2026-07-16T00:00:00.000Z"
"b3fc92de-0218-4a8d-b6ff-181c28359d41","Electrical","مصر","جميع محافظات مصر","5","Main Contractor","Site","EGP","17000","نعم","نعم","لا","لا","لا",,"لا",,"Bachelor's","8","لا  الجمعة فقط","2026-07-16T00:00:00.000Z"
"b3be20fe-d74a-444e-872e-7037b6b152a7","Mechanical","مصر","القاهرة","5","Manufacturer","Site","EGP","14000","لا","لا","لا","لا","لا",,"لا",,"Bachelor's","9","لا  الجمعة فقط","2026-07-16T00:00:00.000Z"
"b3bb4277-9b73-4950-aeb8-c595d1d34d8c","Mechanical","السعودية","جدة","7","Main Contractor","Site","SAR","10000","لا","لا","لا","ربما","نعم",,"لا",,"Bachelor's","8","لا  الجمعة فقط","2026-07-16T00:00:00.000Z"
"b37cb85b-18c6-4ef0-8110-15bbdec64d67","Mechanical","مصر","الضبعة","1","Sub-Contractor","Site","EGP","14000","نعم","نعم","نعم","ربما","ربما",,"لا",,"Bachelor's","9","نعم","2026-07-16T00:00:00.000Z"
"b35e51e3-ce2f-4daa-92e5-8f5006a86ecb","Mechanical","مصر","القاهرة","11","Main Contractor","Site","EGP","30000","نعم","لا","لا","ربما","نعم",,"نعم",,"Bachelor's","9","لا  الجمعة فقط","2026-07-16T00:00:00.000Z"
"b31f769a-c4e0-4a35-b6ef-75c910045cf1","Mechanical","مصر","القاهرة","1","Vending machine","Office","EGP","12000","لا","لا","نعم","لا","ربما",,"نعم",,"Bachelor's","8","نعم","2026-07-16T00:00:00.000Z"
"b2e8f07e-8c23-4f1e-9142-8a29a48d4415","Mechanical","مصر","القاهرة","3","Main Contractor","Site","EGP","12000","لا","نعم","نعم","لا","نعم",,"لا",,"Bachelor's","8","نعم","2026-07-16T00:00:00.000Z"
"b2d2561c-0b75-468f-b9de-9389367eb36c","Mechanical","السعودية","الرياض","2","Consultant","Office","SAR","4000","لا","نعم","لا","لا","ربما",,"نعم",,"Bachelor's","8","لا  الجمعة فقط","2026-07-16T00:00:00.000Z"
"b290aada-68dd-4b5e-bad1-1ff4326caadc","Mechanical","مصر","القاهرة","7","Sub-Contractor","Office","EGP","43000","لا","لا","لا","لا","نعم",,"لا","لا يوجد","Bachelor's","9","نعم","2026-07-16T00:00:00.000Z"
"b28ae80e-b9d4-438c-a6f6-95ad33d06da5","Mechanical","مصر","اسكندرية","1","Sub-Contractor","Site","EGP","9000","نعم","نعم","نعم","ربما","نعم",,"لا",,"Bachelor's","8","لا  الجمعة فقط","2026-07-16T00:00:00.000Z"
"b25cea1e-caef-4308-a046-97f9798b0715","Mechanical","مصر","القاهرة","4","Sub-Contractor","Office","EGP","35000","لا","لا","نعم","ربما","نعم","الراتب باكدچ
راحه نفسيه 
صافي مرتب بعد المواصلات والمصاريف
عدد ساعات عملك ومواصلاتك 
بتشتفاد ولا لا 
التامين طبي واجتماعي","لا","التعامل بلين ف التاخير او الخروج باكرا يومي الاحد والخميس لسفر المهندسين","Bachelor's","8","نعم","2026-07-16T00:00:00.000Z"
"b227167f-8350-4a11-b0a4-e46725eea8bb","Mechanical","السعودية","الرياض","12","Sub-Contractor","Hybrid","SAR","24000","لا","لا","نعم","نعم","نعم","تمسك بقيمته كمهندس و أظهر قيمتك قي التفاوض","نعم","بونص سنوي علي المشاريع","Bachelor's","9","لا  الجمعة فقط","2026-07-16T00:00:00.000Z"
"b1cb2ef6-71dd-4a93-9db7-8f56d3583580","Mechanical","مصر","القاهرة","20","Sub-Contractor","Office","EGP","55000","نعم","لا","لا","لا","نعم","قدر نفسك وظروفك","لا","لايوجد","Bachelor's","10","نعم","2026-07-16T00:00:00.000Z"
"b1854abd-80d4-446c-98d6-cd6262fbfe6b","Electrical","السعودية","الرياض","13","Supervision Consultant","Site","SAR","20000","لا","لا","لا","نعم","نعم",,"نعم",,"Bachelor's","8","لا  الجمعة فقط","2026-07-16T00:00:00.000Z"
"b1442b42-0789-48ad-a52c-97ca0af4172a","Mechanical","مصر","العلمين الجديده","5","Sub-Contractor","Site","EGP","21000","نعم","نعم","لا","لا","ربما","اتمسك بحقوقك","لا",,"Bachelor's","9","نعم","2026-07-16T00:00:00.000Z"
"b124acbd-e079-49fa-b2c9-90eee31eb4ee","Architecture","مصر","القاهرة","1","Consultant","Office","EGP","10000","لا","لا","لا","ربما","نعم",,"نعم",,"Bachelor's","8","نعم","2026-07-16T00:00:00.000Z"
"b1013623-2008-46ef-bfa4-212467d48143","Mechanical","السعودية","الرياض","15","Main Contractor","Hybrid","SAR","24200","لا","لا","لا","ربما","ربما",,"لا",,"Bachelor's","7","لا  الجمعة فقط","2026-07-16T00:00:00.000Z"
"b0e0b12c-ba20-469f-a3ee-3e1106e80b33","Electrical","مصر","القاهرة","1","Industrial","Site","EGP","10000","لا","نعم","نعم","لا","ربما",,"لا",,"Bachelor's","8","نعم","2026-07-16T00:00:00.000Z"
"b0e09f77-1d49-4ee9-af2e-04311047b12f","Mechanical","مصر","القاهرة","3","Sub-Contractor","Office","EGP","24000","لا","لا","نعم","لا","نعم","وانت بتتفاوض شوف الشركه اللي رايح عليها شركة هل هي شركه صغيرة ولا كبيرة علشان الراتب اللي بتكتبوا بيفرق من شركه لشركه والافضل تحط رينج علشان علشان تسيب مساحه للتفاوض","نعم",,"Bachelor's","9","نعم","2026-07-16T00:00:00.000Z"
"b0d7c79a-77f1-47df-80db-36e1e6f711bb","Mechanical","مصر","مطروح","7","Main Contractor","Site","EGP","47000","نعم","نعم","نعم","ربما","نعم","عاوز اللي ينصحني","لا","الانتقالات للمحافظات","Bachelor's","11","لا  الجمعة فقط","2026-07-16T00:00:00.000Z"
"b0d6f212-d260-446c-99f8-9ed6a299842b","Mechanical","مصر","القاهرة","1","Consultant","Office","EGP","17000","لا","لا","لا","ربما","نعم",,"لا",,"Bachelor's","8","نعم","2026-07-16T00:00:00.000Z"
"b0753eb4-062a-4b68-ae6f-633bd8756d18","Mechanical","الامارات","ابو ظبي","5","Consultant","Hybrid","USD","8000","لا","نعم","لا","ربما","نعم",,"نعم",,"Bachelor's","8","لا  الجمعة فقط","2026-07-16T00:00:00.000Z"
"b05426ed-8ffd-4fef-842f-7cb7517a2912","Mechanical","السعودية","الرياض","5","Manufacturer","Office","SAR","7500","لا","لا","لا","لا","نعم",,"لا",,"Bachelor's","8","لا  الجمعة فقط","2026-07-16T00:00:00.000Z"
"b04fdccd-d75c-4ee5-bfa5-764abee3ebaf","Electrical","مصر","القاهرة","5","Government","Site","EGP","7200","لا","نعم","نعم","لا","لا","اهرب","لا","تامين طبي","Bachelor's","7","لا  الجمعة فقط","2026-07-16T00:00:00.000Z"
"b02dcaa1-abdf-4ef9-9574-bd0e7f3b8dba","Mechanical","سوريا","دمشق","3","Government","Site","SAR","400","لا","لا","لا","لا","نعم","يطلب ع حسب خبرتو","لا","لا","Bachelor's","9","نعم","2026-07-16T00:00:00.000Z"
"b02afff4-161c-44ba-bacd-e5b9d21315a2","Mechanical","مصر","القاهرة","1","Consultant","Office","EGP","15000","لا","لا","لا","لا","لا",,"لا",,"Bachelor's","8","لا  الجمعة فقط","2026-07-16T00:00:00.000Z"
"b0293171-10ad-4bc9-9356-8249a5c6ea48","Mechanical","مصر","العلمين","2","Main Contractor","Site","EGP","23000","نعم","لا","لا","نعم","نعم",,"لا",,"Bachelor's","8","لا  الجمعة فقط","2026-07-16T00:00:00.000Z"
"b0285320-dede-4176-ae64-c8a5e0f611ac","Structural","مصر","القاهرة","5","Main Contractor","Site","EGP","21000","نعم","نعم","لا","لا","نعم",,"نعم","خبرة","Bachelor's","8","لا  الجمعة فقط","2026-07-16T00:00:00.000Z"
"afda8350-fb39-42ab-b829-79eaf2556864","Mechanical","مصر","القاهرة","2","Main Contractor","Office","EGP","29616","نعم","نعم","نعم","نعم","نعم",,"نعم","منحه رمضان ربع شهر وايضاً في العيد الكبير ربع شهر","Bachelor's","8","لا  الجمعة فقط","2026-07-16T00:00:00.000Z"
"afc82e48-148c-4f1a-921c-93bbd6c4f389","Mechanical","السعودية","الرياض","8","Sub-Contractor","Office","SAR","7400","لا","نعم","لا","لا","لا","اتفق على راتب اكبر مايمكن ومناسب للسوق لان مستحيل زيادته حتى لو عقدك انتهى وقعدت ست او سبع سنين ولايوجد زياده سنويه وصعبين جدا عشان تقدر تاخد اجازه","لا","لاتوفر سكن وتوفر سيارات مستعمله قديمه تحتاج صيانه يوميا","Bachelor's","8","لا  الجمعة فقط","2026-07-16T00:00:00.000Z"
"afad3cf5-4f43-4a10-b613-f1d35f9ef1d2","Mechanical","السعودية","الرياض","4","Main Contractor","Hybrid","SAR","4900","لا","نعم","نعم","لا","ربما",,"نعم",,"Bachelor's","9","لا  الجمعة فقط","2026-07-16T00:00:00.000Z"
"af97b3e7-cc1d-4250-b5e0-457d2e9d3c20","Mechanical","السعودية","الرياض","5","Sub-Contractor","Hybrid","SAR","6500","نعم","نعم","نعم","ربما","ربما",,"لا",,"Bachelor's","8","لا  الجمعة فقط","2026-07-16T00:00:00.000Z"
"af71bcd9-50bb-4075-8c6f-a7ff8423dab4","Structural","مصر","القاهرة","4","Main Contractor","Office","EGP","24500","نعم","نعم","نعم","ربما","نعم",,"لا",,"Bachelor's","9","لا  الجمعة فقط","2026-07-16T00:00:00.000Z"
"af65aaca-dd0e-476a-bd15-8e574a68974d","Mechanical","مصر","القاهرة","2","Consultant","Office","EGP","20000","لا","لا","لا","ربما","نعم",,"لا",,"Bachelor's","8","نعم","2026-07-16T00:00:00.000Z"
"af5c2eda-d7f0-419e-8b76-e34356fbe88f","Mechanical","السعودية","جدة","5","Industrial","Office","SAR","11600","لا","نعم","لا","نعم","نعم","دايما خليك متفائل وخليك منطقي في التفاوض قياسا على خبرتك ومتوسط الرواتب للمسمى الوظيفي في دولتك","نعم","بيئة ممتازه - اهتمام بالموظف - رواتب تنزل في وقت محدد ولا تتاخر","Bachelor's","8","نعم","2026-07-16T00:00:00.000Z"
"aebfbe53-7b4e-47c3-9743-1f19d157f880","Electrical","مصر","القاهرة","2","Main Contractor","Site","EGP","20000","نعم","نعم","نعم","ربما","لا","مش مهم الراتب قبل الراحة النفسية 🙂","نعم",,"Bachelor's","8","لا  الجمعة فقط","2026-07-16T00:00:00.000Z"
"aebe9fd8-5396-40fe-a8df-24ca735a1212","Surveying","مصر","شرم الشيخ","11","Main Contractor","Hybrid","EGP","29000","نعم","نعم","لا","لا","لا","على","نعم","سكن جانب الموقع","Diploma","9","لا  الجمعة فقط","2026-07-16T00:00:00.000Z"
"aebbaba6-cdad-4109-9e01-6c96af77a47e","Mechanical","اليمن","عدن","3","Consultant","Site","YER","150000","لا","لا","لا","لا","لا","اختر مكان مناسب مش المشكله في التفاوض بثد ماتكون في المكان","لا",,"Bachelor's","8","لا  الجمعة فقط","2026-07-16T00:00:00.000Z"
"ae95624b-e0fc-4c50-81d7-ff1839d7cbf3","Electrical","مصر","القاهرة","3","Manufacturer","Site","EGP","16000","نعم","نعم","لا","لا","ربما",,"لا",,"Bachelor's","9","لا  الجمعة فقط","2026-07-16T00:00:00.000Z"
"ae9258ed-1d72-4548-8d02-ec625b517060","Mechanical","السعودية","الرياض","3","Developer","Site","SAR","7000","لا","لا","لا","نعم","نعم",,"لا",,"Bachelor's","8","لا  الجمعة فقط","2026-07-16T00:00:00.000Z"
"ae71a836-b141-406c-b227-4a032eac9630","Mechanical","مصر","القاهرة","1","Sub-Contractor","Site","EGP","22000","لا","لا","نعم","نعم","نعم",,"لا",,"Bachelor's","8","نعم","2026-07-16T00:00:00.000Z"
"ae4653ac-d61d-4fad-b20b-87a023c28d47","Mechanical","مصر","القاهرة","2","Consultant","Office","USD","650","لا","لا","لا","نعم","نعم",,"لا",,"Bachelor's","9","نعم","2026-07-16T00:00:00.000Z"
"ae30cd5f-fcda-4974-9630-28649cd82a27","Mechanical","السعودية","الرياض","1","Consultant","Office","SAR","3000","نعم","نعم","لا","لا","نعم",,"لا",,"Bachelor's","8","لا  الجمعة فقط","2026-07-16T00:00:00.000Z"
"ae1b3acd-b529-4971-a1c9-3295bb2569cd","Structural","مصر","دمياط","8","Main Contractor","Site","EGP","24000","نعم","نعم","نعم","لا","لا","يتفاوض ولا يتنازل","لا",,"Bachelor's","11","لا  الجمعة فقط","2026-07-16T00:00:00.000Z"
"ae04aa72-326a-4aa0-9535-f36088cf4cb9","Mechanical","مصر","القاهرة","3","Main Contractor","Site","EGP","20000","لا","نعم","لا","ربما","نعم",,"لا","Social insurance - Medical insurance - Allowance - if you work holiday take salary for two days","Bachelor's","8","لا  الجمعة فقط","2026-07-16T00:00:00.000Z"
"ade77cf1-7c77-4945-8e61-f79517e76075","Mechanical","مصر","الاسكندريه","9","Oil & Gas","Hybrid","EGP","20000","لا","نعم","نعم","ربما","ربما",,"نعم",,"Bachelor's","8","نعم","2026-07-16T00:00:00.000Z"
"adb5d2ae-7c43-4a26-8078-73b5bf33bf9f","Mechanical","مصر","القاهرة","2","Main Contractor","Office","EGP","30000","نعم","لا","نعم","ربما","ربما",,"نعم","تأمين طبي و إجتماعي","Bachelor's","8","نعم","2026-07-16T00:00:00.000Z"
"ad8411ea-331d-487d-9b4c-4b7f04d1f0c3","Mechanical","فلسطين","رام الله","0","Government","Office","USD","2500","لا","نعم","لا","نعم","نعم","لا يوجد تفاوض ، هنالك سلم رواتب معتمد","لا","لا يوجد","Bachelor's","7","نعم","2026-07-16T00:00:00.000Z"
"ad73497f-6f45-40cc-878b-db5877914385","Electrical","مصر","القاهرة","11","Developer","Site","EGP","35000","لا","لا","لا","لا","لا",,"نعم",,"Bachelor's","9","لا  الجمعة فقط","2026-07-16T00:00:00.000Z"
"ad729687-91e9-43ca-bd7b-186020a2868c","Mechanical","السعودية","الخبر","7","Main Contractor","Site","SAR","9500","لا","لا","لا","لا","نعم","بتجربتي المتواضعة ما تبدأ براتب صغير وانت مقتنع انه بتستحق اكتر مقابل خبرتك وخدماتك الا حتقدمها وما تنساق مع كلمة حنزودك قدام لانه راتبك الا حتبدأ بيه هو الا حيتبني عليه أي علاوة ممكن تحصل ليك في الراتب او السلم الوظيفي.
قيم نفسك ماترضى بالقليل حتلقى الا حيتشري عطاءك ويقدر خبرتك ومجهودك.","لا",,"Bachelor's","9","لا  الجمعة فقط","2026-07-16T00:00:00.000Z"
"ad1c7dff-edbc-4839-a87b-b834f46953cb","Mechanical","مصر","القاهرة","5","Industrial","Site","EGP","10000","لا","نعم","لا","لا","نعم",,"نعم","لا","Diploma","8","لا  الجمعة فقط","2026-07-16T00:00:00.000Z"
"ace68d61-4159-43f9-b4cd-ec4b0278d899","Mechanical","مصر","القاهرة","7","Consultant","Office","EGP","41000","لا","نعم","نعم","لا","نعم",,"لا","راتب شهرين خلال السنة+مشاركة أرباح آخر السنة. تأمين طبي لك وللأسرة.","Bachelor's","8","نعم","2026-07-16T00:00:00.000Z"
"ace3d662-561c-49ae-be2e-f4efb71de8ce","Structural","مصر","القاهرة","4","Oil & Gas","Site","EGP","10000","نعم","نعم","نعم","نعم","نعم",,"لا",,"Diploma","11",,"2026-07-16T00:00:00.000Z"
"acda8d64-0b61-40d6-8bff-ff72441f818b","Mechanical","السعودية","الرياض","16","Supervision Consultant","Office","SAR","7000","لا","لا","لا","لا","لا",,"نعم","لا يوجد","Bachelor's","7","نعم","2026-07-16T00:00:00.000Z"
"aca6ed11-319f-4c26-a0cb-4b1af539dbd5","Facilities","مصر","القاهرة","8","Facility Management","Office","EGP","30000","لا","نعم","نعم","لا","نعم",,"نعم",,"Bachelor's","8","نعم","2026-07-16T00:00:00.000Z"
"ac9aa7e1-5930-433a-87e2-0dcc8120eda9","Electrical","مصر","السادات","9","Industrial","Site","EGP","28000","نعم","نعم","لا","لا","نعم",,"نعم",,"Bachelor's","9","لا  الجمعة فقط","2026-07-16T00:00:00.000Z"
"ac01cfaa-5cc1-4fb5-8efe-0202c2818421","Mechanical","مصر","القاهرة","1","Sub-Contractor","Office","EGP","17000","لا","لا","لا","ربما","نعم",,"لا",,"Bachelor's","9","نعم","2026-07-16T00:00:00.000Z"
"abfd5616-0628-4162-8ba6-03d910b4b911","Technical office","السعودية","Makkah","7","Main Contractor","Office","SAR","10000","نعم","نعم","لا","نعم","نعم",,"لا",,"Bachelor's","10","لا  الجمعة فقط","2026-07-16T00:00:00.000Z"
"abe5faa6-00f8-4326-a2dc-283f602682a5","Structural","مصر","الاسكندرية","8","Main Contractor","Site","EGP","18000","نعم","نعم","نعم","لا","نعم","لا تتنازل عن الراتب المناسب لظروفه وفي نفس الوقت لا تبحث نفسك وتصر زملاءه بالموافقة علي راتب متدنية","نعم","تامين طبيواجتماعي ومصايف تابعة للشركة وفرصة سفر بفروع الشركة الخارجية","Bachelor's","10","لا  الجمعة فقط","2026-07-16T00:00:00.000Z"
"abd45c04-259a-4f74-8a03-ebf1d9f98845","Mechanical","مصر","الساحل الشمالي","2","Main Contractor","Site","EGP","21600","نعم","لا","لا","لا","لا",,"لا",,"Bachelor's","9","لا  الجمعة فقط","2026-07-16T00:00:00.000Z"
"ab9b5171-8550-4e0c-9ad7-37625345f36b","Mechanical","مصر","القاهرة","8","Facility Management","Site","EGP","34000","لا","لا","نعم","ربما","نعم","أن يعرف جميع مهام عمله قبل التفاوض علي الراتب","نعم","شهر بونص وشهر ثاني طبقا للتقيم السنوي","Bachelor's","8","نعم","2026-07-16T00:00:00.000Z"
"ab5d25f8-69c1-4e03-8aa1-9b417a1e9436","Mechanical","مصر","القاهرة","3","Main Contractor","Site","EGP","25000","نعم","لا","لا","ربما","لا","متجيش ع نفسك عشان تكتسب خبره وترخص من مهنه الهندسه رزقك كده كده هيجيلك وكده كده هتكتسب الخبره","لا","التامين شامل","Bachelor's","9","لا  الجمعة فقط","2026-07-16T00:00:00.000Z"
"ab53ed8d-4c03-460c-91d5-ce74df823838","Mechanical","الامارات","دبي","8","Sub-Contractor","Site","AED","10000","لا","نعم","لا","لا","نعم",,"لا",,"Bachelor's","8","لا  الجمعة فقط","2026-07-16T00:00:00.000Z"
"ab435fbd-c262-4e10-85d2-903fafdc78a6","Mechanical","مصر","القاهرة","3","Consultant","Office","EGP","25000","لا","لا","لا","لا","نعم",,"لا",,"Bachelor's","8","نعم","2026-07-16T00:00:00.000Z"
"aaf9f00d-00d8-4f17-a6da-698e307f8caf","Mechanical","مصر","القاهرة","3","Consultant","Office","EGP","20000","لا","لا","لا","لا","نعم","Min 25 k from bim designing fuild","لا",,"Bachelor's","9","نعم","2026-07-16T00:00:00.000Z"
"aaf6398e-7956-415e-867c-0f1cc82e784c","Mechanical","مصر","القاهرة","2","Developer","Office","EGP","19000","نعم","لا","لا","نعم","ربما",,"لا",,"Bachelor's","8","نعم","2026-07-16T00:00:00.000Z"
"aacb7d36-ff30-48d3-bb0e-a5f738a9171d","Mechanical","مصر","القاهرة","3","Main Contractor","Office","EGP","20000","نعم","نعم","نعم","ربما","ربما",,"نعم",,"Bachelor's","10","لا  الجمعة فقط","2026-07-16T00:00:00.000Z"
"aab697cf-3a9d-4021-8244-5a6984a240fa","Mechanical","مصر","القاهرة","18","Developer","Office","EGP","72000","لا","نعم","لا","لا","ربما",,"لا","Social and medical insurance","Bachelor's","8","نعم","2026-07-16T00:00:00.000Z"
"aaaefe87-579e-4438-8529-9c2ca0cd4141","Mechanical","مصر","القاهرة","4","Main Contractor","Site","EGP","28000","نعم","لا","نعم","ربما","نعم",,"لا","لا يوجد","Bachelor's","9","لا  الجمعة فقط","2026-07-16T00:00:00.000Z"
"aa796b93-78e7-4e4e-ab68-30d2537516a2","Mechanical","مصر","القاهرة","4","Sub-Contractor","Site","EGP","19000","لا","نعم","نعم","ربما","نعم",,"نعم",,"Bachelor's","8","لا  الجمعة فقط","2026-07-16T00:00:00.000Z"
"aa58a65d-8737-4223-901c-53ab320e8a0c","Structural","السعودية","الرياض","4","Main Contractor","Hybrid","SAR","4500","نعم","نعم","لا","لا","لا",,"لا",,"Bachelor's","8","لا  الجمعة فقط","2026-07-16T00:00:00.000Z"
"aa579a72-ac07-47a3-861c-d9fb290dfc7b","Biomedical","مصر","القاهرة","1","Medical Supplies","Office","EGP","10000","لا","لا","لا","ربما","لا","ميقبلش اقل من الحد الادنى الا لو مضطر ويكون مؤقتا","لا","ما اتمتت سنه لانهم بيطردو الناس وقت ما يحسو بأزمه ماديه","Bachelor's","8","لا  الجمعة فقط","2026-07-16T00:00:00.000Z"
"aa3ee366-8bad-4f30-8c32-47c5580d922e","Mechanical","السعودية","جده","12","Main Contractor","Office","SAR","13058","لا","لا","لا","لا","ربما","اضغط على الاتش ار على شان هتروح هتلاقى رواتب عالية","نعم",,"Bachelor's","9","نعم","2026-07-16T00:00:00.000Z"
"aa2a7bbc-0e3b-4241-a9db-e97f92d93059","Structural","مصر","القاهرة","5","Main Contractor","Office","EGP","21000","نعم","لا","نعم","لا","ربما",,"نعم",,"Bachelor's","8","لا  الجمعة فقط","2026-07-16T00:00:00.000Z"
"aa055d4f-e3b7-4e21-be30-1422fa4ac297","Structural","مصر","القاهرة","7","Main Contractor","Office","EGP","33000","نعم","لا","لا","ربما","نعم","دفعتي اللي هي ١٩ يطلب ٤٠ فيما فوق وده صافي","لا","تامين طبي واجتماعي","Bachelor's","8","لا  الجمعة فقط","2026-07-16T00:00:00.000Z"
"a9fd06d6-57cd-4945-a426-fbe6cfa6deca","Electrical","مصر","القاهرة","18","Consultant","Site","EGP","48500","لا","نعم","لا","ربما","نعم","ادرس السوق كويس والراتب اللي تطلبه اثبت عليه هتاخده إن شاء الله","نعم",,"Bachelor's","8","لا  الجمعة فقط","2026-07-16T00:00:00.000Z"
"a9f3f03a-7fab-4ff4-ad17-44fd1f7bcadf","Mechanical","مصر","القاهرة","1","Sub-Contractor","Site","EGP","12000","لا","لا","نعم","ربما","نعم","اطلب اعلي من ال انتا عاوزه","لا","لا يوجد","Bachelor's","8","لا  الجمعة فقط","2026-07-16T00:00:00.000Z"
"a99f16ff-6b14-438a-ad7b-6493a72f616c","Mechanical","مصر","القاهرة","2","Consultant","Office","EGP","30000","لا","لا","لا","نعم","نعم",,"لا",,"Bachelor's","8","نعم","2026-07-16T00:00:00.000Z"
"a95a95cd-ec1d-4a57-8b42-bff19e97567d","Mechanical","مصر","القاهرة","18","Government","Office","EGP","24000","نعم","لا","لا","لا","لا",,"لا",,"Bachelor's","9","نعم","2026-07-16T00:00:00.000Z"
"a94d0ae5-fff4-4523-ac9b-767344992ac9","Mechanical","مصر","القاهرة","2","Oil & Gas","Hybrid","EGP","15500","لا","نعم","نعم","ربما","نعم",,"لا","ربع سنوي-ارباح سنوية","Bachelor's","8","نعم","2026-07-16T00:00:00.000Z"
"a930dc20-54b3-4eba-b953-b6ca491cb8f5","Structural","السعودية","مكة","10","Main Contractor","Site","SAR","7000","لا","نعم","نعم","لا","لا",,"لا",,"Bachelor's","8","لا  الجمعة فقط","2026-07-16T00:00:00.000Z"
"a92f8d64-10ff-4400-8e04-7152e5b80e60","Electrical","مصر","القاهرة","15","Main Contractor","Site","EGP","70000","لا","لا","نعم","نعم","نعم",,"نعم",,"Bachelor's","8","لا  الجمعة فقط","2026-07-16T00:00:00.000Z"
"a91da4d9-853e-4587-a0ce-0f2dffa3ead6","Mechanical","مصر","Hurghada","3","Supervision Consultant","Site","EGP","37000","نعم","نعم","نعم","نعم","نعم","محاولة طلب الحد الاقصي و عدم القبول بالأرقام الضعيفة","لا","تامين عائلي شامل و بنزين","Bachelor's","8","نعم","2026-07-16T00:00:00.000Z"
"a8ea8e68-2146-4405-9fe2-0ccd0da1d52f","Structural","مصر","القاهرة","11","Sub-Contractor","Office","EGP","36000","لا","لا","نعم","لا","لا",,"لا",,"Bachelor's","8","لا  الجمعة فقط","2026-07-16T00:00:00.000Z"
"a89c454e-d9ec-4b8b-970e-97cb29e2aa63","Mechanical","مصر","القاهرة","8","Sub-Contractor","Office","EGP","27000","لا","لا","نعم","لا","نعم",,"لا",,"Bachelor's","8","نعم","2026-07-16T00:00:00.000Z"
"a872de78-76cb-4b6c-b587-68ee0c8c4e93","Mechanical","مصر","القاهرة","3","Sub-Contractor","Site","EGP","10000","نعم","نعم","لا","لا","لا",,"لا","KPI","Bachelor's","8","لا  الجمعة فقط","2026-07-16T00:00:00.000Z"
"a8405539-c47e-43e9-9213-b0ee13e1fca3","Mechanical","مصر","القاهرة","1","Consultant","Office","EGP","18000","لا","لا","نعم","لا","نعم",,"لا","كل 3 شهور فيه تقييم ممكن يوصل ل 6000 جنيه","Bachelor's","8","نعم","2026-07-16T00:00:00.000Z"
"a8325375-3664-4728-844b-8609095f6dd2","Mechanical","مصر","القاهرة","1","Sub-Contractor","Site","EGP","10000","لا","لا","لا","لا","نعم","13000","نعم",,"Bachelor's","9","لا  الجمعة فقط","2026-07-16T00:00:00.000Z"
"a8288b00-ef55-4b36-ae95-ed730f4ad833","Mechanical","مصر","القاهرة","2","Main Contractor","Office","EGP","19000","لا","لا","نعم","نعم","ربما","حاول دايما تتفاوض علي المرتب بالذات لو رايح مكان جديد جرب ممكن المكالمه دي تزيد فيها ٢٠٠٠ ل ٣٠٠٠ جنيه","لا","حوافز كل ربع سنوي بالاضافه الي منحه سنويه باجمالي ٥ مرتبات","Bachelor's","9","نعم","2026-07-16T00:00:00.000Z"
"a80d56f2-8c2a-418a-8667-f95881d75277","Mechanical","مصر","السادات","3","Sub-Contractor","Site","EGP","17000","نعم","نعم","لا","ربما","نعم",,"لا",,"Bachelor's","9","لا  الجمعة فقط","2026-07-16T00:00:00.000Z"
"a802eaca-a6c0-470b-8ed1-5ca256f5632e","Mechanical","مصر","القاهرة","3","Main Contractor","Office","EGP","25000","نعم","نعم","لا","لا","نعم",,"لا","الانتظام في المرتب","Bachelor's","8","نعم","2026-07-16T00:00:00.000Z"
"a7efd43b-c13b-4ea0-aa2f-e5af783265d4","Mechanical","مصر","القاهرة","1","Sub-Contractor","Site","EGP","10000","نعم","لا","نعم","لا","نعم",,"لا",,"Bachelor's","8","لا  الجمعة فقط","2026-07-16T00:00:00.000Z"
"a7e34667-0a58-4025-b713-b10246c0e96a","Mechanical","مصر","القاهرة","0","Main Contractor","Office","EGP","84000","لا","لا","لا","ربما","ربما","اذا سألت فسأل الله وإذا استعنت فاستعن بالله","لا",,"Bachelor's","8","لا  الجمعة فقط","2026-07-16T00:00:00.000Z"
"a7d92a46-d593-4998-8699-caed7c083768","FLS","السعودية","الرياض","9","Consultant","Hybrid","SAR","12000","لا","نعم","لا","ربما","نعم",,"نعم",,"Bachelor's","9","نعم","2026-07-16T00:00:00.000Z"
"a7d7f9c4-0e33-479f-ba86-77ea3148b0a1","bms","مصر","القاهرة","2","Facility Management","Site","EGP","18000","لا","لا","لا","ربما","نعم",".","لا","بونص كل 3 شهور","Bachelor's","7","نعم","2026-07-16T00:00:00.000Z"
"a7ce6e9c-2222-4cd0-bbc4-92a1b1ee5b24","Mechanical","مصر","القاهرة","1","Main Contractor","Office","EGP","15000","نعم","لا","نعم","لا","نعم",,"لا",,"Bachelor's","8","نعم","2026-07-16T00:00:00.000Z"
"a7cbb148-0847-4077-99b7-b809eb7373a7","Mechanical","السعودية","الرياض","7","Main Contractor","Site","SAR","12500","لا","لا","نعم","ربما","ربما",,"لا",,"Bachelor's","9","لا  الجمعة فقط","2026-07-16T00:00:00.000Z"
"a7b2457b-40e5-4c32-b2e0-7541b7ca435f","Mechanical","مصر","القاهرة","1","Fresh Graduate Engineer","Site","EGP","1000","لا","نعم","نعم","ربما","نعم","..","لا","لا يوجد","Bachelor's","9","نعم","2026-07-16T00:00:00.000Z"
"a776c342-5604-4aa5-a88f-7aa825f18568","Cost control","مصر","القاهرة","10","Developer","Office","EGP","53000","نعم","نعم","نعم","ربما","نعم",,"لا",,"Bachelor's","8",,"2026-07-16T00:00:00.000Z"
"a727caf1-a121-4590-8d2d-e095a249a5f6","Mechanical","مصر","القاهرة","2","Main Contractor","Hybrid","USD","600","لا","لا","لا","نعم","نعم",,"لا","المرتب بالدولار واجازة يومين ونظام العمل عن بعد ومن المكتب لكن لا توجد زيادة سنوية","Diploma","8","نعم","2026-07-16T00:00:00.000Z"
"a7221e80-c07e-4680-be5f-badf2710565d","Mechanical","مصر","القاهرة","3","3rd party","Office","EGP","22000","لا","لا","لا","ربما","لا",,"لا",,"Bachelor's","8","لا  الجمعة فقط","2026-07-16T00:00:00.000Z"
"a6eddf0b-15b6-4ba2-9591-1f5e72b7c15b","Mechanical","السعودية","الرياض","2","Manufacturer","Office","SAR","7500","لا","لا","لا","ربما","ربما",,"لا",,"Bachelor's","8","لا  الجمعة فقط","2026-07-16T00:00:00.000Z"
"a6e00631-07b1-41b6-9c58-f5acad185c0f","Structural","مصر","اسيوط","13","Sub-Contractor","Site","EGP","72000","نعم","نعم","لا","نعم","نعم","حاول تبقي عارف تقييمك في السوق ومن خلاله تتفاوض علي الراتب المناسب","نعم",,"Bachelor's","8","نعم","2026-07-16T00:00:00.000Z"
"a6d223cf-b93a-4c06-ac42-03b0cecd10e4","BIM","مصر","القاهرة","3","Main Contractor","Office","EGP","21000","نعم","لا","لا","لا","نعم",,"لا","خط شركة وبدلات للمواقع","Bachelor's","8","نعم","2026-07-16T00:00:00.000Z"
"a6b8dc40-0ed2-4b5a-b1ea-c1624bafbac5","Mechanical","السعودية","الرياض","9","Main Contractor","Hybrid","SAR","12500","لا","نعم","لا","ربما","نعم","اطلب الرقم الي يرضيك وتمسك بيه علشان متندمش وتكون شغال بدون تفكير وتانيب ضمير انك كنت تستاهل اكتر من كده واتقي الله ربنا هيوسع عليك","نعم",,"Bachelor's","11","لا  الجمعة فقط","2026-07-16T00:00:00.000Z"
"a6ad3639-c63d-4ed2-afa7-138ab6bbe087","Electrical","مصر","القاهرة","1","Main Contractor","Site","EGP","12000","لا","نعم","لا","ربما","ربما",,"لا",,"Bachelor's","8","نعم","2026-07-16T00:00:00.000Z"
"a6a6f293-e95d-4ff7-9117-c779af2ed02b","Structural","مصر","بورسعيد","8","Main Contractor","Site","EGP","42000","نعم","نعم","نعم","لا","نعم",,"لا",,"Bachelor's","11","نعم","2026-07-16T00:00:00.000Z"
"a66b9b86-66f3-4d4d-a42c-cfcd64d0acc8","Mechanical","مصر","القاهرة","4","Consultant","Office","EGP","25000","لا","لا","لا","لا","نعم",,"لا",,"Bachelor's","8","نعم","2026-07-16T00:00:00.000Z"
"a656fed1-eb7a-4af6-be2e-9c333792aaeb","Electrical","السعودية","جدة","7","Main Contractor","Site","SAR","9000","لا","لا","لا","نعم","نعم",,"لا",,"Bachelor's","9","لا  الجمعة فقط","2026-07-16T00:00:00.000Z"
"a61d205a-ce49-40da-8917-2d5165349be1","Structural","مصر","القاهرة","11","Consultant","Office","EGP","20000","لا","لا","نعم","لا","ربما",,"نعم","لا يوجد","Master's","8","نعم","2026-07-16T00:00:00.000Z"
"a6133e5f-9013-474a-be52-f4288f8b1b8b","Structural","مصر","أسيوط","10","Sub-Contractor","Hybrid","EGP","7500","لا","لا","لا","لا","لا",,"لا","ولا أي إمتياز","Bachelor's","10","لا  الجمعة فقط","2026-07-16T00:00:00.000Z"
"a60bf8bd-e1b6-47a7-8feb-445e297a89a1","Mechanical","السعودية","الرياض","2","Consultant","Hybrid","SAR","2800","نعم","نعم","لا","لا","ربما","تفاوض على راتب عالي مالايقل عن خمسه الف","نعم","ولا شي","Bachelor's","10","لا  الجمعة فقط","2026-07-16T00:00:00.000Z"
"a6047b97-6190-440a-b405-7967a95af511","Mechanical","السعودية","الرياض","20","Consultant","Office","SAR","23000","لا","نعم","نعم","لا","نعم","اهم حاجة تكون في وظيفة علشان ما تكون مكسور وحاول تخفف من الالتزامات على قدر المستطاع","لا",,"Bachelor's","9","نعم","2026-07-16T00:00:00.000Z"
"a5b4d070-45fe-4b1f-a0d8-141ffbe9401c","Mechanical","مصر","القاهرة","1","BIM service","Office","EGP","15000","لا","لا","لا","نعم","نعم",".","لا",".","Bachelor's","9","نعم","2026-07-16T00:00:00.000Z"
"a5a526f1-200a-4e7f-901a-5c05fc44c34e","Mechanical","مصر","القاهرة","1","Main Contractor","Office","EGP","12000","لا","لا","لا","ربما","نعم",,"نعم",,"Bachelor's","9","نعم","2026-07-16T00:00:00.000Z"
"a5a3f14c-310a-44c1-825d-1d271b859407","Structural","مصر","القاهرة","2","Main Contractor","Site","EGP","10000","لا","لا","لا","لا","نعم","متتنازلش عن مرتبك بتاع دفعتك","لا","بيئه عمل محترمه","Bachelor's",,"لا  الجمعة فقط","2026-07-16T00:00:00.000Z"
"a56c26b1-b7c5-4a4f-87f9-0423b1f3819a","Chemical engineer","العراق","النجف","1","HVAC","From Home","DINAR","500000","لا","لا","لا","ربما","نعم",,"لا",,"Bachelor's","6","نعم","2026-07-16T00:00:00.000Z"
"a566ad67-2130-4a85-903e-3d4a81d7227f","Electrical","مصر","٦ اكتوبر","2","Industrial","Office","EGP","19000","نعم","نعم","نعم","ربما","نعم",,"لا",,"Bachelor's","8","نعم","2026-07-16T00:00:00.000Z"
"a54c9133-37b9-4496-936c-8ffa0eeb233b","لاندسكيب شبكات ري","مصر","الساحل الشمالي","6","Sub-Contractor","Site","EGP","19000","نعم","نعم","لا","ربما","ربما",,"نعم",,"Bachelor's","9","نعم","2026-07-16T00:00:00.000Z"
"a4512f3b-0f82-43a0-a7cb-e31a94a97736","Mechanical","مصر","القاهرة","5","Main Contractor","Office","SAR","3350","لا","لا","لا","لا","نعم",,"لا",,"Bachelor's","9","نعم","2026-07-16T00:00:00.000Z"
"a3bf7c3a-f189-47bc-a104-e48e537340f3","Mechanical","السعودية","بريدة - القصيم","5","Main Contractor","Office","SAR","6500","نعم","نعم","لا","نعم","نعم","قارن نفسك بمتوسط السوق واقبل المتاح حتى لو شايف إنه قليل ودور ع الافضل وانت شغال لان الشغل بيعمل علاقات ومعارف وبيجيب شغل","لا",,"Bachelor's","8","لا  الجمعة فقط","2026-07-16T00:00:00.000Z"
"a3b0ccce-5e13-4434-8c96-9c3b218754e5","Mechanical","السعودية","الرياض","2","Main Contractor","Site","SAR","5000","نعم","نعم","لا","لا","ربما",,"لا",,"Bachelor's","8","لا  الجمعة فقط","2026-07-16T00:00:00.000Z"
"a3a27a23-4fdc-49c0-a74b-2c1b67058322","Structural","مصر","مطروح","5","Consultant","Site","EGP","23500","نعم","نعم","نعم","لا","لا","امسك ف اللى يناسبك وقدر نفسك كويس جدا","لا","بدل اعاشة 165 ج ف اليوم وبدل سكن 5175","Bachelor's","10","لا  الجمعة فقط","2026-07-16T00:00:00.000Z"
"a3871be3-11ab-40e1-a3f3-bc4ada6e2c4a","Mechanical","الاردن","عمان","3","Sub-Contractor","Hybrid","JOD","500","نعم","نعم","نعم","نعم","نعم",,"لا",,"Bachelor's","9","نعم","2026-07-16T00:00:00.000Z"
"a385b5b0-7477-41ba-a1cb-f70732acea1d","Structural","مصر","القاهرة","2","Main Contractor","Site","EGP","9000","نعم","نعم","لا","لا","لا",,"نعم",,"Bachelor's","8","لا  الجمعة فقط","2026-07-16T00:00:00.000Z"
"a33c7051-0586-45a9-8492-b8224a6985d1","Mechanical","مصر","القاهرة","3","Main Contractor","Office","EGP","18000","نعم","لا","لا","لا","ربما","متقولش راتبك الحالي كام عشان محدش هيقدر اي رقم بعد الرقم ده وهيديك 2000 عليهم وشكرا","لا",,"Bachelor's","9","نعم","2026-07-16T00:00:00.000Z"
"a3187fc9-32d0-4804-be18-86cfc9d57b5a","Mechanical","مصر","القاهرة","2","Consultant","Office","EGP","16000","لا","لا","لا","لا","نعم",,"نعم",,"Bachelor's","9","نعم","2026-07-16T00:00:00.000Z"
"a2f8281f-f542-471f-936b-0a5324686eb0","Structural","مصر","البحيره","3","Consultant","Site","EGP","13000","لا","لا","لا","لا","نعم",,"لا","لا يوجد","Bachelor's","9","لا  الجمعة فقط","2026-07-16T00:00:00.000Z"
"a2f2339f-99ff-4e43-a8eb-0df81e2e65d5","Mechanical","مصر","القاهرة","2","Sub-Contractor","Office","EGP","19000","لا","لا","لا","ربما","ربما",,"لا",,"Bachelor's","8","نعم","2026-07-16T00:00:00.000Z"
"a2e35724-1d46-4e5d-ab95-5cae305485a1","Architecture","الامارات","ابو ظبي","4","Consultant","Office","USD","1360","لا","نعم","لا","ربما","نعم",,"نعم",,"Bachelor's","9","نعم","2026-07-16T00:00:00.000Z"
"a2d0031d-a60d-48e4-b830-15e58cf886ca","Mechanical","مصر","القاهرة","12","Cnc","Office","EGP","14000","لا","لا","لا","لا","ربما","ماتتنزلش عن حقك","نعم","لا يوجد","Diploma","11","لا  الجمعة فقط","2026-07-16T00:00:00.000Z"
"a2ba7428-eda6-4a93-a349-1418e730ac2f","Mechanical","مصر","القاهرة","2","Consultant","Office","EGP","18000","نعم","لا","لا","لا","نعم",,"لا",,"Bachelor's","9","نعم","2026-07-16T00:00:00.000Z"
"a2b52eab-24a4-454f-8d3f-c1c379d880b6","Structural","مصر","القاهرة","1","Main Contractor","Hybrid","EGP","11000","لا","نعم","لا","ربما","ربما",,"لا","لا يوجد","Bachelor's","9","نعم","2026-07-16T00:00:00.000Z"
"a2b10530-240d-4562-9ea7-cac88cc4624c","Mechanical","مصر","القاهرة","2","Sub-Contractor","Office","EGP","20000","لا","لا","نعم","نعم","نعم",,"لا","بونص سنوى وفى الأعياد","Bachelor's","9","نعم","2026-07-16T00:00:00.000Z"
"a2a52066-9c22-4eef-aee9-50bd33dafc3d","Mechanical","مصر","القاهرة","1","Consultant","Office","EGP","15000","لا","لا","لا","ربما","نعم",,"لا",,"Master's","9","نعم","2026-07-16T00:00:00.000Z"
"a2831b57-13f9-4972-8985-7ccd9add4a2c","Mechanical","مصر","القاهرة","1","Main Contractor","Office","EGP","15000","نعم","نعم","نعم","ربما","نعم","اطلب اكتر ما انت عاوز لأن وقت التفاوض هتنزل لل انت محتاجه ويمكن اكتر ولكن متحددش رقم غير لما يطلب منك وبين أن أول اهتمامك انك تطور من نفسك ومن المكان اللي هتكون فيه","لا","مكافئات كل مستخلص بيئة عمل جيدة جدا و تعامل ممتاز الزملاء وبعضهم","Bachelor's","8","لا  الجمعة فقط","2026-07-16T00:00:00.000Z"
"a269b29f-14fe-4e37-945f-fc63b81db799","Mechanical","مصر","القاهرة","3","Industrial","Office","EGP","14000","نعم","نعم","لا","لا","لا","راتب لا يقل عن 22000 لنفس الخبرة","لا","تامين طبى واجتماعى","Bachelor's","9","نعم","2026-07-16T00:00:00.000Z"
"a2319587-f53b-406b-9592-1d3f142c5cf4","Mechanical","السعودية","رابغ","8","Consultant","Site","SAR","11000","نعم","لا","لا","نعم","نعم",,"نعم",,"Bachelor's","8","لا  الجمعة فقط","2026-07-16T00:00:00.000Z"
"a221f039-d991-48cf-9a7b-0db97a446b33","Electrical","مصر","القاهرة","2","Sub-Contractor","Office","EGP","27000","لا","لا","نعم","ربما","ربما","دايما وانت شغال فاوض براحتك انت مش خسران حاجه واطلب أعلي رقم عشان دة يبقي متوسط المرتبات الطبيعي","نعم",,"Bachelor's","8","نعم","2026-07-16T00:00:00.000Z"
"a208181d-eb03-466e-829a-99534a504fa2","Mechanical","مصر","القاهرة","4","Consultant","Site","EGP","25000","لا","لا","نعم","ربما","ربما","تفاوض ف الاعلى تاخد المطلوب ولا تتراجع عن الرقم المناسب ليك","لا",,"Bachelor's","8","نعم","2026-07-16T00:00:00.000Z"
"a1e7a8c3-8d14-4ab5-9a29-cc82495ffb53","Mechanical","مصر","الساحل الشمالي","1","Sub-Contractor","Site","EGP","18000","نعم","نعم","نعم","نعم","نعم",,"لا",,"Bachelor's","8","نعم","2026-07-16T00:00:00.000Z"
"a1bf0a46-ac82-4518-915f-4a9c7127d108","Alexandria","مصر","Alexandria","15","Consultant","Office","EGP","61500","لا","لا","نعم","لا","نعم",,"لا",,"Bachelor's","8.5","نعم","2026-07-16T00:00:00.000Z"
"a1a8a0cf-1fa6-47fa-8062-394d894251b1","BIM","مصر","القاهرة","2","Sub-Contractor","Office","EGP","25000","لا","لا","لا","ربما","نعم",,"لا",,"Bachelor's","9","نعم","2026-07-16T00:00:00.000Z"
"a1a739e2-59fd-4bdd-84f0-068e83d44f18","Mechanical","مصر","القاهرة","2","Consultant","Office","USD","550","لا","لا","لا","نعم","نعم",,"لا",,"Bachelor's","9","نعم","2026-07-16T00:00:00.000Z"
"a19dfef1-2615-47a6-8095-5139a8252b0a","Mechanical","مصر","القاهرة","1","Sub-Contractor","Office","EGP","15000","نعم","نعم","لا","لا","نعم","ما تقللش من نفسك واطلب مرتب عالى","لا",,"Bachelor's","8","لا  الجمعة فقط","2026-07-16T00:00:00.000Z"
"a14fb197-f203-4192-ae3c-3db742d980bb","Mechanical","مصر","الشرقية","1","Sub-Contractor","Hybrid","EGP","16000","نعم","لا","لا","لا","ربما","اسأل ع كل التفاصيل سواء كنت موقع او مكتب 
لو موقع اسأل على السكن وبدل الانتقالات وطريقة الشغل وهل فى سينيور معاك ولا لأ 
ولو مكتب اسأل ع البدلات برده ونفس الكلام بالنسبة للسينيور 
واطلب مرتب اكتر من اللى انت عاوزه عشان كده كده اللى بيتكلم معاه هينزلوا واطلب البدلات اهم حاجة 
وخليك واضح وخلى بالك من تفاصيل العقد قبل م تمضى عليه","لا",,"Bachelor's","8","لا  الجمعة فقط","2026-07-16T00:00:00.000Z"
"a117d996-7398-470a-8541-6b8ba504048c","Mechanical","مصر","القاهرة","2","Sub-Contractor","Site","EGP","13000","نعم","نعم","نعم","لا","نعم","..","لا","..","Bachelor's","6","لا  الجمعة فقط","2026-07-16T00:00:00.000Z"
"a0f50bc1-47d3-4433-a0d4-3bcb9937e3ec","Mechanical","السعودية","الرياض","12","Sub-Contractor","Site","SAR","8000","نعم","نعم","لا","لا","نعم",,"لا",,"Bachelor's","8","لا  الجمعة فقط","2026-07-16T00:00:00.000Z"
"a0f2bca8-f9a6-4273-86a7-3293d3eaaa57","Mechanical and electrical","مصر","القاهرة","1","Sub-Contractor","Site","EGP","20000","نعم","نعم","لا","نعم","ربما","محدش يتهاون فى حقه يمكن ديه اول شغل ليا دلوقت بس اللى استفادته انى لازم يبقا فى عقد وتأمين وبدلات واوفر تايم غير مرتبك الأساسى ومحدش بيجبى عليك ده حقك","لا","معتقدش فيه","Bachelor's",,"لا  الجمعة فقط","2026-07-16T00:00:00.000Z"
"a0cebdb7-de5d-4a6d-95c6-904240845366","Electrical","مصر","القاهرة","2","Sub-Contractor","Office","EGP","18000","لا","لا","نعم","لا","نعم","اتفق ع الرقم يكون للسنه كامله عشام مفيش زياده فاغلب الشركات بعد ٦ شهور","لا",,"Bachelor's","10","نعم","2026-07-16T00:00:00.000Z"
"a082f14b-eb4b-4b38-9383-c38d0f0d3fe2","Mechanical","مصر","القاهرة","6","Facility Management","Site","EGP","22000","نعم","نعم","لا","ربما","لا",,"لا",,"Bachelor's","8","نعم","2026-07-16T00:00:00.000Z"
"a073d5a2-4d0b-423d-a0a7-484dcb5937a4","Electrical","السعودية","الخبر","14","Main Contractor","Site","SAR","20000","لا","لا","لا","نعم","نعم",,"لا",,"Bachelor's","10","لا  الجمعة فقط","2026-07-16T00:00:00.000Z"
"a007afb6-0f80-45f3-98a9-b8299d72b317","Electrical","مصر","توشكي","5","Sub-Contractor","Site","EGP","20000","نعم","نعم","لا","ربما","لا",,"لا",,"Bachelor's","11","نعم","2026-07-16T00:00:00.000Z"
"a004b3c3-146a-479a-a0b2-6a22719807e9","Electrical","مصر","القاهرة","18","Main Contractor","Office","EGP","55000","لا","لا","لا","نعم","نعم",,"لا",,"Bachelor's","7","لا  الجمعة فقط","2026-07-16T00:00:00.000Z"
"9ff81498-5b0c-4f33-be70-a9de46bf3e0c","Mechanical","مصر","القاهرة","3","Consultant","Site","EGP","19000","نعم","نعم","لا","لا","لا","لا","لا","حلاوة المولد","Bachelor's","9","لا  الجمعة فقط","2026-07-16T00:00:00.000Z"
"9fdd0224-6ea7-4c61-b612-3ecf50e8c87a","Mechanical","مصر","القاهرة","2","Sub-Contractor","Office","EGP","15000","نعم","لا","نعم","لا","نعم",,"نعم",,"Bachelor's","8","لا  الجمعة فقط","2026-07-16T00:00:00.000Z"
"9fd3f6b7-9b68-4d3f-984a-e4d698593b75","Structural","مصر","جنوب سيناء","5","Supervision Consultant","Site","EGP","30000","نعم","نعم","نعم","نعم","ربما","متقللش من نفسك وأثبت علي الراتب اللي انت شايفه صح","نعم",,"Bachelor's","7","نعم","2026-07-16T00:00:00.000Z"
"9fb54e5d-0003-4bfb-8895-982187cbe3bc","Mechanical","مصر","القاهرة","2","Main Contractor","Office","EGP","16000","لا","نعم","لا","ربما","نعم",,"لا",,"Bachelor's","9","لا  الجمعة فقط","2026-07-16T00:00:00.000Z"
"9f8885f7-40ff-428f-a709-59f04e8c57ef","Structural","مصر","القاهرة","2","Main Contractor","Site","EGP","10000","نعم","نعم","نعم","لا","لا","نفسى اعرف النصائح اى والله","لا","تنقلات المغتربين للمحافظه","Bachelor's","8","لا  الجمعة فقط","2026-07-16T00:00:00.000Z"
"9f6d2dfd-6852-414f-ad9f-f54b7b44feb3","Mechanical","مصر","القاهرة","2","Government","Site","EGP","11000","نعم","نعم","لا","لا","لا",,"لا","تثبيت بعد عام","Bachelor's","8","لا  الجمعة فقط","2026-07-16T00:00:00.000Z"
"9f69c78d-1350-489d-88b4-ed75d75f218b","Mechanical","مصر","القاهرة","1","Consultant","Office","EGP","15000","لا","لا","لا","ربما","نعم",,"لا",,"Bachelor's","8","نعم","2026-07-16T00:00:00.000Z"
"9f3b1088-98c1-45ee-bac2-533ca31715a8","Mechanical","مصر","القاهرة","1","Main Contractor","Hybrid","EGP","9000","لا","نعم","لا","لا","نعم","تكون مرتب اسئلتك كلها وكاتبها قبل ما تبدا تتفاوض عشان متنساش حاجه والحاجات اللي حاسس ان مفيهاش تفاوض بالمسبالك متتنازلش عنها بفكره ان ٣ شهور وهيبقي فيه كلام تاني حط كل نقاطك عشان ميحصلش اختلاف","لا","المكان بيئته كويسه اوي بس الارقام ديه قبل ما اخش الجيش معرفش لو كملت معاهم بعدها هتبقي كام","Bachelor's","8","لا  الجمعة فقط","2026-07-16T00:00:00.000Z"
"9ef18b82-5ddd-4f93-a2e7-66ac1a38ae4c","Maintenance","مصر","القاهرة","1","Facility Management","Site","EGP","15000","لا","نعم","لا","ربما","نعم",,"لا",,"Bachelor's","9","لا  الجمعة فقط","2026-07-16T00:00:00.000Z"
"9ec7a980-17df-4562-9b3d-b4fc31a4306b","Mechatronics","مصر","القاهرة","2","Consultant","Office","USD","550","لا","لا","نعم","ربما","لا",,"نعم",,"Bachelor's","9","نعم","2026-07-16T00:00:00.000Z"
"9eb6710b-002e-4cde-be4b-ea09d64333f2","Mechanical","مصر","القاهرة","3","Supervision Consultant","Site","EGP","20000","لا","لا","لا","نعم","نعم",,"لا","..لانا","Bachelor's","8","نعم","2026-07-16T00:00:00.000Z"
"9e8e7344-0d63-43f1-b43a-749bd0ff963d","BIM","مصر","الاسكندرية","2","Consultant","Office","EGP","18000","لا","لا","لا","نعم","نعم",,"لا",,"Bachelor's","8","نعم","2026-07-16T00:00:00.000Z"
"9e132dec-737c-4922-a699-ea3b5f01a07c","Mechanical","مصر","اسيوط","2","Consultant","Office","EGP","16400","لا","لا","نعم","لا","لا",,"لا",,"Bachelor's","9","نعم","2026-07-16T00:00:00.000Z"
"9e048240-ac81-4de0-83ca-0b021b675078","Mechanical","مصر","القاهرة","13","Main Contractor","Site","EGP","65000","لا","نعم","نعم","ربما","نعم",,"نعم",,"Bachelor's","9","نعم","2026-07-16T00:00:00.000Z"
"9dfca21e-6e99-43ff-9a9b-e8589183112c","Structural","مصر","الإسكندرية","6","Main Contractor","Site","EGP","54600","نعم","نعم","لا","نعم","نعم",,"لا","بدل اغتراب ٤٠ ٪","Bachelor's","10","لا  الجمعة فقط","2026-07-16T00:00:00.000Z"
"9dce6a93-e23c-4b46-97db-04f3a4aabf3a","Mechanical","السعودية","الرياض","10","Sub-Contractor","Site","SAR","9000","لا","لا","لا","لا","نعم","تتفق ع اعلى راتب ف السوق وتكون ع كفاله الشركة","لا",,"Bachelor's","8","لا  الجمعة فقط","2026-07-16T00:00:00.000Z"
"9db6fed0-1d1f-4b7e-939a-bafb8ddc1a18","civil","مصر","الجيزة","6","Main Contractor","Site","EGP","28000","نعم","نعم","لا","لا","نعم",,"لا",,"Bachelor's","8","لا  الجمعة فقط","2026-07-16T00:00:00.000Z"
"9da89eed-80b7-4ad2-a8d4-94f008f1556e","Mechanical","مصر","القاهرة","3","Main Contractor","Office","EGP","16500","نعم","لا","لا","لا","نعم",,"لا",,"Bachelor's","8","لا  الجمعة فقط","2026-07-16T00:00:00.000Z"
"9da3be75-a553-4e1d-9ad8-9405407c074b","Mechanical","الامارات","ابو ظبي","5","Sub-Contractor","Hybrid","AED","8500","لا","نعم","لا","نعم","نعم",,"لا",,"Bachelor's","8","لا  الجمعة فقط","2026-07-16T00:00:00.000Z"
"9d987fd8-cbe0-4805-8807-1e238520eda9","Structural","مصر","القاهرة","3","Main Contractor","Site","EGP","19000","لا","لا","لا","لا","لا",,"لا",,"Bachelor's","9","لا  الجمعة فقط","2026-07-16T00:00:00.000Z"
"9d97e56d-dc61-4165-9e2a-822ebb635b88","Mechanical","مصر","القاهرة","3","Main Contractor","Office","EGP","13000","لا","نعم","نعم","لا","نعم",,"نعم",,"Bachelor's","8","نعم","2026-07-16T00:00:00.000Z"
"9d95b071-c810-4e23-b03c-3eae2631770a","Mechanical","مصر","الاسكندرية","5","Shipbuilding and repair","Site","EGP","15000","لا","لا","نعم","لا","نعم","اختيار الراتب المناسب وطبقا لسعر السوق","نعم","لا يوجد","Bachelor's","8","لا  الجمعة فقط","2026-07-16T00:00:00.000Z"
"9d8c9371-e495-4588-9bfa-032cb6f69fa8","Mechanical","السعودية","الرياض","2","Sub-Contractor","Site","SAR","3500","نعم","نعم","لا","لا","نعم",,"نعم",,"Bachelor's","8","لا  الجمعة فقط","2026-07-16T00:00:00.000Z"
"9d77b7f8-b149-40f5-a340-5f30db8f9986","Electrical","مصر","القاهرة","3","Main Contractor","Site","EGP","24000","لا","نعم","نعم","نعم","نعم","اطلب الرقم الي يرضيك ومتققلش من نفسك خالص","نعم",,"Bachelor's","8","لا  الجمعة فقط","2026-07-16T00:00:00.000Z"
"9d2c52c0-959b-4172-9744-9faf77de48e9","Mechanical","مصر","القاهرة","1","Consultant","Site","EGP","20000","لا","نعم","لا","نعم","ربما",,"لا",,"Bachelor's","9","لا  الجمعة فقط","2026-07-16T00:00:00.000Z"
"9d292457-c1e8-435d-8666-30d16b5a20d2","Architecture","Iraq","Ramadi","0","Developer","Site","USD","1500","نعم","لا","لا","لا","لا","See the other first","نعم","Flight ticket only","Bachelor's","10","لا  الجمعة فقط","2026-07-16T00:00:00.000Z"
"9d081461-ac1e-44b7-9d9c-ec71b6e9d652","Structural","مصر","القاهرة","2","Developer","Office","EGP","12000","نعم","نعم","نعم","ربما","نعم",,"نعم",,"Bachelor's","8","لا  الجمعة فقط","2026-07-16T00:00:00.000Z"
"9cd571af-4f69-415b-b11a-f63e7b712214","Mechatronics","مصر","الاسكندرية","2","Pumps Supplier","Office","EGP","22000","لا","لا","لا","نعم","نعم",,"لا",,"Bachelor's","9","لا  الجمعة فقط","2026-07-16T00:00:00.000Z"
"9ccc900c-78e2-4ce0-a7cc-b697aaae6e9f","Electrical","مصر","القاهرة","2","Sub-Contractor","Hybrid","EGP","25000","نعم","نعم","نعم","ربما","نعم","اضرب فى العالى وخليك واثق من نفسك وقدم على حاجات كتير مش شرط تنفع من اول مرة","لا",,"Bachelor's","8","نعم","2026-07-16T00:00:00.000Z"
"9c8df11f-2e73-4a32-952a-ece9b9ddce5a","Mechanical","مصر","القاهرة","13","Sub-Contractor","From Home","EGP","20000","لا","لا","نعم","لا","نعم",,"لا","الادارات مقسمة قسم التسعير غير قسم المشتريات غير قسم ادارة المشاريع","Bachelor's","6","نعم","2026-07-16T00:00:00.000Z"
"9c61d9c1-53c1-4348-9525-dcff900d541a","Electrical","مصر","القاهرة","16","Government","Site","EGP","17000","لا","لا","لا","لا","لا",,"لا",,"Bachelor's","10","لا  الجمعة فقط","2026-07-16T00:00:00.000Z"
"9c5aa782-e96a-4744-b66a-691c0d853bc2","Mechanical","مصر","القاهرة","5","Main Contractor","Site","EGP","35000","لا","نعم","لا","نعم","نعم",,"نعم",,"Bachelor's","8","لا  الجمعة فقط","2026-07-16T00:00:00.000Z"
"9c4504f6-c099-4524-a5b5-8e05bf4d5b27","Mechanical","مصر","الساحل","3","Sub-Contractor","Hybrid","EGP","23000","نعم","نعم","نعم","لا","نعم","خليك يهودي عشان هما يهود","نعم","وجبه","Bachelor's","9","لا  الجمعة فقط","2026-07-16T00:00:00.000Z"
"9c149269-b32a-4bb0-ac7a-b475421a6069","Mechanical","مصر","القاهرة","4","Main Contractor","Hybrid","EGP","20000","نعم","نعم","نعم","ربما","نعم",,"نعم",,"Bachelor's","9","لا  الجمعة فقط","2026-07-16T00:00:00.000Z"
"9c09560a-f700-4347-ac5d-8b24e0652e29","Mechanical","مصر","القاهرة","3","Consultant","Office","EGP","26000","لا","لا","لا","نعم","نعم",,"نعم",,"Bachelor's","9","نعم","2026-07-16T00:00:00.000Z"
"9bc0f91b-e64d-4f95-b2bf-09acedf7b897","Mechanical","مصر","القاهرة","1","Sub-Contractor","Hybrid","EGP","14000","لا","لا","لا","لا","لا","﴿وَأَنفِقوا مِن ما رَزَقناكُم مِن قَبلِ أَن يَأتِيَ أَحَدَكُمُ المَوتُ فَيَقولَ رَبِّ لَولا أَخَّرتَني إِلى أَجَلٍ قَريبٍ فَأَصَّدَّقَ وَأَكُن مِنَ الصّالِحينَ﴾","نعم","لا يوجد","Bachelor's","8","لا  الجمعة فقط","2026-07-16T00:00:00.000Z"
"9bb993d7-9e2f-4c0e-a35d-9b4abe36e493","Electrical","مصر","العاشر من رمضان","1","Industrial","Site","EGP","12000","نعم","نعم","نعم","لا","ربما","اعرف كل حاجه قبل ما تمضي","نعم","منح شهرية علي الاساسي في المناسبات ٨ شهور","Bachelor's","8","لا  الجمعة فقط","2026-07-16T00:00:00.000Z"
"9b7b3c09-341f-418d-bd84-3256ec00719a","Electrical","مصر","القاهرة","14","Facility Management","Site","EGP","23000","لا","لا","لا","لا","نعم",,"نعم","لا يوجد","Bachelor's","8","لا  الجمعة فقط","2026-07-16T00:00:00.000Z"
"9b757ee2-511b-4391-a819-43d2030068da","Mechanical","مصر","Red sea","5","Sub-Contractor","Site","EGP","34000","نعم","نعم","لا","ربما","ربما",,"لا",,"Bachelor's","10","لا  الجمعة فقط","2026-07-16T00:00:00.000Z"
"9b603795-a077-4bd7-89f1-0fda3f4303e1","Mechanical","مصر","القاهرة","9","Main Contractor","Site","EGP","22500","نعم","نعم","نعم","لا","لا",,"لا",,"Bachelor's","8","نعم","2026-07-16T00:00:00.000Z"
"9b555f05-b9bf-4ff7-aef7-9cdf7b867967","Mechanical","مصر","القاهرة","1","Sub-Contractor","Site","EGP","11500","لا","لا","لا","ربما","نعم",,"نعم","لا توجد امتيازات","Bachelor's","8","لا  الجمعة فقط","2026-07-16T00:00:00.000Z"
"9b35a465-e2b9-4647-9fa5-64e0f19bf3a6","Mechanical","مصر","القاهرة","1","Main Contractor","Office","EGP","14000","لا","لا","لا","لا","نعم",,"لا",,"Bachelor's","8","نعم","2026-07-16T00:00:00.000Z"
"9aeebe3f-a91f-4223-ad56-4edbc1da8009","Mechanical","مصر","القاهرة","9","Sub-Contractor","Hybrid","EGP","17000","نعم","نعم","لا","لا","لا",,"لا",,"Bachelor's","8","لا  الجمعة فقط","2026-07-16T00:00:00.000Z"
"9ad3c2ad-e59c-493c-b216-a6d2598b6ed8","Production","مصر","القاهرة","8","Government","Site","EGP","25000","نعم","نعم","نعم","ربما","نعم",,"نعم",,"Bachelor's","12","نعم","2026-07-16T00:00:00.000Z"
"9acef77d-6e68-49c7-9c6c-33700a2c7a45","BIM","مصر","Alexandria","1","Consultant","Office","EGP","17000","لا","لا","نعم","لا","ربما",,"نعم",,"Bachelor's","10","نعم","2026-07-16T00:00:00.000Z"
"9abb7a56-9fa9-43be-b952-d1bc846df00b","Structural","السعودية","جدة","10","Main Contractor","Site","SAR","13000","لا","نعم","نعم","ربما","نعم",,"لا",,"Bachelor's","8","لا  الجمعة فقط","2026-07-16T00:00:00.000Z"
"9ab95b4b-0154-4769-b0df-9006cc201974","Mechanical","مصر","قنا","10","Government","Site","EGP","8200","لا","لا","لا","لا","لا","التزم بمرتبات القائمة أو ما يقاربها","لا","لا شئ","Bachelor's","8","نعم","2026-07-16T00:00:00.000Z"
"9a9c089a-13f1-4a24-9cb6-54bb9b6c19ab","Mechanical","السعودية","القصيم","8","Consultant","Office","SAR","6500","لا","نعم","لا","لا","نعم","يحسب العيشة وتكلفة جميع النصاريف قبل البد في التفاوض","نعم","لا","Bachelor's","8","لا  الجمعة فقط","2026-07-16T00:00:00.000Z"
"9a902952-1105-4b08-8999-ad9307338fba","Mechanical","السعودية","الرياض","2","Consultant","Site","SAR","4000","نعم","نعم","لا","نعم","نعم",,"لا",,"Bachelor's","9","لا  الجمعة فقط","2026-07-16T00:00:00.000Z"
"9a8dd31e-7fd0-491a-b5dd-04f4b3e0c61c","Electrical","مصر","القاهرة","1","Consultant","Office","EGP","17500","لا","لا","نعم","نعم","نعم",,"نعم",,"Bachelor's","8","نعم","2026-07-16T00:00:00.000Z"
"9a88af35-e4b5-4185-94b0-1bf85befac1d","Mechanical","مصر","القاهرة","2","Consultant","Office","EGP","14000","لا","لا","لا","لا","نعم",,"لا",,"Bachelor's","8","نعم","2026-07-16T00:00:00.000Z"
"9a78dca5-70f6-41e3-9037-085185661aa3","Mechanical","مصر","القاهرة","2","Consultant","Office","EGP","18000","لا","لا","لا","ربما","نعم",,"لا","تامينات طبيه واجتماعية","Bachelor's","9","نعم","2026-07-16T00:00:00.000Z"
"9a586bbf-5fa9-48ab-a9e3-89fcffb73b3b","Mechanical","مصر","وادي النطرون","4","Main Contractor","Site","EGP","17000","نعم","نعم","نعم","لا","نعم",,"لا","بدل ٤٠٪؜","Bachelor's","9","لا  الجمعة فقط","2026-07-16T00:00:00.000Z"
"99f4bf5b-b507-4e72-ae72-4012e099007e","Cost control engineer","مصر","القاهرة","4","Main Contractor","Office","EGP","24000","نعم","نعم","لا","لا","نعم","يهتم بالاحتكاك العملي بالذات في الاول وبعد كده يضمن مكان ومنه يتفاوض بقلب جامد في اي شركة من الشركات الكبيره","لا","لا يوجد","Bachelor's","8","نعم","2026-07-16T00:00:00.000Z"
"99d25af8-95b5-4959-8d99-e08760da646d","Mechanical","مصر","دمياط","7","Equipment maintenance","Hybrid","EGP","35000","لا","نعم","لا","لا","نعم","قدر نفسك صح لو انت حاسس انك كويس","لا",,"Diploma","8","نعم","2026-07-16T00:00:00.000Z"
"999dec4c-397f-4999-858f-4a200ef4c779","Mechanical","مصر","راس غارب","1","Oil & Gas","Site","EGP","11000","نعم","نعم","نعم","لا","ربما","مجالي للاسف مفيش فيه تفاوض على الراتب ف البوزيشنز الاولى","لا","شغال 15 يوم full board عليهم","Bachelor's","12","نعم","2026-07-16T00:00:00.000Z"
"999849f2-070b-4bb2-837e-639016ae3a52","Mechanical","السعودية","الدمام","3","Sub-Contractor","Hybrid","SAR","4500","نعم","نعم","لا","لا","نعم",".","لا",".","Bachelor's","8","لا  الجمعة فقط","2026-07-16T00:00:00.000Z"
"998501e7-02b9-46d6-9424-a7e1f130b884","Mechanical","السعودية","الرياض","4","Sub-Contractor","Office","SAR","11000","لا","نعم","لا","نعم","نعم","اطلب رقم عالى","لا",,"Bachelor's","8","لا  الجمعة فقط","2026-07-16T00:00:00.000Z"
"996e35d1-2e0b-43f0-afcd-263f9d017f69","Mechanical","مصر","القاهرة","6","Consultant","Office","EGP","25000","لا","لا","لا","ربما","نعم",,"نعم",,"Bachelor's","8","نعم","2026-07-16T00:00:00.000Z"
"993d4874-4d79-4691-b601-1cca300e8d87","Mechanical","العراق","أربيل","5","Sub-Contractor","Hybrid","USD","1600","لا","نعم","لا","لا","نعم",,"نعم","فليكسبل في الدوام وأريحية في التعامل","Bachelor's","9","لا  الجمعة فقط","2026-07-16T00:00:00.000Z"
"993b2488-7ab9-4f82-9d3d-3a6731f4f07c","Electrical","مصر","القاهرة","3","System integrator","Office","USD","550","لا","لا","لا","نعم","نعم",,"نعم",,"Bachelor's","8","نعم","2026-07-16T00:00:00.000Z"
"99393154-1036-4053-b3a1-7e74130dda75","Mechanical","مصر","القاهرة","4","Main Contractor","Office","EGP","15000","نعم","نعم","نعم","لا","نعم","خليك صريح واطلب كل شئ واعرف اللى ليك واللى عليك بالضبط واتفق ان زيادة فى العمر لابد من ان تقدر نهاية الشهر ويكون هناك حافز كل 6 شهور بناءا على تقييم الاعمال المقدمة","لا","فى مكافأة هرى وعلى الاعياد تصل الى 2000 ج","Bachelor's","8","لا  الجمعة فقط","2026-07-16T00:00:00.000Z"
"98c18d18-8af1-4a57-878d-a6e3eb8c4ed0","Electrical","السعودية","الرياض","6","Main Contractor","Office","SAR","5000","نعم","نعم","نعم","لا","لا",,"لا",,"Bachelor's","9","لا  الجمعة فقط","2026-07-16T00:00:00.000Z"
"98bb6ebf-63f4-4f70-8dd8-6c8d2efdb5b4","Mechanical","مصر","الاسكندريه","1","Sub-Contractor","Hybrid","EGP","10000","لا","نعم","لا","لا","لا",,"لا",,"Diploma","8","لا  الجمعة فقط","2026-07-16T00:00:00.000Z"
"98ba55f7-1478-44c5-9f51-400612330b3d","Mechatronics","مصر","القاهرة","2","Developer","Office","EGP","35000","لا","نعم","نعم","نعم","نعم",,"لا",,"Bachelor's","8","نعم","2026-07-16T00:00:00.000Z"
"98b7e5ac-1a72-49f4-bedf-020fe1fcce62","Mechanical","لبنان","بيروت","1","Industrial","Hybrid","USD","1000","لا","نعم","نعم","لا","نعم",,"نعم",,"Bachelor's","8","لا  الجمعة فقط","2026-07-16T00:00:00.000Z"
"987ec4c6-437f-4915-9f40-bcb9b7cf03ae","Mechanical","Somalia","Mogadishu","2","Sub-Contractor","Hybrid","USD","1000","نعم","نعم","نعم","نعم","نعم",,"لا",,"Bachelor's","8","لا  الجمعة فقط","2026-07-16T00:00:00.000Z"
"984240ea-04d9-4907-a23b-f4134c6a6069","Mechanical","مصر","القاهرة","1","Supervision Consultant","Office","EGP","18000","لا","لا","نعم","نعم","نعم","يطلب حسب القايمة بدون تردد","لا","تامين طبي واجتماعي","Bachelor's","8","نعم","2026-07-16T00:00:00.000Z"
"9839bcb0-5d73-446f-a5c8-457bec878a88","Structural","مصر","القاهرة","17","Main Contractor","Site","EGP","120000","نعم","نعم","نعم","ربما","نعم",,"نعم",,"Bachelor's","8","نعم","2026-07-16T00:00:00.000Z"
"98272d65-8b03-454a-8c38-e9376a38ebec","Mechanical","مصر","القاهرة","6","Main Contractor","Site","EGP","15000","نعم","نعم","لا","لا","نعم",,"لا",,"Bachelor's","8","لا  الجمعة فقط","2026-07-16T00:00:00.000Z"
"97f82761-b6a4-4a91-a99a-e8001f73dd2a","Mechanical","مصر","القاهرة","2","Main Contractor","Site","EGP","17000","لا","لا","نعم","ربما","ربما",,"لا","بونص في بداية و نصف السنة","Bachelor's","8","نعم","2026-07-16T00:00:00.000Z"
"97f55557-57e2-4278-a77d-6d3a5d11a163","Structural","مصر","مرسي مطروح","1","Main Contractor","Site","EGP","7000","نعم","نعم","نعم","لا","نعم","الجيش اكبر عائق لحديث التخرج وربنا يوسع علي الجميع","لا",,"Bachelor's","8","لا  الجمعة فقط","2026-07-16T00:00:00.000Z"
"97d81c6c-05f4-47c1-833d-10752d69e468","Structural","Back Office Saudi","القاهرة","5","Sub-Contractor","From Home","SAR","2500","لا","لا","لا","لا","نعم","قيم نفسك صح و احسب كل حاجة بالورق و القلم","لا","لا يوجد حتي بدل تأمينات","Bachelor's","9","لا  الجمعة فقط","2026-07-16T00:00:00.000Z"
"97d0d407-4455-4a1a-81db-2e21d674ede8","Mechanical","مصر","القاهرة","1","Consultant","Office","EGP","15000","لا","لا","لا","لا","نعم","يسأل كويس عن المرتبات في الشركة قبل ما يتفق عليه","نعم",,"Bachelor's","9","نعم","2026-07-16T00:00:00.000Z"
"97b1a31e-0928-48a1-98fe-19888ebf8700","Mechanical","مصر","القاهرة","5","Consultant","From Home","EGP","30000","لا","لا","نعم","ربما","نعم","الشخص الواثق فى خبرته يتمسك بالراتب اللى هو شايفه مناسب ليه والارزاق كلها على الله وكل ما تكون مميز فى شغلك وواثق فى نفسك اطلب اللى انت عايزه وقلبك جامد","لا",,"Bachelor's","8","نعم","2026-07-16T00:00:00.000Z"
"97aa0e4b-7861-43c2-b41d-f882263d6986","Mechanical","سورية","دمشق","0","Manufacturer","Office","USD","400","لا","لا","لا","لا","لا",,"نعم","لا يوجد","Master's","11","لا  الجمعة فقط","2026-07-16T00:00:00.000Z"
"97a6610a-b545-4dc4-939b-c329bce56d01","Mechanical","مصر","القاهرة","4","Sub-Contractor","Site","EGP","16000","لا","لا","لا","ربما","لا",,"لا",,"Bachelor's","9","لا  الجمعة فقط","2026-07-16T00:00:00.000Z"
"97796ff4-b847-4ad1-89c0-96db6873849f","Mechanical","السعودية","الرياض","8","Sub-Contractor","Site","SAR","9000","نعم","نعم","لا","نعم","ربما",,"نعم",,"Bachelor's","10","لا  الجمعة فقط","2026-07-16T00:00:00.000Z"
"97778d74-d19c-44a1-a479-fe0e2e5f1a53","Structural","مصر","القاهرة","2","Main Contractor","Office","EGP","18700","نعم","نعم","نعم","ربما","نعم",,"لا","اجازه ما يقارب ١٢ يوم","Bachelor's","9","نعم","2026-07-16T00:00:00.000Z"
"972f785c-c004-4a63-a8f0-ccc475d662b1","Mechanical","مصر","القاهرة","1","كل","Site","EGP","8500","لا","نعم","لا","لا","نعم",,"لا",,"PhD",,"لا  الجمعة فقط","2026-07-16T00:00:00.000Z"
"971dd5ff-5026-4741-8694-6be0286cc493","Mechanical","مصر","بني سويف","1","Manufacturer","Hybrid","EGP","12000","لا","نعم","نعم","لا","لا",,"لا",,"Bachelor's","8","لا  الجمعة فقط","2026-07-16T00:00:00.000Z"
"97165f44-80f9-4863-adfe-371d0a1f7055","Mechanical","مصر","العاشر","1","Consultant","Site","EGP","20000","نعم","نعم","لا","نعم","نعم",,"نعم",,"Bachelor's","11","لا  الجمعة فقط","2026-07-16T00:00:00.000Z"
"96b220ec-6ee5-4cd6-9c38-99412fc047cd","Mechanical","مصر","السويس","5","Sub-Contractor","Hybrid","EGP","12500","نعم","نعم","نعم","لا","نعم","خد حقك طالما انت عارف انكً كويس","لا","لا يوجد","Bachelor's","9","لا  الجمعة فقط","2026-07-16T00:00:00.000Z"
"96aa6913-7112-4e18-ac5c-5515c596105c","Mechanical","مصر","القاهرة","3","Consultant","Office","EGP","30000","لا","لا","نعم","نعم","نعم",,"لا",,"Bachelor's","8","نعم","2026-07-16T00:00:00.000Z"
"967b3c85-9c29-4d91-b65a-deae994369ce","Electrical","مصر","القاهرة","3","Consultant","Office","EGP","18500","لا","لا","نعم","ربما","لا","متقبلش اول اوفر يجيلك .. لازم تتفاوض","نعم","5ساعات اذونات و5 ساعات تاخير بدون خصم على مدار الشهر","Diploma","9","نعم","2026-07-16T00:00:00.000Z"
"9677c182-fd71-4237-a243-32e0395a58b8","Structural","مصر","اسكندريه","3","Government","Site","EGP","10000","نعم","لا","لا","لا","لا","ثق ف نفسك ولا تبخسها 
تمسك بحقك","لا","لا يوجد","Bachelor's","8","لا  الجمعة فقط","2026-07-16T00:00:00.000Z"
"966b4ddf-d744-4443-959a-22886a8f20ac","Mechanical","مصر","القاهرة","1","Sub-Contractor","Office","EGP","18000","نعم","نعم","نعم","نعم","نعم",,"لا",,"Bachelor's","8","نعم","2026-07-16T00:00:00.000Z"
"96487584-5ceb-4cf7-b40a-5617aad8c467","Mechanical","مصر","القاهرة","7","Sub-Contractor","Office","EGP","45000","نعم","نعم","نعم","ربما","نعم",,"نعم",,"Bachelor's","8","لا  الجمعة فقط","2026-07-16T00:00:00.000Z"
"96351c21-74b0-4213-a02a-fcb194927c75","Mechanical","مصر","القاهرة","3","Main Contractor","Office","EGP","40000","لا","لا","لا","نعم","ربما","ال HR في مصر بيفاصل زي بياعين السوق بالظبط ولازم يحس انه انصح منك فعلي عن الرقم اللي انتا عاوزه بنسبة صغيرة عشان يفاصل فيها ويبقي عمل شغله قدام مديره وانتا اخدت اللي انتا عاوزه 
ولما بيقول دا اكتر حاجة يقدر يديهالك بنسبة ٩٥ بيكدب
فلو انتا الشغل مش ملح عادي فاوضه وهيرجعلك تاني","لا",,"Bachelor's","10","نعم","2026-07-16T00:00:00.000Z"
"95efa01f-77e5-43b3-89ea-023a481df8e5","Mechanical","مصر","القاهرة","8","Supervision Consultant","Site","EGP","30000","نعم","نعم","لا","لا","لا","قول راتب اعلي من اللي بتاخده 15الف","لا","مفيش","Bachelor's","8","لا  الجمعة فقط","2026-07-16T00:00:00.000Z"
"95e734b2-8609-4e96-ba0f-40092b31c1dc","Structural","السعودية","الرياض","7","Main Contractor","Office","SAR","7000","نعم","نعم","نعم","لا","نعم","12000","لا",,"Bachelor's","10","لا  الجمعة فقط","2026-07-16T00:00:00.000Z"
"95b5f688-f2d1-438e-926e-b05be6a6f6a1","Mechanical","مصر","شرم الشيخ","11","Main Contractor","Site","EGP","70000","لا","نعم","نعم","ربما","لا","دائما عزز نفسك وقيمتك أثناء التفاوض...ومتصدق اي كلام بخصوص ٣ شهور وحنرقيك أو حنزودك والكلام ده ...ولما تيجي تتفق اتفق علي ال basic من غير اي بدلات","نعم","حوافز شهريه بنسبة تقربيا ٥٪....بدل مدارس للاطفال سنويه تقسم علي ٣ مراحل بنسبه تقريبا ٣٥٪بنسبه","Bachelor's","8","نعم","2026-07-16T00:00:00.000Z"
"95a2009e-1500-492d-9007-5e708626f9b1","Mechanical","اليمن","عدن","0","Supervision Consultant","Site","SAR","13000","لا","لا","لا","ربما","نعم","Details for offers","لا","No","Master's","8","لا  الجمعة فقط","2026-07-16T00:00:00.000Z"
"955bedff-65f1-4756-9e0b-20f2fea58351","BIM","مصر","القاهرة","9","Main Contractor","Office","EGP","60000","لا","نعم","لا","ربما","نعم",,"نعم",,"Bachelor's","8","نعم","2026-07-16T00:00:00.000Z"
"9555e6dd-fbea-44e7-ada1-fb9a0145104b","Electrical","مصر","القاهرة","6","Facility Management","Hybrid","EGP","50000","لا","نعم","نعم","نعم","نعم",,"لا",,"Bachelor's","8","لا  الجمعة فقط","2026-07-16T00:00:00.000Z"
"954e252f-78ea-44e6-b0b9-2e9c11098785","Electrical","مصر","القاهرة","7","Industrial","Site","EGP","15000","نعم","نعم","نعم","لا","ربما",,"لا",,"Bachelor's","8","نعم","2026-07-16T00:00:00.000Z"
"95174f27-5a24-4191-982c-6b9ed1374395","Mechanical","مصر","القاهرة","3","Back office bim","Office","EGP","32000","لا","لا","لا","ربما","نعم",,"لا",,"Bachelor's","8","نعم","2026-07-16T00:00:00.000Z"
"95064384-6221-489c-922d-d2c8ef6c60ac","Mechanical","مصر","دمياط","8","Government","Hybrid","EGP","7000","لا","لا","نعم","لا","لا",,"لا",,"Bachelor's","7","نعم","2026-07-16T00:00:00.000Z"
"94f107ac-51c6-4b5e-8468-a221c937103d","Mechanical","مصر","القاهرة","2","Oil & Gas","Office","EGP","18000","لا","نعم","لا","ربما","نعم",,"لا",,"Bachelor's","8","نعم","2026-07-16T00:00:00.000Z"
"94c7ca6d-ebe3-40f6-a63a-a105f2cb52a8","Structural","مصر","القاهرة","0","Sub-Contractor","Site","EGP","35000","لا","لا","نعم","لا","لا",,"لا",,"Bachelor's","11","لا  الجمعة فقط","2026-07-16T00:00:00.000Z"
"94c4a614-4298-40c8-86c1-9a2c8947a673","Electrical","مصر","المنيا","2","Consultant","Site","EGP","16000","لا","نعم","نعم","لا","نعم",,"لا",,"Bachelor's","8","نعم","2026-07-16T00:00:00.000Z"
"94b5b62c-487b-45ba-a29b-42be50ac80e9","Mechanical","مصر","الافصر","14","Government","Site","EGP","8000","نعم","نعم","لا","لا","لا","نعم","نعم","لايوجد","Bachelor's","8","نعم","2026-07-16T00:00:00.000Z"
"948960a7-3693-42da-8454-92a40b8225b9","Mechanical","مصر","القاهرة","5","Main Contractor","Site","EGP","22000","نعم","نعم","لا","ربما","نعم","لا تقبل بمرتب أقل من امكانياتك وارفض بكل احترام","لا","تأمين طبي وتأمين اجتماعي","Bachelor's","9","لا  الجمعة فقط","2026-07-16T00:00:00.000Z"
"94709a8c-e1fe-4825-9191-a6b1afb6aa4e","مساحة","مصر","القاهرة","13","Facility Management","Site","EGP","15000","نعم","نعم","لا","لا","لا","20000","لا",,"PhD","8","لا  الجمعة فقط","2026-07-16T00:00:00.000Z"
"943a0010-a914-4c06-8646-5df82f6e9f91","Electrical","مصر","القاهرة","4","Developer","Office","EGP","31000","لا","لا","نعم","نعم","نعم",,"نعم","Bouns 1 month every 3 month","Bachelor's","9","نعم","2026-07-16T00:00:00.000Z"
"943536df-6ccd-4ed8-827c-9a971638c2dc","Sr.Dc","مصر","القاهرة","8","Developer","Site","EGP","22000","نعم","نعم","نعم","ربما","نعم","اطلب بسعر السوق والرزق ده بتاع ببنا","نعم","2 bonuses per year , every 6 months i got 2 months of my net Salary (fixed bouns)","Bachelor's","8","لا  الجمعة فقط","2026-07-16T00:00:00.000Z"
"93f13d78-0869-4e2a-8575-999bb57a7fe5","Mechanical","مصر","القاهرة","3","Main Contractor","Site","EGP","23000","نعم","نعم","لا","نعم","ربما","قدر نفسك","لا",,"Bachelor's","8","لا  الجمعة فقط","2026-07-16T00:00:00.000Z"
"92f6ac33-b491-4a49-9174-acc09a5850d3","Electrical","مصر","البحيرة","7","Main Contractor","Site","EGP","50000","لا","نعم","نعم","ربما","نعم",,"لا","بدل سكن وبدل موقع","Bachelor's","9","لا  الجمعة فقط","2026-07-16T00:00:00.000Z"
"92e9a277-5909-4e3d-9b17-f3c9380c0aec","Mechanical","السعودية","الرياض","4","Main Contractor","Office","SAR","4000","نعم","نعم","نعم","لا","نعم",,"نعم",,"Bachelor's","8","لا  الجمعة فقط","2026-07-16T00:00:00.000Z"
"92d70420-28c6-407f-bc0c-d23b5114f453","Mechanical","Syraia","Damascus","5","Supervision Consultant","Office","USD","500","لا","لا","لا","لا","نعم",,"لا",,"Bachelor's","8","لا  الجمعة فقط","2026-07-16T00:00:00.000Z"
"92d424da-562f-431e-b7e0-72da9c236452","Mechanical","مصر","القاهرة","1","Main Contractor","Office","EGP","16000","نعم","لا","لا","ربما","نعم",,"لا",,"Bachelor's","9","لا  الجمعة فقط","2026-07-16T00:00:00.000Z"
"92d40bf7-e040-42a2-8937-30c1eadb1976","Mechanical","مصر","الساحل","6","Main Contractor","Hybrid","EGP","32000","نعم","نعم","نعم","لا","نعم",,"لا","عيديات شهر في السنة","Bachelor's","8","لا  الجمعة فقط","2026-07-16T00:00:00.000Z"
"925e068b-11ad-4724-859f-2545e11bb2d4","Structural","مصر","العلمين","6","Sub-Contractor","Site","EGP","38000","نعم","نعم","نعم","نعم","نعم","اسأل ديما الرينج بتاع دفعتك كام قبل التفاوض","لا","تأمين اجتماعي و تأمين طبي","Bachelor's","9","نعم","2026-07-16T00:00:00.000Z"
"924c0084-8169-4078-a8f0-0abfab47a241","Mechanical","مصر","كاترين","16","Main Contractor","Site","EGP","100000","نعم","لا","لا","لا","نعم","راتبك من الاول مع Hr  هو الأساس اى شىء آخر تسمعه فهو كلام ليس له أساس من الصحه","نعم","البيض","Bachelor's","12","لا  الجمعة فقط","2026-07-16T00:00:00.000Z"
"91bca4c7-07ca-4e5a-89db-dcd7792278fc","Mechanical","السعودية","الدمام","12","Main Contractor","Hybrid","SAR","15500","لا","لا","لا","ربما","نعم","خليك مهندس قوي في ندرة في المهندسين المجتهدين","لا",,"Bachelor's","9","لا  الجمعة فقط","2026-07-16T00:00:00.000Z"
"91a52776-9636-4e70-98b7-1963ad436696","Mechanical","السعودية","جدة","7","Main Contractor","Office","SAR","7000","لا","لا","لا","لا","نعم","تفاوض على الراتب من البداية ولا تتنازل عن حق تشوفه لك منطقي","لا","ما فيش","Bachelor's","8","لا  الجمعة فقط","2026-07-16T00:00:00.000Z"
"917fbe6b-5d68-42eb-8c02-3e3400745515","Architecture","مصر","القاهرة","6","Main Contractor","Site","EGP","18000","لا","نعم","لا","لا","لا",,"لا",,"Bachelor's","8","لا  الجمعة فقط","2026-07-16T00:00:00.000Z"
"917da0be-7b1c-4de2-a60a-b119ca1be305","Mechanical","مصر","القاهرة","1","Consultant","Office","EGP","15000","لا","لا","لا","ربما","نعم",,"نعم",,"Bachelor's","8","نعم","2026-07-16T00:00:00.000Z"
"917c8fd2-ed9a-4bfb-8475-d9b31722ea76","Mechanical","العراق","بغداد","4","Main Contractor","Site","USD","1500","نعم","لا","لا","ربما","نعم",,"لا",,"Bachelor's","10","لا  الجمعة فقط","2026-07-16T00:00:00.000Z"
"9142a6de-80ad-445a-9363-8ac0035a101a","BIM","مصر","القاهرة","5","Main Contractor","Office","EGP","30000","لا","لا","لا","لا","ربما",,"نعم",,"Bachelor's","9","نعم","2026-07-16T00:00:00.000Z"
"914095c3-d078-41a3-8f03-d749f50e291f","Mechanical","مصر","القاهرة","8","Government","Office","EGP","9400","لا","لا","لا","لا","لا",,"نعم",,"Master's","8","نعم","2026-07-16T00:00:00.000Z"
"9102da69-a398-4a98-a428-483021a08c3b","Electrical","مصر","القاهرة","4","Back Office","Office","EGP","35000","لا","لا","نعم","نعم","نعم","متقبلش أول أوفر يتعرض عليك 
ومرتبك مش التيكنيكال إلي بيحدده زي ما أنا كنت فاهم واغلبنا فاهم 
مظهرك وحضورك وتقلك علي المكان إلي بتتفاوض معاه اهم بكتير جدا في نقطة المرتب  تحديداً","نعم",,"Bachelor's","9","نعم","2026-07-16T00:00:00.000Z"
"90fed44c-99f4-4460-b0dc-10d990939ee2","Mechanical","السعودية","Jeddah","4","Sub-Contractor","Site","SAR","6000","نعم","نعم","نعم","نعم","نعم",,"لا",,"Bachelor's","7","نعم","2026-07-16T00:00:00.000Z"
"90fac57f-d9f3-44b6-a36d-da41f9957715","Mechanical","السعودية","جده","3","Main Contractor","Site","SAR","5000","لا","نعم","لا","لا","لا","متتوهمش عليخالفاضي","نعم","العبودية","Bachelor's","8","لا  الجمعة فقط","2026-07-16T00:00:00.000Z"
"90f0cc6e-b733-4ff6-87da-6ebbda73816e","Mechanical","مصر","القاهرة","0","Consultant","Site","EGP","46200","لا","نعم","لا","لا","نعم",,"لا","تامين طبي","Bachelor's","8","نعم","2026-07-16T00:00:00.000Z"
"90ddd9eb-6d03-40b4-b03c-046f76639423","Business Development","مصر","القاهرة","2","Consultant","Office","EGP","20000","لا","لا","لا","ربما","نعم","١- متقللش من قيمتك و تقبل باي شغلانة و السلام و تحرق عمرك فيها ب ٨ الاف جنيه و الرواتب الضعيفة امثالها 
٢- دور علي مكان يقدر يدفعلك راتب محترم عشان يعاملك باحترام 
٣- الراتب مش بس الفيصل لكن المزايا هي الفيصل زي قرب و بعد مكان الشغل و التامين الصحي و البونص و بيئة العامل و الخبرة اللي هتكسبها و اسم الشركة اللي هتشتغل فيها","لا","Medical insurance","Bachelor's","9","نعم","2026-07-16T00:00:00.000Z"
"90d8a9ad-1dc3-4bab-b3d9-b05589277ebd","Mechanical","مصر","القاهرة","2","Sub-Contractor","Site","EGP","12000","نعم","نعم","لا","ربما","نعم","ارفع سقف طموحك","لا","سكن و مواصلات","Bachelor's","10","لا  الجمعة فقط","2026-07-16T00:00:00.000Z"
"90b3acdc-eb05-44c5-8ca7-1d3ec1c0eafe","Mechanical","مصر","الإسكندرية","13","Main Contractor","Office","EGP","35000","نعم","نعم","نعم","ربما","نعم",,"لا",,"Bachelor's","8","نعم","2026-07-16T00:00:00.000Z"
"90694316-e0e5-4c50-a729-41d926bd7a1f","Electrical","السعودية","جدة","4","Sub-Contractor","Hybrid","SAR","7500","لا","لا","نعم","ربما","ربما",,"لا",,"Bachelor's","10","لا  الجمعة فقط","2026-07-16T00:00:00.000Z"
"904b8d2f-e404-40c5-b4c8-b5ba0cb38831","Mechanical","السعودية","الرياض","3","Main Contractor","Office","SAR","4000","نعم","نعم","نعم","لا","نعم",,"لا","مكافئة مشاريع فى نهاية المشروع او عند التصفية السنوية","Bachelor's","9","لا  الجمعة فقط","2026-07-16T00:00:00.000Z"
"902c492a-0379-4f8b-a254-dd8298bd9cb0","Mechanical","مصر","القاهرة","4","Main Contractor","Site","EGP","23000","نعم","نعم","لا","ربما","لا",,"لا","لايوجد مميزات","Bachelor's","8","لا  الجمعة فقط","2026-07-16T00:00:00.000Z"
"901623f1-5e0b-4009-a1a4-44ee42bbac1a","Petroleum","مصر","بورسعيد","1","Sub-Contractor","Site","EGP","6000","لا","لا","لا","لا","لا",,"نعم","مافيش والله حسبي الله ونعم الوكيل","Bachelor's",,"نعم","2026-07-16T00:00:00.000Z"
"8f4e5557-a62c-4025-8b58-7edbb2e49cf9","Mechanical","مصر","القاهرة","4","VDC and BIM services","Office","EGP","32000","لا","لا","لا","ربما","نعم","اسأل عن رينج الرواتب قبل ما تروح نتفاوض و احسب كل حاجة زي السكن و في بونص ولا لا و ايام الاجازة كل حاجة من دول ليها تمن تعمل حسابه ف مرتبك","نعم","يوم في الأسبوع عمل من المنزل","Bachelor's","8","نعم","2026-07-16T00:00:00.000Z"
"8f40d75c-cc2b-405a-baed-5449aa10bb05","Electrical","مصر","القاهرة","7","Sub-Contractor","Office","EGP","40000","لا","لا","لا","ربما","نعم",,"نعم",,"Bachelor's","9","نعم","2026-07-16T00:00:00.000Z"
"8f2b9d73-91ef-4bc7-b155-e9b481a1a3f1","Mechanical","مصر","القاهرة","10","Manufacturer","Hybrid","EGP","30000","لا","نعم","لا","لا","لا",,"نعم",,"Bachelor's","8","لا  الجمعة فقط","2026-07-16T00:00:00.000Z"
"8eed58c0-017c-430e-b1f8-b255dc2ec574","Electrical","السعودية","الدمام","6","Main Contractor","Hybrid","SAR","9000","نعم","نعم","لا","ربما","نعم",,"نعم",,"Bachelor's","8","لا  الجمعة فقط","2026-07-16T00:00:00.000Z"
"8ebdda26-3708-4698-996c-c74884487494","Structural","مصر","القاهرة","14","Main Contractor","Site","EGP","30000","نعم","نعم","نعم","لا","لا",,"لا",,"Bachelor's","8","لا  الجمعة فقط","2026-07-16T00:00:00.000Z"
"8e831fea-b07b-4aa0-8920-7f584b41dbec","Mechanical","السعودية","الرياض","10","Main Contractor","Hybrid","SAR","10000","لا","لا","لا","لا","نعم",,"لا","لا يوجد","Bachelor's","9","لا  الجمعة فقط","2026-07-16T00:00:00.000Z"
"8e704717-68ab-49ac-83ad-d82ca71cc71a","Mechanical","مصر","القاهرة","2","Main Contractor","Office","70% EGP","25650","لا","لا","نعم","نعم","نعم",,"لا",,"Bachelor's","8","نعم","2026-07-16T00:00:00.000Z"
"8e470116-0641-4d2b-9350-9ee0fbaa1750","Mechanical","مصر","Menoufia","2","Industrial","Site","EGP","15000","لا","لا","لا","لا","لا",,"لا",,"Bachelor's","8","نعم","2026-07-16T00:00:00.000Z"
"8e1023e8-4cda-40a7-8a50-02ea00b64038","Electrical","مصر","القاهرة","8","Industrial","Site","EGP","23500","لا","لا","نعم","ربما","ربما",,"نعم","مكافات وحوافز","Bachelor's","8","لا  الجمعة فقط","2026-07-16T00:00:00.000Z"
"8e07336e-4a7c-4137-b964-2ed21849a9f1","Structural","السعودية","جازان","10","Main Contractor","Site","SAR","7500","نعم","نعم","لا","لا","لا","قدر نفسك كويس","نعم",,"Master's","9","لا  الجمعة فقط","2026-07-16T00:00:00.000Z"
"8e017079-e0c1-4a4f-8440-413b96102d4f","Mechanical","مصر","القاهرة","5","Supervision Consultant","Site","EGP","29000","لا","لا","لا","لا","نعم",,"لا",,"Bachelor's","8","لا  الجمعة فقط","2026-07-16T00:00:00.000Z"
"8dcc1617-f2fc-449e-aca3-f292f078b798","Mechanical","مصر","القاهرة","3","Developer","From Home","EGP","10000","لا","لا","نعم","ربما","ربما",,"لا",,"Bachelor's","6","نعم","2026-07-16T00:00:00.000Z"
"8d79c879-2840-467b-b915-3fb3038d9eca","Mechanical","السعودية","مشاريع البحر الأحمد","9","Sub-Contractor","Site","SAR","9000","نعم","نعم","نعم","لا","ربما","قدر خبرتك واعمل قيمه لنفسك","نعم","مكافأة نهاية مشروع","Bachelor's","9","لا  الجمعة فقط","2026-07-16T00:00:00.000Z"
"8d4f40eb-809e-4db2-9c12-3bff5cd765a9","Mechanical","مصر","العلمين","3","Main Contractor","Site","EGP","20000","لا","نعم","لا","لا","نعم",,"لا",,"Bachelor's","8","نعم","2026-07-16T00:00:00.000Z"
"8d27688b-6863-4ea8-875a-fc61e1a8599b","Mechanical","مصر","القاهرة","3","Main Contractor","Hybrid","EGP","26250","نعم","نعم","نعم","لا","نعم",". لا تتنازل عن حقك تحت شعار اسم الشركة لانك هتتعب بعد كدا
. اقفل موضوع هنزودك الي انت طالبه بعد 3 شهور لأن الي هتتفق عليه مش هياخد غيره","لا",,"Bachelor's","9","نعم","2026-07-16T00:00:00.000Z"
"8d0c55d9-d331-4d91-a750-434da7412afa","Electrical","مصر","القاهرة","3","Consultant","Site","EGP","2000","نعم","نعم","نعم","لا","لا",,"نعم",,"Bachelor's","10","لا  الجمعة فقط","2026-07-16T00:00:00.000Z"
"8cf467e9-420b-48b1-80fe-4fcc82ee40fc","Mechanical","مصر","اسيوط","1","Consultant","Office","EGP","12500","لا","لا","نعم","لا","نعم",,"لا",,"Bachelor's","9","نعم","2026-07-16T00:00:00.000Z"
"8cd9f7fd-dc16-4199-87f2-5442c943b710","Mechanical","مصر","القاهرة","4","Main Contractor","Office","EGP","28000","نعم","لا","نعم","ربما","نعم","عدم التنازل عن الحق وطبعا حسب الخبره والمقدره علي افادة الشركة","نعم",,"Bachelor's","9","نعم","2026-07-16T00:00:00.000Z"
"8cd7a543-628c-4026-9361-570d9f0f567c","Mechanical","السعودية","الرياض","7","Consultant","Office","SAR","18000","لا","لا","نعم","لا","نعم",,,,,,,"2026-07-16T00:00:00.000Z"
"8cbab25e-5f30-4084-9f4b-9f1da24100ab","Structural","مصر","القاهرة","2","Supervision Consultant","Site","EGP","10000","نعم","لا","لا","ربما","لا",,"لا",,"Bachelor's","10","نعم","2026-07-16T00:00:00.000Z"
"8c98a630-6186-4565-a988-8e5e5cc8b7d9","Infrastructure BIM","مصر","القاهرة","6","Consultant","Office","EGP","50000","لا","لا","نعم","ربما","نعم","اعرف قيمتك","نعم",,"Bachelor's","9","نعم","2026-07-16T00:00:00.000Z"
"8c9454ff-de96-4ad4-872f-4218523a6f3b","Mechanical","السعودية","مكه المكرمه","12","Main Contractor","Office","SAR","14000","لا","لا","لا","لا","نعم",,"لا",,"Bachelor's","9","لا  الجمعة فقط","2026-07-16T00:00:00.000Z"
"8c91bf4f-a8d2-4748-9862-69688a8361a6","Mechanical","مصر","وسط سيناء","1","Main Contractor","Hybrid","EGP","16000","نعم","نعم","لا","ربما","ربما",,"نعم",,"Bachelor's","8","لا  الجمعة فقط","2026-07-16T00:00:00.000Z"
"8c4a23b8-533b-42da-9cf4-4c8ba2a42dd4","Electrical","مصر","القاهرة","5","Main Contractor","Office","EGP","29000","لا","نعم","نعم","ربما","نعم",,"نعم",,"Bachelor's","8","نعم","2026-07-16T00:00:00.000Z"
"8c3c43b9-787b-4102-9a6c-5da357c625ae","Mechanical","مصر","شمال سيناء","7","Consultant","Site","EGP","30000","لا","نعم","نعم","لا","لا",,"لا",,"Bachelor's","9","لا  الجمعة فقط","2026-07-16T00:00:00.000Z"
"8c2f2e5c-6980-4f49-bb71-120394d71480","Architecture","مصر","القاهرة","5","Manufacturer","Office","EGP","21500","لا","نعم","لا","لا","نعم",,"لا",,"Bachelor's","9","نعم","2026-07-16T00:00:00.000Z"
"8c276681-385f-48a4-b057-921acaf84873","Mechanical","السعودية","الرياض","3","Sub-Contractor","Hybrid","SAR","7000","نعم","نعم","لا","نعم","نعم",,"لا",,"Bachelor's","9","لا  الجمعة فقط","2026-07-16T00:00:00.000Z"
"8c17ed50-944c-40ae-ad74-b4e7f5cae8d7","Mechanical","مصر","اسكندريه","3","Developer","Hybrid","EGP","16800","لا","لا","لا","لا","لا",,"لا",,"Bachelor's","8","لا  الجمعة فقط","2026-07-16T00:00:00.000Z"
"8c02c47d-3ab3-43d6-b212-86a5d133b945","بنية تحتية","مصر","القاهرة","4","Main Contractor","Office","EGP","19000","نعم","نعم","لا","لا","نعم",,"لا",,"Bachelor's","8","لا  الجمعة فقط","2026-07-16T00:00:00.000Z"
"8bf6422b-c76c-47a1-a180-86ec76dbfe84","Structural","مصر","القاهرة","10","Main Contractor","Site","EGP","35000","نعم","نعم","نعم","ربما","نعم",,"لا",,"Bachelor's","9","لا  الجمعة فقط","2026-07-16T00:00:00.000Z"
"8bbcfbf9-89a6-40da-a74f-1088a90e2424","Mechanical","السعودية","جده","2","Sub-Contractor","Site","SAR","3500","نعم","نعم","لا","لا","نعم",,"لا","واحد مشروع اخدت ضعف الراتب بعد تسليمة","Bachelor's","9","لا  الجمعة فقط","2026-07-16T00:00:00.000Z"
"8ba9acec-9350-4d0c-81d9-28684fc23157","Mechanical","مصر","القاهرة","1","Main Contractor","Site","EGP","16500","لا","لا","لا","لا","نعم",,"لا",,"Bachelor's","8","لا  الجمعة فقط","2026-07-16T00:00:00.000Z"
"8b99ec4c-cbfb-45d5-ab30-b3c56b80f07c","Mechanical","مصر","الرياض","9","Main Contractor","Hybrid","SAR","10000","لا","لا","لا","لا","نعم",,"لا",,"Bachelor's","8","لا  الجمعة فقط","2026-07-16T00:00:00.000Z"
"8b96d7da-a40e-43a3-8699-9e0f74626ce0","Electrical","مصر","القاهرة","4","Main Contractor","Office","EGP","30000","نعم","نعم","لا","نعم","نعم",,"لا",,"Bachelor's","8","نعم","2026-07-16T00:00:00.000Z"
"8b85f87b-533f-4345-acd2-9ee055569a39","Mechanical","مصر","القاهرة","3","Consultant","Office","EGP","25000","لا","نعم","نعم","ربما","نعم","مفيش تفاوض مع hr هو بيتقال الاوفر يا ترفض او توافق","نعم","Over time","Bachelor's","8","نعم","2026-07-16T00:00:00.000Z"
"8b1167bf-2947-4d26-b7dc-e709696f1b69","Mechanical","مصر","القاهرة","10","Main Contractor","Site","EGP","45600","نعم","نعم","نعم","ربما","نعم","اطلب اللي انت شايفه مناسب ليك ولكفائتك","لا",,"Bachelor's","9","لا  الجمعة فقط","2026-07-16T00:00:00.000Z"
"8af54091-2b35-4706-9ada-8401bdbba77f","Electrical","مصر","القاهرة","9","Consultant","Site","EGP","20000","نعم","نعم","نعم","لا","ربما","تكلم فى الراتب بدون حرج","لا",,"Bachelor's","10","لا  الجمعة فقط","2026-07-16T00:00:00.000Z"
"8af2960a-1d26-4df2-8f7f-63676e5d2e92","BIM","مصر","القاهرة","3","Consultant","Office","EGP","35000","لا","لا","نعم","نعم","نعم",,"لا",,"Bachelor's","9","نعم","2026-07-16T00:00:00.000Z"
"8aaa7668-00dd-47f0-a278-7c3f33bbadd0","Cost control","مصر","القاهرة","8","Main Contractor","Office","EGP","38000","لا","لا","نعم","لا","نعم","متقولش أي رقم اسمع الاول","لا",,"Bachelor's","8","نعم","2026-07-16T00:00:00.000Z"
"8a7aacb5-e900-40cd-a2ce-61ecb3148b67","Structural","السعودية","الدمام","8","Sub-Contractor","Site","SAR","6000","نعم","لا","لا","لا","نعم","لا تتفاوض الا اذا كنت على رأس عمل بالفعل","لا",,"Bachelor's","8","لا  الجمعة فقط","2026-07-16T00:00:00.000Z"
"8a232a53-9223-4e5b-8359-530b6a61c5b6","Mechanical","مصر","القاهرة","2","Sub-Contractor","Site","EGP","15000","نعم","نعم","نعم","ربما","نعم",,"لا",,"Master's","8","لا  الجمعة فقط","2026-07-16T00:00:00.000Z"
"8a047e02-224b-4772-96df-e357f23a407f","Mechanical","السعودية","جدة","2","Manufacturer","Office","SAR","4000","نعم","لا","لا","لا","لا",,"لا",,"Bachelor's","8","لا  الجمعة فقط","2026-07-16T00:00:00.000Z"
"89ee4b0e-d7fc-46ce-8331-f62a9a819177","Mechanical","السعودية","جازان","10","Sub-Contractor","Site","SAR","12000","لا","لا","لا","ربما","نعم","متقللش من نفسك وامكاناتك","لا",,"Bachelor's","8","لا  الجمعة فقط","2026-07-16T00:00:00.000Z"
"89d9366c-7982-4697-ab1e-7f15b8878cc6","Mechanical","السعودية","الرياض","6","Main Contractor","Office","SAR","9000","لا","لا","لا","لا","لا","ابعد عن اي مدير مصري بيتقرب الي الاداره بما يقنصه منك من راتب","لا",,"Bachelor's","9","لا  الجمعة فقط","2026-07-16T00:00:00.000Z"
"89a950ba-fef4-4053-8cdd-d2e6fb9bcd83","Electrical","السعودية","الدمام","10","Supervision Consultant","Office","SAR","13000","لا","نعم","لا","لا","لا",,"نعم",,"Master's","8","نعم","2026-07-16T00:00:00.000Z"
"899c8ac5-483e-4139-8202-e32c25efb41d","Mechanical","مصر","القاهرة","10","Oil & Gas","Site","EGP","13000","لا","نعم","نعم","ربما","ربما",,"لا",,"Bachelor's","8","نعم","2026-07-16T00:00:00.000Z"
"89952828-a86c-40a2-9cc0-fa291bc93655","Structural","مصر","القاهرة","4","Main Contractor","Site","EGP","18000","نعم","نعم","لا","لا","لا",,"لا","لا يوجد","Bachelor's","9","نعم","2026-07-16T00:00:00.000Z"
"8938225c-a750-4128-b3bc-20e94825b108","Mechanical","مصر","القاهرة","2","Consultant","Office","EGP","24000","لا","لا","نعم","نعم","نعم",,"لا",,"Bachelor's","8","نعم","2026-07-16T00:00:00.000Z"
"892db246-a546-494d-a6f0-11375ea6f37f","Mechanical","مصر","القاهرة","13","Main Contractor","Office","USD","1800","لا","لا","لا","نعم","نعم","ربنا يوسع على الناس و يزيدهم و يرضيهم","لا","لا يوجد","Bachelor's","9","نعم","2026-07-16T00:00:00.000Z"
"890ea3c9-cb07-4bca-8ac9-2bba678c20ad","Structural","مصر","القاهرة","1","Sub-Contractor","Site","EGP","1000","لا","لا","نعم","لا","نعم","ميقللش من نفسه ويقبل بأي حاجة حد يقولهالوا يبقي ليه شخصية واهم حاجة يطور من نفسه علشان محدش يتحكم فيه ولو لسه حديث تخرج ممكن يبدأ بالحد الأدنى ميقلش عن كدا","نعم",,"Bachelor's","9","لا  الجمعة فقط","2026-07-16T00:00:00.000Z"
"88fae3fe-58e3-4ee7-88ab-00d904bf7c50","Civil","مصر","القاهرة","1","Main Contractor","Site","EGP","9000","نعم","لا","نعم","لا","نعم",,"لا",,"Bachelor's","8","لا  الجمعة فقط","2026-07-16T00:00:00.000Z"
"88d510b0-ecc7-482a-ae0d-20a6539b8e31","Structural","مصر","دمياط الجديدة","4","Main Contractor","Office","EGP","8500","لا","لا","لا","لا","نعم","حاول تعرف رينج الشركة الأول قبل ما تبدأ","لا",,"Diploma","8","لا  الجمعة فقط","2026-07-16T00:00:00.000Z"
"88d2cf21-a621-4a09-bcf1-1920960cde8f","Mechanical","مصر","القاهرة","5","Facility Management","Site","EGP","35000","لا","لا","نعم","نعم","نعم",,"لا",,"Bachelor's","9","نعم","2026-07-16T00:00:00.000Z"
"88ac141d-ac75-422a-9694-3eabed4c7cf0","Mechanical","مصر","اسكندرية","4","Consultant","Office","EGP","9100","لا","لا","لا","لا","ربما",,"لا",,"Bachelor's","6","نعم","2026-07-16T00:00:00.000Z"
"8898b3b4-f7c7-4200-8458-69c429e66b45","Mechanical","السعودية","الدمام","14","Main Contractor","Office","SAR","12000","لا","لا","نعم","ربما","نعم",,"نعم",,"Bachelor's","8","لا  الجمعة فقط","2026-07-16T00:00:00.000Z"
"885e9447-96f4-44ce-bd5c-8acd93b360e0","Mechanical","السعودية","الرياض","5","Main Contractor","Site","SAR","5000","نعم","نعم","لا","لا","لا","انا عايز اللي ينصحني","نعم","لا يوجد","Bachelor's","9","لا  الجمعة فقط","2026-07-16T00:00:00.000Z"
"881a9628-7e09-4117-b60b-b45b275c2a02","Electrical","مصر","القاهرة","4","Sub-Contractor","Hybrid","EGP","30000","لا","نعم","لا","ربما","نعم",,"لا",,"Bachelor's","8","نعم","2026-07-16T00:00:00.000Z"
"881616d8-24f0-4f36-b4fc-7c12e281b4b1","Mechanical","مصر","الاسكندريه","1","Sub-Contractor","Site","EGP","9000","لا","لا","نعم","لا","ربما","محدش يغلط غلطتي ويقول الشركه بتعلم اي شركه هتعلمك المهم راتبك يكون كويس تقدر تصرف بيه علي نفسك","لا","بتعلمك الشغل","Bachelor's","8","لا  الجمعة فقط","2026-07-16T00:00:00.000Z"
"87ee508c-4b33-480b-8b15-3aa2a8087d4d","Electrical","مصر","القاهرة","1","Medium voltage distributer","Office","EGP","14000","لا","لا","نعم","لا","نعم",,"نعم","بونص سنوي ٣ شهور - تامين صحي - تامين اجتماعي","Bachelor's","8","نعم","2026-07-16T00:00:00.000Z"
"87e6b9da-0f80-4aa9-8fe4-43464cbfc689","Petroleum","مصر","بورسعيد","1","Sub-Contractor","Site","EGP","6000","لا","لا","لا","لا","لا",,"نعم","مافيش والله حسبي الله ونعم الوكيل","Bachelor's",,"نعم","2026-07-16T00:00:00.000Z"
"87dc3ac4-3d41-4433-a0eb-a68fccf5af36","Mechanical","مصر","القاهرة","9","Main Contractor","Site","EGP","47000","نعم","نعم","نعم","لا","نعم",,"لا",,"Bachelor's","10","لا  الجمعة فقط","2026-07-16T00:00:00.000Z"
"874e8c31-6d6b-470e-8244-d446bb2c19a6","Mechanical","مصر","القاهرة","1","Facility Management","Site","EGP","13000","نعم","نعم","لا","نعم","لا",,"لا",,"Bachelor's","8","نعم","2026-07-16T00:00:00.000Z"
"874d0ee2-e848-46bb-82fb-1b11a80c7b7b","Mechanical","مصر","الاسكندرية","11","Main Contractor","Office","EGP","35000","نعم","نعم","لا","لا","نعم",,"لا",,"Bachelor's","8","لا  الجمعة فقط","2026-07-16T00:00:00.000Z"
"873df0f7-f3e8-44cd-ae15-80439a440579","Mechanical","مصر","السويس","13","Industrial","Site","EGP","23000","نعم","نعم","نعم","لا","لا",,"نعم",,"Bachelor's","12","نعم","2026-07-16T00:00:00.000Z"
"87042fd5-2fcd-4dc4-8775-687a75026671","Mechanical","مصر","القاهرة","2","Consultant","Hybrid","EGP","20000","لا","لا","لا","لا","لا","لا تقبل بأقل مما تستحق","لا","لا يوجد","Bachelor's","8","نعم","2026-07-16T00:00:00.000Z"
"86ba596d-f540-4548-8564-d236da6cd2d9","Mechanical","مصر","القاهرة","1","Main Contractor","Office","EGP","15000","لا","نعم","لا","نعم","نعم",,"لا",,"Bachelor's","9","نعم","2026-07-16T00:00:00.000Z"
"86754809-9020-45d8-a8ee-aa627c670854","Mechanical","مصر","سفاجا","1","Sub-Contractor","Site","EGP","16000","نعم","نعم","نعم","ربما","نعم","ظروف كل مهندس بتختلف الأهم انك تبقى عارف ظروفك ومتقبلش باللى ييجى عليها علشان خاطر اى حاجه","نعم","البدلات والانتقالات والبونص","Bachelor's","9","لا  الجمعة فقط","2026-07-16T00:00:00.000Z"
"86675fdf-585c-479f-bf21-cbb86d58e78f","Electrical","مصر","القاهرة","2","Main Contractor","Site","EGP","22000","نعم","نعم","لا","نعم","ربما","حاول تقدر شغلك كويس ومتستخسرش فى نفسك حاجة وكل ما حسيت ب قيمتك اطلب اعلى الشركات مش فقيرة وبياخدوا على قفاك كتير","لا","مفيش غير خميس نص يوم","Bachelor's","8","لا  الجمعة فقط","2026-07-16T00:00:00.000Z"
"8662f9d0-e4af-49f1-ba4a-380ee3e45ed4","Mechanical","السعودية","جدة","5","Sub-Contractor","Site","SAR","4500","نعم","نعم","لا","لا","لا",,"لا","لا يوجد","Bachelor's","9","لا  الجمعة فقط","2026-07-16T00:00:00.000Z"
"86599035-5449-44a6-bd69-402f0e6a4f9e","Chemist","مصر","المنيا","4","Industrial","Site","EGP","20000","لا","لا","لا","نعم","نعم","الاصرار علي الراتب المثالي لتوفير وادخار مبلغ مالي كل شهر لنفسه","لا",,"Bachelor's","8","نعم","2026-07-16T00:00:00.000Z"
"8644d2c6-fdc7-4426-b061-d1d63513eecd","Mechanical","مصر","القاهرة","6","Main Contractor","Site","EGP","35000","نعم","نعم","لا","ربما","نعم","حط اللى شايفه مناسب ويكفيك واتمسك بيه","لا",,"Bachelor's","8","لا  الجمعة فقط","2026-07-16T00:00:00.000Z"
"85cf2e89-c73d-43c9-965a-2c67dfc3647e","Structural","مصر","القاهرة","6","Main Contractor","Site","EGP","25000","نعم","نعم","نعم","لا","نعم",,"نعم",,"Bachelor's","10","نعم","2026-07-16T00:00:00.000Z"
"85a8a057-f425-4fa7-a9fd-118787d1e4cc","Structural","مصر","مرسي مطروح","1","Sub-Contractor","Site","EGP","14000","نعم","نعم","نعم","لا","ربما",,"لا",,"Bachelor's","9","لا  الجمعة فقط","2026-07-16T00:00:00.000Z"
"857e8ce4-5832-4728-ab65-011eb300f0d7","Structural","مصر","الاسكندرية","7","Developer","Site","EGP","22000","لا","لا","نعم","لا","لا","متقلش عن قايمه دفعنك","لا","فلوس في الاعياد و المناسبات","Bachelor's","7","لا  الجمعة فقط","2026-07-16T00:00:00.000Z"
"8579b12b-d8fc-4521-95f2-cd27ce13a692","Mechanical","الامارات","ابو ظبي","1","Sub-Contractor","Office","AED","2700","نعم","نعم","لا","لا","ربما",,"لا",,"Bachelor's","9","لا  الجمعة فقط","2026-07-16T00:00:00.000Z"
"85606aeb-b88b-417e-bc67-04aaf37cc7f5","Mechanical","مصر","القاهرة","1","Manufacturer","Hybrid","EGP","14000","نعم","نعم","لا","لا","ربما",,"لا",,"Bachelor's","8","نعم","2026-07-16T00:00:00.000Z"
"850e2e87-7e19-4a0f-a5ee-896f24d6524b","Structural","السعودية","مكة","15","Sub-Contractor","Office","SAR","10000","لا","لا","لا","لا","لا",,"نعم",,"Bachelor's","10","لا  الجمعة فقط","2026-07-16T00:00:00.000Z"
"84f843df-afec-4a01-a4a6-e107395fc35b","Mechanical","مصر","القاهرة","2","Sub-Contractor","Hybrid","EGP","12000","نعم","نعم","لا","لا","نعم",,"لا",,"Bachelor's","8","لا  الجمعة فقط","2026-07-16T00:00:00.000Z"
"84e20b44-2f0d-4bb5-8a30-7d4e0a8ef6d2","Solar energy","مصر","القاهرة","2","supplier","Office","EGP","21000","نعم","نعم","لا","نعم","نعم",,"نعم",,"Bachelor's","8","نعم","2026-07-16T00:00:00.000Z"
"84b3480a-f7f6-4a0e-aad3-c401ea8d666c","Mechanical","مصر","القاهرة","1","Consultant","Office","EGP","18000","لا","لا","نعم","ربما","نعم","شوف انت بتقدر تعمل اي وهتفيد الشركة باي وبعدين اسال كتير عن السعر اللي بتحدده خبرتك الفعلية وفي الاول والاخر هي ارزاق","لا","التعامل محترم جدا مش موجود في اي مكان","Bachelor's","8","نعم","2026-07-16T00:00:00.000Z"
"8498e905-7b16-4a51-be21-dfa4912cd975","Mechanical","مصر","القاهرة","12","Main Contractor","Office","EGP","75000","لا","لا","لا","لا","نعم","شكراا","نعم","ان وجد","Bachelor's","8","نعم","2026-07-16T00:00:00.000Z"
"8470a3f7-5f50-4249-b147-34aa827aa398","Mechanical","مصر","القاهرة","3","Sub-Contractor","Office","EGP","23000","لا","لا","نعم","نعم","ربما",,"لا",,"Bachelor's","9","نعم","2026-07-16T00:00:00.000Z"
"8449f41e-b23d-466a-85b4-ce7cadb05ecc","BIM","مصر","الجيزة","4","Consultant","Office","EGP","35000","لا","لا","لا","نعم","نعم","جمد قلبك واعرف مستوى الشركة اللي انت رايحلها وانزل بدل الانترفيو اتنين وتلاتة وعشرة واعرف ازاي تجاوب صح بحيث توضح علمك وخبرتك وتملي اتعلم و استثمر في نفسك مهما كان سنك كبير او صغير دايما في جديد ودايما في حاجة ممكن تتعلمها","نعم","لا يوجد","Bachelor's","9","نعم","2026-07-16T00:00:00.000Z"
"8448fffd-27b9-4dcc-9cf2-b4d4c97ab76d","Mechanical","مصر","القاهرة","4","Main Contractor","Office","EGP","20000","لا","لا","نعم","لا","نعم","اعرف رينج راتبك كويس فى سوق العمل واتفاوض واطلب بحقك كامل وانت بتتفق مع الشركة الجديدة","لا",,"Bachelor's","9","نعم","2026-07-16T00:00:00.000Z"
"8434c3b4-7e38-4a0d-864a-467e22c02564","Mechanical","مصر","القاهرة","5","Industrial","Office","EGP","15300","لا","نعم","نعم","لا","لا",,"لا",,"Bachelor's","9","نعم","2026-07-16T00:00:00.000Z"
"843128f5-7beb-4f14-a23a-7cff05aa9253","Mechanical","السعودية","حائل","3","Sub-Contractor","Site","SAR","4500","نعم","نعم","نعم","لا","نعم",,"لا",,"Bachelor's","10","لا  الجمعة فقط","2026-07-16T00:00:00.000Z"
"841845b8-fd10-4fe9-ac9f-d406e04bc8b3","Architecture","مصر","المنصورة - عن بعد لشركة بالقاهرة","2","Developer","From Home","EGP","11000","لا","لا","لا","لا","لا","لو بتتفاوض على شغل من البيت متخليش الاتش آر يضحك عليك ويقولك الشغل من البيت ، لا انت موفر عليه مكتب وكمبيوتر وايجار وكهرباء ونت ، انت اللى بتدفع كل دا ، ان مكانش مرتبك يبقى زي اللى بيشتغل من المكتب ف هو أعلى مش أأقل","نعم","مفيش","Bachelor's","8","لا  الجمعة فقط","2026-07-16T00:00:00.000Z"
"84177d14-b905-4086-8bce-72f2af14347d","Structural","مصر","القاهرة","10","Oil & Gas","Site","EGP","20000","نعم","لا","نعم","لا","لا",,"نعم",,"Bachelor's","8","لا  الجمعة فقط","2026-07-16T00:00:00.000Z"
"83e95668-6a70-45a9-ad21-3e52b93122c6","Kitchen and laundry installation Eng","مصر","القاهرة","5","Main Contractor","Site","EGP","21000","لا","نعم","نعم","لا","لا",,"لا",,"Bachelor's","8","نعم","2026-07-16T00:00:00.000Z"
"838cf27d-73f4-4135-af85-752646c542f5","Mechanical","مصر","القاهرة","6","Main Contractor","Office","EGP","40000","نعم","نعم","نعم","لا","نعم","نصيحة اطلب رقم قريب من القايمه ،وانتظر ما دام معاك شغل جاي ياتي لك الراتب الذي تستحقه","نعم","بونص كل ثلاث شهور ، هناك مكافات علي الاعياد والمناسبات ،","Bachelor's",,"نعم","2026-07-16T00:00:00.000Z"
"834681db-8be2-4f94-99f4-f062c121776e","Production planning","مصر","القاهرة","2","Industrial","Office","EGP","18000","نعم","نعم","لا","لا","لا",,"لا",,"Bachelor's","8","نعم","2026-07-16T00:00:00.000Z"
"82dba8cd-da5c-4d0c-883d-4d4cd4661faf","زراعة","مصر","القاهرة","4","Facility Management","Site","EGP","15000","نعم","نعم","نعم","ربما","نعم",,"نعم",,"Bachelor's","8","لا  الجمعة فقط","2026-07-16T00:00:00.000Z"
"827ab5e7-b73f-421c-949b-17fca59e2210","Mechanical","مصر","القاهرة","6","Main Contractor","Office","EGP","50000","لا","لا","لا","نعم","نعم","لازم قبل ما تتفاوض تكون مستقر فى شركتك","لا",,"Bachelor's","9","نعم","2026-07-16T00:00:00.000Z"
"8253a6da-666d-41c2-82c4-a668c720ced8","BIM","مصر","القاهرة","3","Consultant","Office","EGP","12000","نعم","نعم","نعم","ربما","لا",,"لا",,"Diploma","8","نعم","2026-07-16T00:00:00.000Z"
"8245bab9-cacd-4bfe-8bee-436ce8765418","Mechanical","مصر","القاهرة","6","Main Contractor","Office","EGP","45000","لا","نعم","نعم","لا","نعم","اتمسك بكلمك و متصدقش ان ال hr عمل كل اللي يقدر عليه علشان يزود الأوفر بتاعك","لا","Medical, social insurance","Bachelor's","9","نعم","2026-07-16T00:00:00.000Z"
"823e3117-0374-41a3-bc8e-9960a4c3c530","Mechanical","السعودية","الرياض","5","Main Contractor","Hybrid","SAR","12340","لا","لا","نعم","لا","ربما",,"نعم",,"Master's","8","لا  الجمعة فقط","2026-07-16T00:00:00.000Z"
"822829f6-c9af-480b-95e7-512e211e3372","Chemical engineer (Operation)","مصر","بورسعيد","1","Oil & Gas","Site","EGP","4500","نعم","لا","لا","لا","لا","كنت نصحت نفسي والله","نعم","لا يوجد","Bachelor's","8","نعم","2026-07-16T00:00:00.000Z"
"81ecc948-5bc3-4859-945c-f4d02f812ec5","Mechanical","مصر","القاهرة","10","Main Contractor","Site","EGP","47000","نعم","نعم","لا","لا","لا",,"لا",,"Bachelor's","8","نعم","2026-07-16T00:00:00.000Z"
"81e93398-49f4-4e67-b6a5-1c4a30859a62","BIM","سوريا","دمشق","1","Main Contractor","Hybrid","USD","150","لا","لا","لا","ربما","ربما",,"لا",,"Bachelor's","8","لا  الجمعة فقط","2026-07-16T00:00:00.000Z"
"81e003d9-c74e-4d3c-b3a2-99b104809cf9","Electrical","مصر","قويسنا","1","Manufacturer","Office","EGP","6900","لا","نعم","نعم","لا","لا",".","لا","يعتبر مفيش","Bachelor's","8","لا  الجمعة فقط","2026-07-16T00:00:00.000Z"
"819e4dfe-aee2-453e-a378-e14b2000dd0c","Mechanical","مصر","القاهرة","3","Oil & Gas","Site","EGP","18000","نعم","نعم","لا","لا","نعم","25000","لا",,"Bachelor's","12","لا  الجمعة فقط","2026-07-16T00:00:00.000Z"
"8194bc1b-3aab-4fa1-94c1-37c5af29cc0f","Mechanical","مصر","القاهرة","11","Main Contractor","Site","EGP","45000","لا","نعم","نعم","لا","لا",,"لا",,"Bachelor's","10","نعم","2026-07-16T00:00:00.000Z"
"81706747-a131-4b97-a71c-7523c11e2df9","Civil","مصر","القاهرة","4","Manufacturer","Site","EGP","26000","نعم","نعم","نعم","نعم","نعم",,"لا","لا يوجد","Bachelor's","8","نعم","2026-07-16T00:00:00.000Z"
"8161e253-a8b6-4221-98b2-ce731c70b319","Structural","السعودية","الرياض","5","Main Contractor","Site","SAR","6500","نعم","نعم","لا","ربما","نعم",,"لا",,"Bachelor's","8","لا  الجمعة فقط","2026-07-16T00:00:00.000Z"
"814e4194-6836-4560-9e51-8c6b23637b20","Mechanical","مصر","القاهرة","3","Industrial","Site","EGP","22000","نعم","نعم","لا","لا","ربما",,"لا",,"Bachelor's","12","لا  الجمعة فقط","2026-07-16T00:00:00.000Z"
"8147616f-3afa-4063-bcf8-63d8a63f7ecb","Mechanical","مصر","القاهرة","7","Supervision Consultant","Site","EGP","26500","لا","نعم","لا","ربما","لا","اطلب الارقام فى شيت الرواتب ومتخافش هما كدا كدا هينزلوا عنها بس لما تكون دفعتك 45 مثلا وانت طلبت 40 وهما نزلوها ل35 هتبقى مش بعيد اووى عن دفعتك بدايق لما بشوف مهندس دفعته بتاخد 40 مثلا وهو يطلب 20 مستنى الشركه تقوله لا هنديك 25 أو 30","لا","تأمين اجتماعي + تأمين طبى اكسا","Bachelor's","8","لا  الجمعة فقط","2026-07-16T00:00:00.000Z"
"81457155-638a-4190-967e-29dffcef95b3","Mechanical","السعودية","الرياض","12","Consultant","Hybrid","SAR","19000","لا","نعم","لا","نعم","نعم",,"لا",,"Bachelor's","10","نعم","2026-07-16T00:00:00.000Z"
"81302cdc-88a9-4d8a-bc29-0832b9855e11","Structural","مصر","القاهرة","7","Consultant","Site","EGP","16000","لا","لا","لا","لا","نعم","يطلب رقم عالي","نعم","لا يوجد","Bachelor's","8","لا  الجمعة فقط","2026-07-16T00:00:00.000Z"
"812b04c8-82f9-46b3-8261-927e13568b06","Mechanical","السعودية","الرياض","6","Oil & Gas","Hybrid","SAR","8300","لا","لا","لا","ربما","ربما",,"نعم",,"Bachelor's","9","نعم","2026-07-16T00:00:00.000Z"
"80eee8af-079c-4557-9017-4ce59b5526a6","Mechanical","ليبيا","درنة","3","Main Contractor","Site","دينار لي","3000","نعم","نعم","لا","لا","لا",,"نعم",,"Bachelor's","6","لا  الجمعة فقط","2026-07-16T00:00:00.000Z"
"80d8de8b-eb74-4284-a284-ff0521c18f93","Mechanical","مصر","القاهرة","3","Consultant","Office","EGP","20000","لا","لا","نعم","لا","نعم","اعرف قيمة شغلك وتعبك وقدر نفسك صح محدش هيقدرك طول ماانت مش مقدر نفسك","لا","تامين اجتماعي وbonus شهرين سنويا","PhD","8.5","نعم","2026-07-16T00:00:00.000Z"
"80cb4f87-8a7d-410a-b962-c4272dc5ecc6","Mechanical","مصر","السادات","3","Developer","Site","EGP","15000","نعم","لا","لا","لا","ربما",,"لا",,"Bachelor's","8","لا  الجمعة فقط","2026-07-16T00:00:00.000Z"
"80ba926e-e382-4256-a9bb-573b06abab15","BIM","مصر","القاهرة","8","Main Contractor","Office","EGP","46000","لا","لا","نعم","نعم","نعم",,"نعم",,"Bachelor's","8","نعم","2026-07-16T00:00:00.000Z"
"80b82696-a6e2-405b-8696-bf10fc85224f","Mechanical","مصر","القاهرة","1","Sub-Contractor","Office","EGP","15000","لا","لا","لا","ربما","نعم",,"لا",,"Bachelor's","8","نعم","2026-07-16T00:00:00.000Z"
"80b24131-0186-4f87-8d06-e5cf47a445d4","Mechanical","مصر","القاهرة","1","Consultant","Office","EGP","20000","لا","لا","لا","ربما","نعم",,"لا","كورسات و محاضرات و مؤتمرات","Bachelor's","9","نعم","2026-07-16T00:00:00.000Z"
"8069e7ef-decc-4d7b-9530-dd8cee9e01ce","Mechanical","مصر","القاهرة","5","Manufacturer","Site","EGP","26000","نعم","نعم","لا","لا","لا",,"لا",,"Bachelor's","9","نعم","2026-07-16T00:00:00.000Z"
"80551278-f7b1-46f2-ac9a-96d95257ae6d","Mechanical","مصر","القاهرة","3","Manufacturer","Office","EGP","20000","لا","نعم","نعم","ربما","ربما",,"لا","حوافز شهرية","Bachelor's","8","نعم","2026-07-16T00:00:00.000Z"
"7ffe1516-22d0-4dc3-9598-3380bab87f68","Mechanical","مصر","القاهرة","1","Sub-Contractor","Office","EGP","14000","نعم","لا","لا","لا","ربما",,"نعم",,"Bachelor's","7","نعم","2026-07-16T00:00:00.000Z"
"7ff527c4-6b68-44d5-a49f-1f9e4b74ad60","Mechanical","السعودية","الرياض","6","Main Contractor","Site","SAR","7000","نعم","نعم","نعم","ربما","نعم",,"لا",,"Bachelor's","8","لا  الجمعة فقط","2026-07-16T00:00:00.000Z"
"7fa101fd-25d6-4646-b6fd-c540d682c33d","Structural","مصر","القاهرة","1","Main Contractor","Site","EGP","11000","لا","لا","لا","لا","ربما",,"نعم",,"Bachelor's","8","لا  الجمعة فقط","2026-07-16T00:00:00.000Z"
"7f7fb31d-d9a3-4cd4-bcd3-d617f2120139","Mechanical","مصر","القاهرة","5","Manufacturer","Hybrid","EGP","18000","لا","لا","لا","لا","لا",,"نعم","لا يوجد","Bachelor's","8","نعم","2026-07-16T00:00:00.000Z"
"7f49754d-2470-4c91-b8a4-8c092479ca22","Mechanical","السعودية","جدة","7","Sub-Contractor","Office","SAR","6000","نعم","نعم","لا","لا","نعم",,"لا",,"Bachelor's","9","لا  الجمعة فقط","2026-07-16T00:00:00.000Z"
"7f460390-fbbd-417e-b788-7f317537cf6d","عماره داخليه وتصميم داخلي واثاث","مصر","القاهرة","1","شركه تصميم داخلي وتصميم مطابخ","Office","EGP","14000","لا","لا","لا","نعم","نعم","اذا كنت خبره اكتر من سنه او سنتين بالكتير لا تتنازل عن مرتب محترم يقدم مجرد عيشه كريمه ( و تنازلك ايضا يؤثر علينا )","لا","لا يوجد امتيازات - ويوجد خصم من المرتب اوقات كتير جدًا اذا تم الغياب حتى ولو يوم واحد في الشهر او اذا تم التأخير ربع ساعه","Bachelor's","8","لا  الجمعة فقط","2026-07-16T00:00:00.000Z"
"7ef7aacd-7daa-45ba-b714-190b16c46258","Mechanical","مصر","القاهرة","2","Sub-Contractor","Office","EGP","18000","لا","لا","نعم","ربما","نعم",,"لا",,"Bachelor's","7","نعم","2026-07-16T00:00:00.000Z"
"7ed30873-abf7-44f3-b91d-8529f7e77c73","Mechanical","مصر","القاهرة","7","Main Contractor","Office","EGP","40000","لا","نعم","نعم","نعم","نعم",,"لا",,"Bachelor's","8","نعم","2026-07-16T00:00:00.000Z"
"7e969b92-70a3-4403-a186-b78f34f2df1a","Mechanical","مصر","القاهرة","2","Facility Management","Site","EGP","18000","نعم","لا","لا","لا","ربما",,"نعم","لا يوجد","Bachelor's","8","نعم","2026-07-16T00:00:00.000Z"
"7e6ff098-9171-4760-a8ac-05dc8df320af","Mechanical","السعودية","جدة","8","Main Contractor","Hybrid","SAR","6000","لا","لا","لا","لا","نعم",,"نعم",,"Bachelor's","8","لا  الجمعة فقط","2026-07-16T00:00:00.000Z"
"7e6daeef-9c8c-496b-ac90-171243bd18c9","Agriculture Engineer","السعودية","الرياض","7","Sub-Contractor","Office","SAR","8500","لا","نعم","لا","نعم","نعم",,"لا",,"Bachelor's","9","لا  الجمعة فقط","2026-07-16T00:00:00.000Z"
"7e61f273-dc17-405b-80e6-fbaa065801b4","Mechanical","السعودية","الرياض","3","Consultant","Site","USD","7200","لا","نعم","نعم","نعم","نعم","قيم نفسك صح وثق في قدراتك واطلب إلي تستحقه","نعم",,"Bachelor's","8","لا  الجمعة فقط","2026-07-16T00:00:00.000Z"
"7e5059b0-97b3-4634-8695-59bf46aa88c7","Architecture","مصر","القاهرة","3","Main Contractor","Site","EGP","23000","نعم","نعم","لا","نعم","ربما",,"لا","تامين طبي و اجتماعي","Bachelor's","8","لا  الجمعة فقط","2026-07-16T00:00:00.000Z"
"7e1096c1-881a-480e-ba4c-afa0d4fcfbd5","Mechanical","مصر","Marsa alam","3","Main Contractor","Site","EGP","14009","نعم","نعم","لا","لا","نعم","اهتم بمكان عملك علشان تعرف قمية الراتب الفعلي للمكان خارج القاهرة غير اللي في القاهرة","لا","لا","Bachelor's","8","نعم","2026-07-16T00:00:00.000Z"
"7ded1101-eaa6-4b16-b2a1-fc6d02ac682e","Electrical","مصر","الاسكندرية","0","Manufacturer","Hybrid","EGP","20000","نعم","نعم","نعم","لا","لا",,"لا",,"Bachelor's","8","نعم","2026-07-16T00:00:00.000Z"
"7dddc3bf-6707-4aeb-a8e1-4c98baa438de","Mechanical","مصر","القاهرة","2","Main Contractor","Hybrid","EGP","16700","لا","لا","نعم","ربما","نعم","حاول تطلب اكتر علشان توصل للراتب اللي انت عايزه دة لو هما متمسكين بيك","لا",,"Bachelor's","9","لا  الجمعة فقط","2026-07-16T00:00:00.000Z"
"7dae656a-0a20-4b35-b3db-59a1fa3724fe","Electrical","مصر","القاهرة","12","Sub-Contractor","Office","SAR","4000","لا","لا","لا","ربما","نعم","اسئل عن حجم المشاريع الاول وضغط الشغل وبعدها تفاوض","نعم","عديات..مكفأه رمزيه","Bachelor's","9","نعم","2026-07-16T00:00:00.000Z"
"7d807c18-1d22-420b-a225-6844556b9537","Mechanical","مصر","القاهرة","1","Consultant","Site","EGP","15000","لا","لا","نعم","نعم","نعم","متقلش من قيمتك في راتبك","لا","السبت اجازة والتلات شغل من البيت","Bachelor's","8","نعم","2026-07-16T00:00:00.000Z"
"7d532eaa-6dc0-4af8-b9ad-0a4c9be8a52c","Mechanical","مصر","القاهرة","4","Sub-Contractor","Hybrid","EGP","19000","نعم","نعم","لا","ربما","نعم",,"لا",,"Bachelor's","8","لا  الجمعة فقط","2026-07-16T00:00:00.000Z"
"7d21e1d9-ceb8-4ae8-a281-475066f73c4c","Electrical","مصر","القاهرة","5","Main Contractor","Site","EGP","32000","نعم","نعم","نعم","لا","لا",,"لا",,"Bachelor's","9","لا  الجمعة فقط","2026-07-16T00:00:00.000Z"
"7cfd394d-90bd-4d3c-bb9d-7b137c7ad94d","Mechanical","مصر","القاهرة","3","Main Contractor","Office","EGP","30000","نعم","لا","نعم","ربما","نعم",,"لا",,"Bachelor's","9","نعم","2026-07-16T00:00:00.000Z"
"7ce20cda-c7d3-430c-825a-0c0e8477091b","Mechanical","سوريا","دمشق","1","Manufacturer","Office","USD","300","لا","لا","لا","لا","لا","دائما الطلب هو من يرفع السوق 
اطلب ماتراه مناسب لخبرتك ولاتتنازل 
لو الكل بيعمل هيك ماحدا بيشتغل براتب قليل","نعم",,"Bachelor's","9","لا  الجمعة فقط","2026-07-16T00:00:00.000Z"
"7cd24ead-3805-41c2-a7e3-37f6bfc191d4","Structural","مصر","أسيوط","1","Consultant","Office","EGP","12000","لا","نعم","نعم","ربما","نعم","شوف دفعتك بتاخد كام واطلب زيهم ف الشركة","لا","جمعة وسبت اجازة واوفر تايم ومواصلات وتأمين صحي واجتماعي واجازات ف ايام الاجازات الرسمية","Bachelor's","8","نعم","2026-07-16T00:00:00.000Z"
"7cd1abd7-6c04-43a7-857e-b65632573ee5","Mechanical","الامارات","دبي","7","Sub-Contractor","Site","DRHM","6000","لا","نعم","لا","لا","لا",,"نعم",,"Bachelor's","10","نعم","2026-07-16T00:00:00.000Z"
"7ccdaed0-bf5c-4c7c-b92f-dadf9b272da8","Mechanical","مصر","القاهرة","3","Consultant","Office","EGP","22000","لا","لا","لا","ربما","نعم",,"لا",,"Bachelor's","9","لا  الجمعة فقط","2026-07-16T00:00:00.000Z"
"7cccf9dc-f956-479a-9a10-8cac1108c094","Mechanical","مصر","القاهرة","0","Consultant","Hybrid","EGP","65000","لا","لا","نعم","لا","نعم",,"نعم","Bouns in special occasion","Bachelor's","8","لا  الجمعة فقط","2026-07-16T00:00:00.000Z"
"7cc19aa6-b7f5-4d01-a004-a4c194d7b144","Mechanical","السعودية","جدة","7","Consultant","Hybrid","SAR","5000","نعم","نعم","لا","لا","ربما",,"نعم","لا يوجد","Bachelor's","9","نعم","2026-07-16T00:00:00.000Z"
"7cb0699b-be9a-45c1-99af-be3403cda846","Mechanical","مصر","القاهرة","2","Sub-Contractor","Office","EGP","20000","لا","لا","لا","ربما","لا",,"لا",,"Bachelor's","8","نعم","2026-07-16T00:00:00.000Z"
"7cabadab-955d-4db0-8549-a199d84e3c9d","Structural","مصر","السويس","6","Main Contractor","Site","EGP","16000","نعم","نعم","لا","لا","لا",,"نعم",,"Bachelor's","8","لا  الجمعة فقط","2026-07-16T00:00:00.000Z"
"7c978217-c5c8-44db-bbad-fcf3fa6fe4ae","Mechanical","مصر","الاسكندرية","2","Industrial","Hybrid","EGP","15000","لا","نعم","نعم","لا","نعم",,"لا",,"Bachelor's","8","لا  الجمعة فقط","2026-07-16T00:00:00.000Z"
"7c3d5ed0-34ec-4c66-b3cd-1417b950ee3f","Mechanical","مصر","الاسكندرية","5","Oil & Gas","Office","EGP","12500","لا","نعم","لا","لا","ربما",,"لا",,"Bachelor's","7","نعم","2026-07-16T00:00:00.000Z"
"7c1fd88a-1cfb-4c92-b7d7-5bcfe918f492","Electrical","مصر","Seuz","3","Marine transportation","Site","EGP","30000","نعم","نعم","نعم","نعم","نعم",,"لا",,"Bachelor's","10","لا  الجمعة فقط","2026-07-16T00:00:00.000Z"
"7c0148b3-4296-4db8-b628-9fe11c661a53","Mechanical","Iraq","Sulaymani","3","Consultant","Office","IQD","1200000","لا","لا","لا","لا","نعم",,"نعم",,"Bachelor's","9","نعم","2026-07-16T00:00:00.000Z"
"7bc941d8-066d-4296-9828-c75507578c1a","Mechanical","السعودية","جدة","1","مقاولات","Site","SAR","6000","لا","نعم","لا","نعم","نعم",,"لا",,"Bachelor's","9","لا  الجمعة فقط","2026-07-16T00:00:00.000Z"
"7ba9fd19-5658-4c23-8ed0-602f1cb3b4e2","Structural","مصر","القاهرة","5","Consultant","Site","EGP","7300","نعم","نعم","لا","لا","لا",,"لا",,"Bachelor's","6","لا  الجمعة فقط","2026-07-16T00:00:00.000Z"
"7b6b9417-20fa-4b4a-a9db-2a14d65e2e14","Structural","مصر","العاصمة","8","Main Contractor","Site","EGP","19800","نعم","نعم","لا","لا","لا",,"لا",,"Bachelor's","9","لا  الجمعة فقط","2026-07-16T00:00:00.000Z"
"7b5bca9e-2f9d-4583-a7e4-10791b7e83d8","Mechanical","مصر","القاهرة","2","Main Contractor","Site","EGP","33000","نعم","نعم","لا","نعم","نعم","اتمسك باللى بتتطلبه ومترجعش فى قرارك بسرعة","لا",,"Bachelor's","9","لا  الجمعة فقط","2026-07-16T00:00:00.000Z"
"7b4e04f5-9c93-42b6-9e62-85a9e1de4f16","Mechanical","مصر","القاهرة","1","Consultant","Site","EGP","13000","نعم","نعم","نعم","ربما","نعم","المفروض يطلب اللي يستحقه","لا","بونص شهرين اسبوعين اجازة عيد الفطر اي اجازة رسمية بناخده","Bachelor's","8","لا  الجمعة فقط","2026-07-16T00:00:00.000Z"
"7b4da990-2aa0-43e5-9f03-5639db1cf50d","Mechanical","السعودية","عرعر","10","Main Contractor","Site","SAR","7000","نعم","نعم","لا","لا","لا","اسال على راتب دفعتك قبل تنقل","نعم",,"Bachelor's","14","لا  الجمعة فقط","2026-07-16T00:00:00.000Z"
"7b447bdf-1422-483f-bfa2-36e489875fa5","Structural","مصر","القاهرة","9","Main Contractor","Site","EGP","27000","نعم","نعم","نعم","ربما","ربما",,"لا",,"Bachelor's","9","نعم","2026-07-16T00:00:00.000Z"
"7b0364b1-c507-4c09-8263-8a05c256a43a","Mechanical","مصر","القاهرة","1","Main Contractor","Office","EGP","25000","لا","نعم","نعم","نعم","ربما","اعرف قيمة نفسك ومتقبلش انك متتقدرش مهما حصل ابسط حقوقنا ان رواتبنا تضمن عيشه كريمه لانسان عاش سنين كتير ف جهد كبير عشان يستحق لقبه","لا",,"Bachelor's","10","نعم","2026-07-16T00:00:00.000Z"
"7aeae00e-7a08-4876-9c87-736895e2752f","Mechanical","مصر","المنصورة","11","Manufacturer","Hybrid","EGP","15000","لا","لا","لا","لا","نعم",,"نعم","عيديات وشم النسيم","Bachelor's","9","لا  الجمعة فقط","2026-07-16T00:00:00.000Z"
"7acc489a-fbe8-4c6c-937b-f4002dfaba20","Mechanical","مصر","القاهرة","1","Consultant","Office","EGP","8000","نعم","لا","نعم","لا","ربما",,"لا","الراحه","Bachelor's","8","نعم","2026-07-16T00:00:00.000Z"
"79abd198-f4f6-4c01-991d-7746abac29a7","Electrical","مصر","القاهرة","4","Manufacturer","Hybrid","EGP","17500","لا","نعم","نعم","لا","ربما",,"لا",,"Bachelor's","9","نعم","2026-07-16T00:00:00.000Z"
"79994b62-fa20-40f2-a85c-269a27182b26","Mechanical","مصر","البحيرة","3","Consultant","Site","EGP","13000","نعم","لا","نعم","لا","نعم","لا يترك ما يستحق او يعتذر","نعم","لا يوجد","Bachelor's","8","نعم","2026-07-16T00:00:00.000Z"
"7962991b-74be-4c7d-a201-79c6871c397b","Mechanical","مصر","القاهرة","4","Consultant","Office","EGP","40000","لا","نعم","لا","ربما","نعم",,"لا",,"Bachelor's","8","نعم","2026-07-16T00:00:00.000Z"
"7947f7ca-33d3-42b9-8154-877b33e68688","Mechanical","مصر","المنوفيه","3","Industrial","Office","EGP","15000","نعم","نعم","نعم","لا","لا",,"لا",,"Bachelor's","9","نعم","2026-07-16T00:00:00.000Z"
"79454cf1-679a-46ab-9653-749f95079559","Mechanical","السعودية","الرياض","9","Sub-Contractor","Hybrid","SAR","12000","لا","لا","لا","لا","لا","قيم نفسك السوق يقيمك","لا",,"Bachelor's","8","لا  الجمعة فقط","2026-07-16T00:00:00.000Z"
"78f58845-eb05-4467-b29a-2403ddbc1c9f","Mechanical","الامارات","دبي","2","Sub-Contractor","Office","AED","6500","لا","لا","لا","لا","نعم",,"نعم","اقامة","Bachelor's","8","لا  الجمعة فقط","2026-07-16T00:00:00.000Z"
"78b2eab2-2a90-44d8-9bf6-a0d2b0a116d8","Mechanical","مصر","القاهرة","4","Oil & Gas","Office","EGP","13800","لا","لا","نعم","ربما","ربما",,"لا",,"Bachelor's","8","نعم","2026-07-16T00:00:00.000Z"
"788c73ac-75df-4d80-a7c4-b85a2435afce","Mechanical","مصر","القاهرة","5","Main Contractor","Site","EGP","17000","نعم","لا","لا","لا","لا","انه مقلش من نفسه ويرضي باي حاجه زي منا عملت وضيعت نفسي ويسوق نفسه صح","نعم","يعني في العيد عيدية","Bachelor's","11","لا  الجمعة فقط","2026-07-16T00:00:00.000Z"
"78556c92-3bd4-4417-870d-1bd98b5603de","Structural","مصر","القاهرة","7","Main Contractor","Office","EGP","41000","نعم","لا","لا","لا","لا",,"لا",,"Bachelor's","8","نعم","2026-07-16T00:00:00.000Z"
"78540ac4-2fbe-4290-9a87-386bb21bcce1","Electrical","مصر","القاهرة","12","Oil & Gas","Hybrid","EGP","13000","لا","نعم","نعم","لا","ربما","ابعد عن شركات القطاع العام","نعم","التامين الصحي الأسري -سلفة للمدارس","Master's","7","نعم","2026-07-16T00:00:00.000Z"
"784696f6-2cab-4cd1-8a46-8fffed39f7e0","Agriculture","مصر","الإسكندرية","1","food industry","Office","EGP","6000","لا","نعم","لا","ربما","نعم","نصيحتي انه ميقبلش ب مرتب  اقل من الهو مقدره لنفسه ولخبرته لو حد فريش زي ف انا قبلت بالمرتب عشان اخد خبره وفي نفس الوقت ده كان أعلى مرتب قابلني لحد فريش","لا","بيئه عمل الي حد ما كويسه","Bachelor's","8","لا  الجمعة فقط","2026-07-16T00:00:00.000Z"
"78030f54-965a-410b-ae38-1f57bfff2800","Structural","مصر","القاهرة","9","Supervision Consultant","Site","EGP","29500","لا","نعم","نعم","لا","لا",,"لا",,"Bachelor's","8","لا  الجمعة فقط","2026-07-16T00:00:00.000Z"
"780067f3-b531-4fa5-b85e-7fafa08cd49e","Structural","السعودية","المدينة المنورة","3","Main Contractor","Site","SAR","4000","لا","نعم","لا","لا","نعم","متطلعش من الدبل الا وانت عارف كل التفاصيل الي ليك والي عليك","لا",,"Bachelor's","9","لا  الجمعة فقط","2026-07-16T00:00:00.000Z"
"779e0b7b-2a40-47cd-8034-3595c5abeae0","Production chemist","مصر","10th of ramadan","9","Industrial","Office","EGP","31000","نعم","نعم","نعم","لا","نعم",,"لا",,"Bachelor's","7","لا  الجمعة فقط","2026-07-16T00:00:00.000Z"
"776f062b-8eaf-41a3-a15f-37ea8b104458","Mechanical","مصر","الجيزه","1","Industrial","Office","EGP","11000","نعم","نعم","نعم","ربما","ربما","لو عنده مسؤليات وخايف أنه يعلي التفاوض ومضطر أنه يوافق على الراتب يوافق لحد ما يجيله فرصة افضل","لا","يوجد حافز شهري قيمته تتراوح من ١٦٪ ل ٣٣٪ ، بدل واجبة ١٢٠٠ جنيه","Bachelor's","8","نعم","2026-07-16T00:00:00.000Z"
"77564dd9-1c98-4507-965a-e699caeb3a23","Mechanical","مصر","القاهرة","6","Main Contractor","Site","EGP","30000","نعم","نعم","لا","ربما","ربما",,"لا",,"Master's","9","لا  الجمعة فقط","2026-07-16T00:00:00.000Z"
"771bf75c-6bee-4d0b-847a-7391651f5e2b","Mechanical","مصر","القاهرة","4","Consultant","Office","EGP","32000","لا","لا","نعم","ربما","نعم",,"نعم","الاستقرار","Bachelor's","9","نعم","2026-07-16T00:00:00.000Z"
"76e560e4-e5d7-4e45-823f-0a94121c00f2","Mechanical","مصر","القاهرة","9","Industrial","Site","EGP","66000","لا","نعم","نعم","نعم","نعم",,"لا",,"Bachelor's","10","نعم","2026-07-16T00:00:00.000Z"
"767009ca-5207-4d3c-81b5-4c634288dd29","Mechanical","السعودية","دق","13","Main Contractor","Office","SAR","16000","لا","لا","نعم","نعم","نعم",,"نعم",,"Bachelor's","9","لا  الجمعة فقط","2026-07-16T00:00:00.000Z"
"7652b438-754f-4909-b115-fc8166add56c","Mechanical","السعودية","جدة","3","Consultant","Hybrid","SAR","7500","لا","نعم","لا","نعم","لا",,"لا",,"Bachelor's","8","لا  الجمعة فقط","2026-07-16T00:00:00.000Z"
"764ba87c-debd-4570-9167-ec54c49b2bd3","Mechanical","مصر","كفر الشيخ","1","Sub-Contractor","Site","EGP","12000","نعم","نعم","نعم","لا","ربما",,"لا",,"Bachelor's","7","لا  الجمعة فقط","2026-07-16T00:00:00.000Z"
"75f83208-1663-4d38-b5ed-518ebb99a288","Chemical","مصر","القاهرة","1","Industrial","Site","EGP","10000","نعم","نعم","لا","لا","لا",,"لا",,"Bachelor's","12","نعم","2026-07-16T00:00:00.000Z"
"75e48706-9def-4e9d-a3fb-49ea02c8b035","Mechanical","مصر","القاهرة","2","Main Contractor","Hybrid","EGP","16000","نعم","نعم","لا","لا","نعم","الرزق بتاع ربنا","لا","لايوجد","Bachelor's","8","نعم","2026-07-16T00:00:00.000Z"
"75b41ffd-f9fd-48c4-ba1b-c88da968b9b1","Electrical","مصر","القاهرة","10","Main Contractor","Site","EGP","50000","نعم","نعم","نعم","ربما","نعم","قدر نفسك","لا",".","Bachelor's","9","لا  الجمعة فقط","2026-07-16T00:00:00.000Z"
"74c8d699-bb88-4a2a-95a9-bfcaa36f38c8","Mechanical","مصر","الرياض","4","Main Contractor","Site","SAR","8000","لا","لا","لا","ربما","ربما","لما تتفاوض اتفاوض علي مبلغ للسكن ومبلغ للانتقال ومبلغ للاقامه ف حالة عدم نقل كفالة","لا",,"Bachelor's","9","لا  الجمعة فقط","2026-07-16T00:00:00.000Z"
"74a2f627-fa3f-42d0-be42-43d587803f0b","Mechanical","مصر","القاهرة","1","Manufacturer","Site","EGP","12000","نعم","لا","لا","لا","ربما","فاوض قدر المستطاع","لا","وجبة خلال اليوم + المرتب بينزل ف ميعاده","Bachelor's","12","لا  الجمعة فقط","2026-07-16T00:00:00.000Z"
"74a26702-fe69-4014-9db0-3f7139e43f06","Mechanical","مصر","القاهرة","1","Oil & Gas","Site","EGP","14400","نعم","نعم","نعم","ربما","ربما",,"لا","حافر ربع سنوي","Bachelor's","8","لا  الجمعة فقط","2026-07-16T00:00:00.000Z"
"749aa977-d7b8-4fb3-bcd2-ec19e6f92d6f","Electrical","السعودية","جدة","5","Sub-Contractor","Site","SAR","5500","لا","لا","لا","لا","نعم",,"نعم",,"Bachelor's","8","لا  الجمعة فقط","2026-07-16T00:00:00.000Z"
"748955d6-dfac-4a5d-84a4-725cce12d12f","Mechanical","السعودية","جدة","6","Main Contractor","Office","SAR","6500","نعم","نعم","لا","لا","نعم",,"لا",,"Bachelor's","8","لا  الجمعة فقط","2026-07-16T00:00:00.000Z"
"748938a0-b424-4c28-b561-6e9d6c1b5bfa","Mechanical","مصر","القاهرة","1","Facility Management","Site","EGP","12000","لا","نعم","لا","لا","ربما",,"لا",,"Bachelor's","8","نعم","2026-07-16T00:00:00.000Z"
"7421b56a-700f-4f30-964c-701fa692a697","Mechanical","السعودية","الرياض","2","Sub-Contractor","Office","SAR","8000","لا","لا","لا","نعم","نعم",,"لا",,"Bachelor's","9","لا  الجمعة فقط","2026-07-16T00:00:00.000Z"
"741e318a-9b71-4a62-a935-d5310eb2017f","Mechanical","مصر","القاهرة","2","Consultant","Office","EGP","20000","لا","لا","لا","ربما","ربما",,"لا",,"Bachelor's","9","نعم","2026-07-16T00:00:00.000Z"
"73ea5721-2b89-404a-aed9-0dcc8dcdda4a","الصيانة الميكانيكية","مصر","الشرقية - العاشر من رمضان","9","Industrial","Site","EGP","27000","نعم","لا","لا","لا","لا","فى مجال الصيانة ( لابد من التنقل من مكان لمكان أكثر ...لا لنظرية الاستقرار ) .... اهم شئ هو دراسة المكان وطبيعة العمل الجديدة قبل المقابلة ثم فى المقابلة سرد وعرض الخبرات التى تفيد المكان وتوضيح كيفية أن تكون مفيدا للمكان 
والأهم هى الثقة بالنفس فى أى مقابلة لأن صاحب العمل إن لم يكن مقتنع بك فمهما ستفعل لم يعطيك فلا تذل نفسك واحفظ قيمتك حتى لو لم ترى ذلك الشخص مرة أخرى ابدا","لا","١٠ ايام منحة فى عيد الفطر وعيد الأضحى - وجبة إفطار يومية - تأمين اجتماعى شهرى","Bachelor's","8","نعم","2026-07-16T00:00:00.000Z"
"73c9314e-9e69-4949-bf2b-004b656c4449","Mechanical","الامارات","الشارقه","2","Main Contractor","Site","AED","4000","لا","نعم","لا","ربما","ربما",,"لا",".","Bachelor's","10","لا  الجمعة فقط","2026-07-16T00:00:00.000Z"
"7390b89c-da56-4726-b4f8-f11d64357dfc","Mechanical","مصر","القاهرة","1","Consultant","Office","EGP","18000","لا","لا","لا","ربما","نعم","اذلب أعلى من اللي انت عايزه بفرق يمكن التفاوض عليه","لا","لا يوجد","Bachelor's","8","نعم","2026-07-16T00:00:00.000Z"
"7351d32e-c3ab-4226-8b1c-38e1888e9023","Mechanical","مصر","القاهرة","3","Consultant","Site","EGP","14000","نعم","نعم","نعم","لا","نعم",,"لا","لا يوجد","Bachelor's","9","نعم","2026-07-16T00:00:00.000Z"
"733f2bae-f286-4bc7-94d8-b8a7d3b92602","Mechanical","مصر","القاهرة","1","Sub-Contractor","Site","EGP","10000","نعم","نعم","نعم","لا","نعم","اشوف الصافي كام والبدلات اد اي","نعم","مافيش اي ميزه","Bachelor's","8","نعم","2026-07-16T00:00:00.000Z"
"72d2e998-4b8d-4734-a74f-77cd4a89df0b","Structural","مصر","القاهرة","10","Sub-Contractor","Site","EGP","40000","نعم","نعم","نعم","لا","نعم","ما تنزلش عن الراتب اللي عايزه الل لو محتاج الشغل اوووي","نعم","المنح فقط","Bachelor's","9","لا  الجمعة فقط","2026-07-16T00:00:00.000Z"
"72ba6a5e-4daf-427b-ab6b-b9b482638884","BIM","مصر","القاهرة","1","Sub-Contractor","Office","EGP","15000","لا","لا","لا","ربما","نعم","البحث جيدا عن متوسط اسعار السوق مع الاجازات والبدلات وطبيعة المشاريع والعمل والتفاوض بناءا على ذلك حتى لا يظلم نفسه وغيره","لا",,"Bachelor's","10","نعم","2026-07-16T00:00:00.000Z"
"72a742b7-7d6c-4b93-b769-47436b407ed7","Mechanical","السعودية","المنطقه الشرقيه","6","Sub-Contractor","Hybrid","SAR","4500","نعم","نعم","لا","لا","نعم","اتفاوض بقلب جامد واطلب زى السوق ومتغلطش غلطتى","لا",,"Bachelor's","9","لا  الجمعة فقط","2026-07-16T00:00:00.000Z"
"72852c4e-5101-416d-b198-c87a6f251382","Mechanical","مصر","القاهرة","14","Consultant","Hybrid","EGP","33500","لا","نعم","نعم","ربما","لا",,"لا",,"Bachelor's","8","لا  الجمعة فقط","2026-07-16T00:00:00.000Z"
"7266de60-3e50-4161-a63d-49b14f80e7e3","Electrical","مصر","المنوفية شبين الكوم","7","Manufacturer","Office","EGP","27000","لا","نعم","نعم","لا","لا","تفاوض على مرتبك ومتقبلش أقل من حقك ومتظلمش نفسك ولا غيرك من اخواتك المهندسين 
وكما وصنا رسول الله صلى الله عليه وسلم 
خذوا ارزاقكم بعزة وكرامه 
وكما قال ربنا العزيز فى كتابه الحكيم 
بسم الله الرحمن الرحيم "" وفى السماء رزقكم وما توعدون"" صدق الله العظيم","لا","رعايه صحيه للاسره، باكدچ موبيل","Bachelor's","8","نعم","2026-07-16T00:00:00.000Z"
"723cc8b7-fe56-4923-a257-40810f9a41e7","Electrical","مصر","شرم الشيخ","2","Main Contractor","Site","EGP","13000","نعم","نعم","نعم","ربما","نعم","اطلب16","لا","تأمين اجتماعي","Bachelor's","11","لا  الجمعة فقط","2026-07-16T00:00:00.000Z"
"71d4f5c5-37ae-4caa-8558-317a887d025e","Structural","مصر","القاهرة","4","Main Contractor","Site","EGP","22500","نعم","نعم","نعم","ربما","ربما",,"لا","بونص نصف شهر فى رمضان/بونص سنوى على حسب التقييم من شهر ل٣ شهور/saving طبقًا لحالة المشروع وفى الاغلب يكون ربع شهر","Bachelor's","9","لا  الجمعة فقط","2026-07-16T00:00:00.000Z"
"71cb21fb-54bb-45de-bca0-0e0a29de3429","Structural","مصر","القاهرة","8","Developer","Site","EGP","16000","نعم","نعم","نعم","ربما","ربما",,"لا","حوافز شهريه","Bachelor's","8","لا  الجمعة فقط","2026-07-16T00:00:00.000Z"
"71b66320-aabc-4742-a0c9-de533759b448","مدير مكتب فنى - مهندس مدنى","مصر","القاهرة","10","Consultant","Office","EGP","30000","لا","لا","لا","ربما","نعم",,"لا",,"Bachelor's","9","لا  الجمعة فقط","2026-07-16T00:00:00.000Z"
"7185b70c-77d6-4acb-a189-f001fdd9b45d","Electrical","مصر","القاهرة","1","Main Contractor","Hybrid","EGP","15000","لا","لا","لا","لا","نعم",,"نعم",,"Bachelor's","8","لا  الجمعة فقط","2026-07-16T00:00:00.000Z"
"7150b39f-542c-4134-b144-fde791e4c6d9","Mechanical","مصر","القاهرة","2","Main Contractor","Site","EGP","21000","نعم","نعم","نعم","نعم","نعم","اعرف قيمتك كويس","لا","سكن متميز - راتب مجزي- بدلات - بونص - بيئة عمل مريحة-خبرة عملية","Bachelor's","9","لا  الجمعة فقط","2026-07-16T00:00:00.000Z"
"7148726c-ae5a-41cb-844d-372596089025","Mechanical","مصر","القاهرة","10","Main Contractor","Site","EGP","32000","نعم","نعم","نعم","لا","ربما",,"لا",,"Bachelor's","8","لا  الجمعة فقط","2026-07-16T00:00:00.000Z"
"7128759e-e3e3-46c7-b4b6-bc97088f37c1","Mechanical","السعودية","جدة","7","Main Contractor","Hybrid","SAR","4500","نعم","نعم","لا","لا","لا","ميقلش عن زمايله ف السوق","لا","لا يوجد","Bachelor's","8","لا  الجمعة فقط","2026-07-16T00:00:00.000Z"
"70e96a29-2d8e-43e7-b320-1b63f8a60c52","Mechanical","مصر","بين القاهرة والعلمين","14","Main Contractor","Site","EGP","45000","نعم","نعم","لا","لا","نعم","اطلب الرقم اللي هتبقي راضي بيه ومرتاح وانت شغال عشان متقصرش في شغلك وانت حاسس بعدم التقدير -- الشركات بتكسب وبتكسب ارقام خرافيه من ورا شغلك فمتقلقش","لا","لا يوجد امتيازات","Bachelor's","8","نعم","2026-07-16T00:00:00.000Z"
"70a854db-3cc2-4b5d-959b-a99bb040da54","Mechanical","السعودية","الرياض","20","Main Contractor","Hybrid","SAR","20000","لا","نعم","نعم","لا","لا",,"نعم",,"Bachelor's","8","لا  الجمعة فقط","2026-07-16T00:00:00.000Z"
"709e9094-68f3-4785-9571-d0a96c485786","BIM","مصر","القاهرة","5","Main Contractor","Site","EGP","35000","لا","نعم","لا","نعم","نعم",,"لا","تأمين طبي واجتماعى وانتقالات","Bachelor's","9","لا  الجمعة فقط","2026-07-16T00:00:00.000Z"
"706cb801-bddd-4554-a687-2278e2d39151","Structural","مصر","القاهرة","14","Main Contractor","Site","EGP","26000","نعم","نعم","لا","لا","ربما","اللى هتتفق عليه مش هتعرف تزود عليه بعد كده","لا","اجازات سنويه . تأمين طبى","Bachelor's","8","لا  الجمعة فقط","2026-07-16T00:00:00.000Z"
"7062b7e2-e61c-4509-910c-bb71ca43215f","Electrical","السعودية","الرياض","4","Main Contractor","Office","SAR","5500","نعم","نعم","لا","ربما","ربما",,"لا",,"Bachelor's","9","لا  الجمعة فقط","2026-07-16T00:00:00.000Z"
"70170eab-d879-443c-87c7-8040e6aab98e","Mechanical","مصر","القاهرة","14","Sub-Contractor","Site","EGP","60000","لا","لا","نعم","ربما","نعم",,"نعم",,"Bachelor's","8","لا  الجمعة فقط","2026-07-16T00:00:00.000Z"
"6ffce47d-55f8-4223-9e75-3bfca18b5f04","Mechanical","مصر","القاهرة","2","Main Contractor","Site","EGP","12000","نعم","لا","نعم","لا","نعم",,"لا","تأمين طبي ممتاز واجتماعي أيضا","Bachelor's","8","لا  الجمعة فقط","2026-07-16T00:00:00.000Z"
"6fc44577-a603-4cf3-b45f-68a06c142e82","Mechanical","مصر","القاهرة","7","Sub-Contractor","Site","EGP","29000","نعم","نعم","لا","ربما","نعم",,"لا",,"Bachelor's","8","لا  الجمعة فقط","2026-07-16T00:00:00.000Z"
"6fa614df-0c11-4ff7-8860-4cda6befcad0","Electrical","مصر","القاهرة","12","Main Contractor","Site","EGP","53000","نعم","نعم","نعم","لا","نعم",,"لا",,"Bachelor's","8","نعم","2026-07-16T00:00:00.000Z"
"6f8f4fa7-ac33-4b34-82ba-f0a7e519bcb5","Mechanical","مصر","اسيوط","1","Sub-Contractor","Site","EGP","11000","نعم","نعم","لا","لا","نعم","لو لسه في بدايه حياتك انزل وخد خبره واثبت نفسك وطور من نفسك وطور اللغه.  في بدايه اول فرصه شوف غيرها متستمرش اكتر من سنتين لو مش هيضيف ليك جديد","لا","لا يوجد","Bachelor's","8","لا  الجمعة فقط","2026-07-16T00:00:00.000Z"
"6f729db4-c96f-45fa-b458-db6e2440c8e2","Structural","مصر","المنصورة","1","Main Contractor","Site","EGP","13500","نعم","لا","نعم","ربما","لا","رزقك كده كده هتاخده متخافش الشغل يطير منك ف تنزل بالسالري زي ما هم عايزين امسك في رقم كويس و خليك فليكسبيل ف التفاوض بس اوصل لرقم يرضيك عشان تتقي لله ف شغلك","لا","خمس مكافآت ف السنة تقريبا بإجمالي خمستاشر ألف جنيه","Bachelor's","9","لا  الجمعة فقط","2026-07-16T00:00:00.000Z"
"6f263dd0-0164-4479-ae31-2cc40db482c5","Mechanical","مصر","القاهرة","6","Main Contractor","Office","EGP","46000","نعم","نعم","نعم","نعم","نعم",,"لا",,"Diploma","8","نعم","2026-07-16T00:00:00.000Z"
"6f04de47-110e-4225-a5de-25cc418a4e38","Light current","مصر","القاهرة","9","Main Contractor","Site","EGP","23000","نعم","نعم","لا","لا","ربما",,"لا",,"Bachelor's","8","لا  الجمعة فقط","2026-07-16T00:00:00.000Z"
"6ecdd683-9359-47f9-bb2b-734ca6cded96","Mechanical","السعودية","الدمام","3","Sub-Contractor","Site","SAR","6500","لا","لا","لا","لا","نعم",,"لا",,"Bachelor's","8","لا  الجمعة فقط","2026-07-16T00:00:00.000Z"
"6ec53710-099e-4e5b-bb6f-ee03097fc619","Mechanical","مصر","القاهرة","1","Main Contractor","Site","EGP","10000","لا","نعم","نعم","نعم","نعم",,"لا",,"Bachelor's","9","لا  الجمعة فقط","2026-07-16T00:00:00.000Z"
"6e7ef1dc-9ac4-4b41-a1ab-4fa77cc8ae70","Electrical","مصر","القاهرة","5","Sub-Contractor","Site","EGP","30000","نعم","نعم","نعم","ربما","نعم",,"لا","لا يوجد","Bachelor's","9","نعم","2026-07-16T00:00:00.000Z"
"6e5f67e9-41d7-42ea-b73d-1562f99ee30f","Mechanical","مصر","القاهرة","1","Supervision Consultant","Office","EGP","17000","لا","نعم","نعم","نعم","نعم",,"نعم",,"Bachelor's","8","نعم","2026-07-16T00:00:00.000Z"
"6e5d35b0-7e23-47f0-8290-b3b83378eb3a","Mechanical","مصر","القاهرة","0","Main Contractor","Office","EGP","130000","لا","لا","نعم","نعم","نعم",,"نعم",,"Bachelor's","10","نعم","2026-07-16T00:00:00.000Z"
"6e5d1938-55a5-4c89-8e61-fe7c8f107432","Mechanical","مصر","القاهرة","1","Consultant","Site","EGP","10500","نعم","نعم","نعم","لا","نعم",,"نعم",,"Bachelor's","10","لا  الجمعة فقط","2026-07-16T00:00:00.000Z"
"6e56fde9-8659-4095-8607-afd8241b3987","Mechanical","مصر","القاهرة","2","Consultant","Site","EGP","35000","لا","لا","نعم","نعم","نعم",,"لا",,"Bachelor's","9","نعم","2026-07-16T00:00:00.000Z"
"6e392b63-9c3e-477b-a1c6-92544f4da61a","Electrical","مصر","القاهرة","15","Sub-Contractor","Hybrid","EGP","30000","لا","لا","لا","ربما","لا",,"لا","لا يوجد","Bachelor's","8","نعم","2026-07-16T00:00:00.000Z"
"6e301261-60a1-4e1d-9b7f-00bb6a95a4b0","Structural","مصر","المنصوره","20","Main Contractor","Site","EGP","36000","نعم","نعم","لا","لا","نعم","قيم نفسك","لا","لا يوجد","Bachelor's","9","لا  الجمعة فقط","2026-07-16T00:00:00.000Z"
"6e2652bb-ff2a-4340-83a9-5ce667bd1860","Mechanical","مصر","اكتوبر الجيزه","5","Sub-Contractor","Office","EGP","35000","لا","لا","نعم","لا","لا","انصحهم أنهم يركزوا علي شغلهم اكتر ما يركزوا اهما عاوزين فلوس قد اي ولما يثبت نفسه وزياده الشركه هي الي هتمسك فيه","لا","التامينات طبي واجتماعي والبونص السنوي","Bachelor's","8","نعم","2026-07-16T00:00:00.000Z"
"6e1fcd5c-06e0-4987-888b-213d324cb1d9","Mechanical","مصر","القاهرة","3","Consultant","Site","EGP","19000","لا","لا","لا","ربما","ربما",,"لا",,"Bachelor's","8","نعم","2026-07-16T00:00:00.000Z"
"6e0550fb-9221-4e96-a64a-76fb59511133","Mechanical","السعودية","الرياض","11","Main Contractor","Hybrid","SAR","12000","نعم","نعم","لا","نعم","لا",,"نعم",,"Bachelor's","8","لا  الجمعة فقط","2026-07-16T00:00:00.000Z"
"6dd1258d-290c-48ef-b20c-e60ca281717d","Electrical","مصر","القاهرة","15","Main Contractor","Hybrid","EGP","52000","لا","نعم","نعم","لا","نعم",,"لا",,"Bachelor's","8","نعم","2026-07-16T00:00:00.000Z"
"6d759d6e-1341-47d0-9d44-1c66c3b57ac4","Mechanical","مصر","القاهرة","9","Consultant","Office","EGP","35000","لا","نعم","نعم","لا","نعم",,"نعم",,"Bachelor's","9","نعم","2026-07-16T00:00:00.000Z"
"6d70b130-4ae7-4571-a8b8-8f19c8355eed","Mechanical","مصر","القاهرة","2","Main Contractor","Site","EGP","21000","نعم","نعم","نعم","نعم","نعم","اسأل على المشروع وساعات العمل والبونص والبدل وكل شي","لا",,"Bachelor's","9","لا  الجمعة فقط","2026-07-16T00:00:00.000Z"
"6d60cb10-0c9a-4b6a-9a5d-9af2152f76d7","Mechanical","مصر","القاهرة","2","Main Contractor","Site","EGP","10000","لا","لا","لا","لا","نعم",,"لا",,"Bachelor's","8","لا  الجمعة فقط","2026-07-16T00:00:00.000Z"
"6d36460d-5bcd-4b3d-aae9-e48d33e12baa","Electrical","مصر","القاهرة","3","الشركه الكنديه العالميه الالمونيوم","Office","EGP","6000","نعم","نعم","نعم","لا","نعم","حاول تفهم الاول من الي قبلك الدنيا ماشيه ازاي كا عدد ساعات العمل والراتب والمعامله لان المعامله اهم من الشغل نفسه ومتحوليش تفهم كل حاجه بسرعه كله هيجي مع الوقت","نعم",,"Bachelor's","8","لا  الجمعة فقط","2026-07-16T00:00:00.000Z"
"6d13942e-14f7-4630-b8a0-57f35d89e9b3","Mechanical","مصر","القاهرة","14","Main Contractor","Office","EGP","120000","لا","لا","نعم","نعم","نعم",,"نعم",,"Master's","8","نعم","2026-07-16T00:00:00.000Z"
"6cf5c0c0-ed3d-48c5-8b08-ec6547aa3c24","BIM","مصر","القاهرة","2","Consultant","Office","EGP","20000","نعم","لا","لا","نعم","نعم",,"لا",,"Bachelor's","9","نعم","2026-07-16T00:00:00.000Z"
"6ce6b35e-6c7e-402f-97c1-dc7c1df85c4a","Mechanical","مصر","القاهرة","7","Sub-Contractor","Office","EGP","25000","لا","لا","لا","ربما","نعم","اقل مرتب كبداية12","نعم","لا","Bachelor's","8","لا  الجمعة فقط","2026-07-16T00:00:00.000Z"
"6cde9fc7-5e32-42ce-bd36-c10f8b059c2d","Structural","مصر","بنى سويف","1","مقاول","Site","EGP","8000","لا","لا","لا","ربما","لا",,"لا",,"PhD","6","لا  الجمعة فقط","2026-07-16T00:00:00.000Z"
"6cb72316-0609-4324-9b33-a1e478b183cc","Mechanical","مصر","القاهرة","1","Consultant","Site","EGP","10000","نعم","نعم","نعم","لا","نعم","اتفاوض علي مرتب يكفيك","نعم","حوافز نهاية مشاريع","Bachelor's","8","لا  الجمعة فقط","2026-07-16T00:00:00.000Z"
"6cafed05-ea5c-4ca8-ae55-8b1dde5d690b","Electrical","مصر","القاهرة","7","Industrial","Site","EGP","13000","نعم","نعم","نعم","لا","ربما","اعمل حد ادني في دماغك متقلش عنه وصمم عليه","لا",,"Bachelor's","9","نعم","2026-07-16T00:00:00.000Z"
"6ca501ef-2ee1-42ec-985e-62858357fcbb","Mechanical","العراق","بغداد","3","Main Contractor","Hybrid","IQD","1250000","لا","لا","لا","لا","نعم",,"نعم","لا يوجد","Bachelor's","8","نعم","2026-07-16T00:00:00.000Z"
"6c71357b-b09c-4d7c-9e78-bf20977f1e79","Mechanical","مصر","القاهرة","4","Sub-Contractor","Site","EGP","18000","نعم","نعم","نعم","لا","لا",,"لا",,"Bachelor's","12","لا  الجمعة فقط","2026-07-16T00:00:00.000Z"
"6c6bd4de-beeb-4527-9a48-d803f21f7473","BIM","مصر","القاهرة","1","Main Contractor","Office","EGP","10000","لا","لا","لا","لا","نعم","تفاوض على راتب عادل","لا",,"Bachelor's","9","نعم","2026-07-16T00:00:00.000Z"
"6bf0a5e8-f4ab-4632-8e39-532e8e6d2bcc","Mechanical","مصر","القاهرة","7","Sub-Contractor","Site","EGP","42000","لا","لا","نعم","نعم","لا",,"لا",,"Bachelor's","8","لا  الجمعة فقط","2026-07-16T00:00:00.000Z"
"6bcb0a84-230e-4441-bb12-afc0f3030d76","Structural","مصر","Suez","3","Main Contractor","Site","EGP","20000","نعم","نعم","نعم","لا","لا",,"لا",,"Bachelor's","12","لا  الجمعة فقط","2026-07-16T00:00:00.000Z"
"6ba23860-603b-4fa9-9cb1-b9156959ab72","Mechanical","مصر","القاهرة","2","Main Contractor","Office","EGP","31500","لا","لا","نعم","نعم","نعم",".","لا",".","Bachelor's","8","نعم","2026-07-16T00:00:00.000Z"
"6b78e6e8-14e1-45ba-a782-32e718ce6f6a","Structural","مصر","القاهرة","8","PMC","Site","EGP","18900","لا","لا","لا","لا","ربما",,"نعم","الراتب في معاده تامين طبي","Bachelor's","8","لا  الجمعة فقط","2026-07-16T00:00:00.000Z"
"6b7890fc-b73d-4a60-a2ce-1d84c4472e6e","Mechanical","مصر","القاهرة","3","Sub-Contractor","Hybrid","EGP","18000","نعم","نعم","نعم","لا","لا","كل شخص محدد راتب لنفسه المفروض ميقلش عنه الا لو في ظرف قهري","نعم",,"Bachelor's","8","لا  الجمعة فقط","2026-07-16T00:00:00.000Z"
"6b5d95cd-b4c0-491c-a14b-86cb5359fc3b","Electrical","لبنان","بيروت","2","Main Contractor","Office","USD","1400","لا","لا","نعم","لا","نعم",,"نعم","معاش اضافي شهر سيبتمبر","Bachelor's","9","نعم","2026-07-16T00:00:00.000Z"
"6b2b4be4-fc8a-4273-bf78-6eb3ce81c3f7","Mechanical","مصر","القاهرة","10","Consultant","Site","EGP","35000","لا","نعم","لا","لا","لا",,"لا",,"Bachelor's","8","لا  الجمعة فقط","2026-07-16T00:00:00.000Z"
"6ab31e4f-91c6-49ff-a153-9131326c09e2","Mechanical","مصر","القاهرة","1","Consultant","Office","EGP","15000","لا","لا","لا","لا","لا","مش هيعرفو يتفاوضو لأنهم نظام للدفعات الصغيره ومحدش بيفرق فيه عن حد","لا","مفيش","Bachelor's","9","نعم","2026-07-16T00:00:00.000Z"
"6ab0e6c2-ac5e-4e46-a9af-e7cdedc6f6ab","Mechanical","مصر","الاسكندرية","4","Sub-Contractor","Hybrid","EGP","18000","نعم","نعم","نعم","لا","نعم","تكون عارف رينج المرتبات في الشركة","نعم",,"Bachelor's","8","نعم","2026-07-16T00:00:00.000Z"
"6aac5516-126b-4c1c-a009-b2ea8cc41cd6","Mechanical","مصر","القاهرة","4","Main Contractor","Site","EGP","33000","نعم","نعم","نعم","ربما","نعم",,"نعم",,"Bachelor's","9","لا  الجمعة فقط","2026-07-16T00:00:00.000Z"
"6a9dcb50-7a1b-4ee7-865e-84973dbeab00","Mechanical","مصر","العاشر من رمضان","2","Main Contractor","Office","EGP","25000","نعم","نعم","نعم","نعم","نعم",,"لا",,"Bachelor's","8","لا  الجمعة فقط","2026-07-16T00:00:00.000Z"
"6a8fe955-6712-413c-b80e-7f7a5f5be49a","Mechanical","مصر","القاهرة","6","Main Contractor","Site","EGP","33450","لا","نعم","لا","ربما","ربما","اعرف قيمة نفسك وحط رقم اكبر من اللى انت تستحقه ب 500","لا","يوجد اوڤر تايم","Bachelor's","9","نعم","2026-07-16T00:00:00.000Z"
"6a57df7b-508f-42a1-86d5-c9fd58d84dcf","Mechanical","السعودية","الرياض","7","Main Contractor","Site","SAR","9500","لا","لا","نعم","لا","نعم","اطلب حقك ولاتستحي من أحد","لا","موقع ودعم المواقع الاخري في اعمال المكتب الفني","Bachelor's","9","لا  الجمعة فقط","2026-07-16T00:00:00.000Z"
"69fd4e37-0eb9-4ab9-b574-3cc812c85c60","Electrical","مصر","القاهرة","2","Sub-Contractor","Site","EGP","17500","نعم","نعم","لا","ربما","نعم","لا تقلل من المجهود الذي ستبذله حتى بالرغم من خبرتك القليلة ولا تنحرج من اعادة التفاوض","لا","لاتقدم اشياء ملموسة","Bachelor's","9","لا  الجمعة فقط","2026-07-16T00:00:00.000Z"
"69e899b5-9c72-450d-85ae-95fbf056668a","Highway technical office engineer","مصر","القاهرة","6","Main Contractor","Site","EGP","21000","نعم","نعم","نعم","لا","ربما","السؤال الجيد عن الرواتب والتفاوض بشكل مرضي مع ال hr والتأكد من إن الراتب net ولا gross","لا","ساعات عمل اضافية مجدية وتأمين صحي واجتماعي في اعلي شريحة تأمينية واجازات سنوية ورسمية","Bachelor's","9","نعم","2026-07-16T00:00:00.000Z"
"69809369-db80-4ac8-9d8b-ed5b8d95347b","Mechanical","الامارات","الشارقه","1","Sub-Contractor","Office","AED","4000","لا","نعم","لا","ربما","لا","قدر نفسك صح ولازم تقرا العقد كويس جداً","لا","مفيش","Bachelor's","8","لا  الجمعة فقط","2026-07-16T00:00:00.000Z"
"6975f392-8bbc-4f47-af2f-0145fb13bb5e","Mechanical","السعودية","مكة","3","Elevators","Hybrid","SAR","3500","نعم","نعم","لا","ربما","لا","اتناقش معاه على هل لو دوري ف الشركة كبر راتبي هيزيد ولا هتقولي ده جزء من الشغل
وخليك على قد شغلك الا لو فيه زياده مرضيه للعمل الإضافي ليك","لا","الرواتب في معادها","Bachelor's","9","لا  الجمعة فقط","2026-07-16T00:00:00.000Z"
"69648a04-2b78-4fa9-9eec-97df89b35f9a","Mechanical","مصر","القاهرة","1","Sub-Contractor","Office","EGP","12000","نعم","لا","لا","لا","نعم",,"لا",,"Bachelor's","9","نعم","2026-07-16T00:00:00.000Z"
"69505780-3bec-4193-8e2e-050f825dd786","Mechanical","مصر","القاهرة","5","Consultant","Office","EGP","32000","لا","نعم","لا","ربما","ربما",,"لا",,"Bachelor's","9","نعم","2026-07-16T00:00:00.000Z"
"6930da6a-2fd2-4dab-b35a-48a71a8b306b","Mechanical","مصر","القاهرة","1","Sub-Contractor","Hybrid","EGP","12000","نعم","لا","لا","لا","نعم",,"لا",,"Bachelor's","9","لا  الجمعة فقط","2026-07-16T00:00:00.000Z"
"69193bf0-06a0-4896-be17-fab07d0c43e4","Mechanical","مصر","القاهرة","5","Consultant","Office","USD","800","لا","لا","لا","ربما","نعم","ياريت بلاش قلة قيمة واعرف قيمتك كويس كمهندس وزي ما الشركات بتكسب ملايين من ورانا احنا كمان لازم يكون لينا تقدير عالمجهود البدني والذهني واللي هو سبب من الاسباب المباشرة لنجاح المشاريع والشركات","لا",,"Bachelor's","9","نعم","2026-07-16T00:00:00.000Z"
"68da54f3-75b4-462f-ab49-f059fed2bdf3","Electrical","مصر","المنصورة","12","Developer","Site","EGP","30000","نعم","نعم","نعم","لا","نعم",,"لا",,"Bachelor's","8","لا  الجمعة فقط","2026-07-16T00:00:00.000Z"
"68d30188-cf7e-4a98-8d39-d3fdfa20e679","Mechanical","السعودية","جازان","5","Facility Management","Site","SAR","10000","لا","نعم","لا","ربما","نعم","اسمع منهم قبل تتكلم وسوق لنفسك واعرضها كويس","لا",,"Bachelor's","9","لا  الجمعة فقط","2026-07-16T00:00:00.000Z"
"68b86b78-f02b-4194-8d8a-06e8d96a4656","Mechanical","مصر","العاشر من رمضان","1","Manufacturer","Office","EGP","17500","نعم","نعم","لا","لا","نعم",,"نعم",,"Bachelor's","9","نعم","2026-07-16T00:00:00.000Z"
"68a1f45a-5bda-456a-ada6-b5fb5c443531","Mechanical","مصر","القاهرة","6","Consultant","Office","EGP","45000","لا","لا","نعم","نعم","نعم",,"لا",,"Bachelor's","8","نعم","2026-07-16T00:00:00.000Z"
"6867e0b2-1633-41e8-aa9d-700a08f299fc","Mechanical","السعودية","الرياض","18","Consultant","Office","SAR","21000","لا","لا","نعم","ربما","نعم",,"نعم",,"Bachelor's","9","نعم","2026-07-16T00:00:00.000Z"
"68572265-051d-42f4-b3c1-6998cbb8b94b","Mechanical","مصر","القاهرة","3","Main Contractor","Office","EGP","35000","نعم","نعم","نعم","نعم","نعم","اطلب راتب عالي حتي لو كان الفرق بين راتبك الحالي واللي طلبته كبير المهم الراتب يكون مثل القائمة ويكفيك","لا","بونص سنوي","Bachelor's","8","نعم","2026-07-16T00:00:00.000Z"
"67eaa501-dedb-490e-ba6f-89ccf286a38b","Mechanical","مصر","القاهرة","5","Supplier","Office","EGP","25000","لا","نعم","نعم","ربما","ربما",,"لا","كامل الصلاحيات","Bachelor's","9","نعم","2026-07-16T00:00:00.000Z"
"67e3a84b-8bd4-4574-b291-fb7bfa4f3d57","Mechanical","السعودية","الرياض","9","Main Contractor","Office","SAR","13000","لا","لا","لا","ربما","لا",,"لا",,"Bachelor's","9","لا  الجمعة فقط","2026-07-16T00:00:00.000Z"
"67ac9bee-9130-4f67-98e8-adbfce785005","Electrical","مصر","القاهرة","4","Consultant","Office","USD","800","لا","لا","لا","ربما","نعم","قدر نفسك كويس و متقبلش باقل من اللى انت شايفه مناسب ليك","لا","Medical insurance , social insurance","Bachelor's",,"نعم","2026-07-16T00:00:00.000Z"
"6765c14f-80e9-4073-8f72-a9dee0a668e1","Mechanical","السعودية","سكاكا","7","Main Contractor","Hybrid","SAR","8700","نعم","نعم","لا","لا","نعم",,"لا","لا يوجد","Bachelor's","8","لا  الجمعة فقط","2026-07-16T00:00:00.000Z"
"67550322-6376-4da4-9fc1-825c99fc7a6a","Mechanical","مصر","القاهرة","4","Supervision Consultant","Site","EGP","23000","لا","نعم","لا","ربما","ربما",,"لا",,"Bachelor's","8","لا  الجمعة فقط","2026-07-16T00:00:00.000Z"
"671c8367-45a3-4337-bb3d-f7325c63abad","Mechanical","مصر","القاهرة","3","MEP Engineering Services","Office","EGP","24000","لا","لا","لا","ربما","ربما",,"لا",,"Bachelor's","8","نعم","2026-07-16T00:00:00.000Z"
"670d82a6-107a-4d0a-9a25-302277e53314","Mechanical","السعودية","القصيم","14","Consultant","From Home","SAR","6000","لا","لا","لا","ربما","نعم","نعم","لا",,"Bachelor's","6","لا  الجمعة فقط","2026-07-16T00:00:00.000Z"
"670391c1-a879-49ad-bf8e-e070e3b1e5fe","Mechanical","السعودية","الرياض","3","Cxa","Hybrid","SAR","6500","لا","لا","لا","لا","نعم",,"لا",,"Bachelor's","9","لا  الجمعة فقط","2026-07-16T00:00:00.000Z"
"66eb0f04-f00c-4b5c-913d-90a50dfa54d3","Mechanical","مصر","القاهرة","1","Sub-Contractor","Hybrid","EGP","10000","نعم","نعم","لا","لا","نعم","اطلب اللى يرضيك ومتقبلش بأقل من كده","لا","الاجازات الرسمية بناخدها اجازه بالاضافة الى كوميشن على المقايسات0.0025 يعنى ع المليون 2500ج","Bachelor's","8","لا  الجمعة فقط","2026-07-16T00:00:00.000Z"
"66d05d00-6cd3-4b1b-9218-60144238f823","Mechanical","مصر","القاهرة","2","Consultant","Office","EGP","18000","نعم","لا","لا","ربما","نعم","١-لازم تبقي عارف القيمه الي هتقدمها فحتي لو كنت فريش فوجودك ف الشركه هو انعكاس لقيمه انت بتقدمها ، كل اما الي بتقدمو زاد فحقك تدور ع مرتب يكافئ القيمه ديه 
٢- لازم تصبر و تدور ف اكتر من مكان و متكسلش و متقفش عند محطه واحده 
٣-خليك متأكد انها ارزاق و مكتوبه و الي رزقو ياخد ١٠٠٠٠ لو اتنطط مش هياخد غير ال ١٠٠٠٠ و دايما خلي ف دماغك ( و لئن شكرتم لازيدنكم )","لا","بيئه كويسه للتعلم و السينيورز بيقدرو المجهود الي بيتبذل من الجونيورز و الفريش ، بشكل عام البيئه كويسه ف التعامل","Bachelor's","8","نعم","2026-07-16T00:00:00.000Z"
"66cc1555-5827-454c-8308-6f163288f16b","Mechanical","السعودية","تبوك","15","Facility Management","Site","SAR","6000","نعم","نعم","لا","لا","لا",,"لا","احمد ربنا ان الدنيا شغاله والشركه بتقبضك والدنيا ماشيه والراتب مش بيتاخر","Bachelor's","8","لا  الجمعة فقط","2026-07-16T00:00:00.000Z"
"66ab197c-1970-4a13-823c-26e9512fc805","Structural","السعودية","العلا","5","Main Contractor","Hybrid","SAR","6500","نعم","نعم","لا","ربما","نعم","حاول يكون فيه ثقة وتتفاوض بقدر المستطاع","نعم",,"Bachelor's","9","لا  الجمعة فقط","2026-07-16T00:00:00.000Z"
"666afa83-33b9-4478-9711-db904aa6ad03","Mechanical","مصر","رأس غارب","2","Main Contractor","Site","EGP","26250","نعم","نعم","نعم","لا","نعم","التفاوض علي المرتب الاساسي دون النظر لبدل الموقع و بدل الأوفر تايم ( ممكن يكون موقع بدله كويس فتشوف ان مرتبك كدة كويس بعدها ممكن تروح موقع في القاهرة هتلاقي المرتب قل كتير )","لا","تأمين طبي وإجتماعي","Bachelor's","10","نعم","2026-07-16T00:00:00.000Z"
"66600c00-d3d3-4fa5-9fa9-7895d5f8fa0d","Mechanical","مصر","القاهرة","1","Consultant","Office","EGP","13000","لا","لا","لا","نعم","نعم",,"نعم",,"Bachelor's","8","نعم","2026-07-16T00:00:00.000Z"
"65d8ff40-3019-452e-847c-ab37940e3365","مهندس جوده طباعه","مصر","العاشر من رمضان","2","شركه طباعة","Site","EGP","15000","نعم","نعم","نعم","ربما","لا",,"نعم",,"Bachelor's","12","لا  الجمعة فقط","2026-07-16T00:00:00.000Z"
"65ad5a1a-8567-40e1-b96f-d336ae31bcb8","Mechanical","مصر","القاهرة","3","Main Contractor","Site","EGP","30000","لا","نعم","نعم","نعم","نعم","الشركه فيها فلوس خليك واثق في نفسك و تطلب رقم كويس","لا","منحه في المواسم زي رمضان و الاعياد نص شهر","Bachelor's","8","لا  الجمعة فقط","2026-07-16T00:00:00.000Z"
"65aa9bf1-2cfd-4e7c-90be-dc59ac603bd6","Mechanical","مصر","القاهرة","6","Main Contractor","Office","EGP","35000","نعم","نعم","لا","ربما","نعم",,"لا",,"Bachelor's","9","لا  الجمعة فقط","2026-07-16T00:00:00.000Z"
"6502f834-6d3e-4d09-8b62-4c54ace15258","Mechanical","مصر","القاهرة","1","Sub-Contractor","Site","EGP","14000","لا","لا","لا","ربما","نعم","اطلب كتير ومتخفش","لا",,"Bachelor's","8","لا  الجمعة فقط","2026-07-16T00:00:00.000Z"
"64c5a587-b544-4156-bace-c08ee07b5ea1","Petrochemical","مصر","بورسعيد","1","Oil & Gas","Site","EGP","4500","نعم","لا","لا","لا","نعم",,"لا",,"Bachelor's","8","نعم","2026-07-16T00:00:00.000Z"
"64b71662-391e-49b8-b5aa-2664ddbda767","Mechanical","مصر","العاشر من رمضان","5","Main Contractor","Site","EGP","27000","نعم","نعم","لا","نعم","نعم",,"لا","كل 3 شهور فى حافز 25٪ من المرتب يعنى توتال شهر على السنه","Bachelor's","8","لا  الجمعة فقط","2026-07-16T00:00:00.000Z"
"64683e5f-cad0-46ed-8d00-1a8c66c904c0","Mechanical","السعودية","المدينة المنورة","1","Sub-Contractor","Site","SAR","4000","لا","لا","لا","نعم","نعم",,"نعم",,"Bachelor's","8","لا  الجمعة فقط","2026-07-16T00:00:00.000Z"
"645cdf13-be9c-46f7-8146-f4e1daeb89fc","Structural","مصر","القاهرة","1","Industrial","Office","EGP","13000","لا","لا","نعم","نعم","ربما",,"لا",,"Bachelor's","8","نعم","2026-07-16T00:00:00.000Z"
"643b405c-cfae-4fa2-8c8b-fad7d742f122","Mechanical","مصر","قها، القليوبية","1","Diesel engine and automatic transmission service","Site","EGP","12000","لا","نعم","لا","لا","لا",,"لا",,"Bachelor's","8","نعم","2026-07-16T00:00:00.000Z"
"63f6a87a-64d5-430d-add6-de8cdb04711c","Mechanical","الامارات","ابو ظبي","6","Sub-Contractor","Site","AED","10000","لا","لا","لا","لا","نعم",,"لا",,"Bachelor's","8","لا  الجمعة فقط","2026-07-16T00:00:00.000Z"
"63e15d7c-d2cc-442e-ac0c-a37b8c21a46b","Mechanical","السعودية","جدة","15","Consultant","Site","SAR","10500","لا","لا","لا","لا","نعم","الصبر أثناء التفاوض","لا","لا يوجد","Bachelor's","8","لا  الجمعة فقط","2026-07-16T00:00:00.000Z"
"63b0c540-4f11-41b8-8315-e4f7f88d5257","Mechanical","مصر","القاهرة","2","Sub-Contractor","Office","EGP","20000","لا","لا","لا","ربما","نعم",,"لا",,"Bachelor's","9","لا  الجمعة فقط","2026-07-16T00:00:00.000Z"
"63ab63d8-6cfb-46d7-918b-ff2a0f1d5a2f","Mechanical","مصر","القاهرة","4","Manufacturer","Office","EGP","30000","لا","نعم","نعم","نعم","لا","قدر راتبك بالنسبه
لحجم الشركه
مكسب الشركه
حجم افادتك و تأثيرك
ندره مجاللك","لا",,"Bachelor's","8","نعم","2026-07-16T00:00:00.000Z"
"63a56d18-76ae-4545-8cda-e568a3691361","Mechanical","مصر","القاهرة","4","Sub-Contractor","Site","EGP","17000","نعم","نعم","لا","لا","نعم",,"لا","مكافات سنويه","Bachelor's","8","نعم","2026-07-16T00:00:00.000Z"
"639aed48-d3b8-4d3f-b879-a1cadc5fd382","Mechanical","مصر","القاهرة","10","Main Contractor","Hybrid","EGP","37800","لا","نعم","لا","لا","نعم",,"لا",,"Bachelor's","8","نعم","2026-07-16T00:00:00.000Z"
"6395b2a2-52fd-4a2b-9d78-541dcfe136e0","Mechanical","مصر","القاهرة","7","Facility Management","Office","EGP","38000","لا","نعم","لا","ربما","نعم",,"لا",,"Bachelor's","8","نعم","2026-07-16T00:00:00.000Z"
"638eddcd-9f5c-4f3b-929a-8371c230e950","Mechanical","مصر","القاهرة","6","Consultant","Site","EGP","26000","لا","نعم","لا","لا","لا","افشخوا ال hr","نعم","2سبت اجازه فى الشهر","Bachelor's","8","نعم","2026-07-16T00:00:00.000Z"
"633e2429-a338-4d22-9571-15937862129b","safety","مصر","بنى سويف","2","Industrial","Site","EGP","13000","لا","نعم","لا","ربما","ربما","حاول تعرف امثالك ف السوق بياخدو كام علشان متتفاوضش على مرتب وبعد كدا تزعل","نعم","لايوجد","Bachelor's","12","نعم","2026-07-16T00:00:00.000Z"
"63244d26-c808-48eb-8900-06c76c84509f","Mechanical","السعودية","المدينة المنورة","4","Consultant","Office","SAR","6000","نعم","نعم","لا","ربما","لا",,"لا","تذكرة سفر سنوية في الاجازة لبلدي","Bachelor's","8","نعم","2026-07-16T00:00:00.000Z"
"632257c6-9130-4e9e-b789-d9068e013429","Mechanical","مصر","القاهرة","1","Sub-Contractor","Office","EGP","15600","لا","نعم","لا","ربما","نعم",,"لا",,"Bachelor's","8","لا  الجمعة فقط","2026-07-16T00:00:00.000Z"
"6305de5d-4702-400a-a8ed-701fee133051","Mechanical","مصر","القاهرة","2","Main Contractor","Site","EGP","18000","نعم","نعم","لا","لا","ربما",,"لا",,"Bachelor's","9","لا  الجمعة فقط","2026-07-16T00:00:00.000Z"
"62f2b6fe-3f4c-4ebe-b6ee-9bd11052f608","Mechanical","مصر","القاهرة","3","Main Contractor","Office","EGP","32000","لا","لا","نعم","نعم","ربما",,"لا",,"Bachelor's","8","نعم","2026-07-16T00:00:00.000Z"
"62de2909-f958-4354-aec1-109d1f6395e2","Structural","مصر","القاهرة","7","Government","Site","EGP","15000","نعم","لا","لا","لا","لا",,"نعم",,"Bachelor's","12","نعم","2026-07-16T00:00:00.000Z"
"62921520-ceaa-43de-b81d-0eb7a2a4a7b2","Mechanical","مصر","العلمين","2","Sub-Contractor","Site","EGP","16000","نعم","لا","لا","ربما","نعم","متستكترش ابدا على نفسك الراتب المعروض","نعم",,"Bachelor's","8",,"2026-07-16T00:00:00.000Z"
"628cd239-2ba8-4c77-b1f0-4ecfc9aae1a8","Mechanical","مصر","القاهرة","1","Facility Management","Hybrid","EGP","16500","لا","نعم","لا","نعم","نعم",,"لا",,"Bachelor's","8","نعم","2026-07-16T00:00:00.000Z"
"62875f8f-73cd-4003-8f9b-bd0c043e1f31","Mechanical","مصر","الاسكندرية","2","Industrial","Site","EGP","31250","لا","نعم","نعم","نعم","نعم",".","لا","وجبات","Bachelor's","8","لا  الجمعة فقط","2026-07-16T00:00:00.000Z"
"6244f405-4a0b-4566-8469-af5c3e554e66","Mechanical","مصر","الإسكندرية","10","Facility Management","Site","EGP","31000","لا","نعم","لا","ربما","نعم",,"لا","تأمين طبي خاص","Bachelor's","12","نعم","2026-07-16T00:00:00.000Z"
"623d2274-2d91-4a8c-91be-38fe42376227","Mechanical","مصر","القاهرة","4","Sub-Contractor","Hybrid","EGP","16000","لا","لا","لا","لا","ربما",,"نعم",,"Bachelor's","8","لا  الجمعة فقط","2026-07-16T00:00:00.000Z"
"6224a4ce-69a3-4542-ad47-bf6efd127fc0","Mechanical","مصر","القاهرة","12","Owner","Office","EGP","50000","نعم","لا","نعم","ربما","لا","ميتنازلش عن حقه ف الراتب خصوصا لو عنده اريحيه و مش مضطر يسيب الشغل الحالي الشركات اللي احنا شغالين فيها ايا كان نشاطها مقاول او استشاري او مالك باتكسب ملايين و ده حقنا","لا","بونس ربع سنوي","Bachelor's","8","نعم","2026-07-16T00:00:00.000Z"
"621d53bc-adb9-4b8b-b2f5-7181628df72d","Structural","مصر","القاهرة","6","Developer","Site","EGP","25000","نعم","نعم","لا","لا","لا",,"لا",".","Bachelor's","6","نعم","2026-07-16T00:00:00.000Z"
"621aa0dd-f95f-483f-8e68-f59de7e0ba3e","Mechanical","مصر","القاهرة","1","Sub-Contractor","Site","EGP","20000","لا","نعم","نعم","نعم","نعم",,"نعم","بونص وجوده ف التعامل انسانيا ونفسيا","Bachelor's","9","لا  الجمعة فقط","2026-07-16T00:00:00.000Z"
"61cff9de-eb1a-422c-b0ef-2e8977ac66f1","Mechanical","الامارات","الشارقة","7","Sub-Contractor","Site","AED","6500","لا","نعم","لا","لا","نعم",,"نعم",,"Bachelor's","8","لا  الجمعة فقط","2026-07-16T00:00:00.000Z"
"6198cae8-fe76-45b6-987f-1ee62ba67c3e","Mechanical","الاردن","عمان","3","Industrial","Site","JOR","700","لا","نعم","لا","نعم","نعم","اختار الراتب الذي ترى نفسك تستحقه","لا",,"Bachelor's","8","لا  الجمعة فقط","2026-07-16T00:00:00.000Z"
"618eac21-8295-4f69-a456-4cb9b42ad967","Mechanical","مصر","مرسي مطروح","7","Main Contractor","Site","EGP","15000","نعم","نعم","نعم","لا","لا",,"لا",,"Bachelor's","9","لا  الجمعة فقط","2026-07-16T00:00:00.000Z"
"615911dd-bda6-4972-9187-368a84c0dd97","Mechanical","السعودية","الرياض","0","PMC","Site","SAR","40000","لا","لا","لا","لا","نعم","أعطي range وخليك ضمن نطاق السوق","نعم",,"Bachelor's","10","نعم","2026-07-16T00:00:00.000Z"
"6129e736-bea9-444d-8c2f-a3bbfa08c5fc","Mechanical","السعودية","الرياض","8","Sub-Contractor","Hybrid","SAR","10000","لا","نعم","لا","لا","ربما",,"لا",,"Bachelor's","8","لا  الجمعة فقط","2026-07-16T00:00:00.000Z"
"60fc384e-e5bc-4ea1-981d-ea92b65d545d","Structural","مصر","الفيوم","1","Main Contractor","Site","EGP","16050","نعم","نعم","نعم","نعم","نعم",,"لا",,"Bachelor's","9","لا  الجمعة فقط","2026-07-16T00:00:00.000Z"
"60f9820e-4a1d-48dc-8b80-f9aef14a44a7","Mechanical","مصر","اسكندرية","1","Consultant","Office","EGP","15500","لا","لا","نعم","لا","نعم",,"نعم",,"Bachelor's",,"نعم","2026-07-16T00:00:00.000Z"
"60ed8aa1-55f0-49ea-82e4-1f2541a23dd9","Mechanical","مصر","القاهرة","2","Consultant","Site","EGP","16000","لا","نعم","لا","لا","ربما",,"لا",,"Bachelor's","9","لا  الجمعة فقط","2026-07-16T00:00:00.000Z"
"60d90d87-3ca4-456e-a2dd-21e240900d10","Electrical","مصر","القاهرة","7","Main Contractor","Office","EGP","45000","لا","لا","لا","لا","نعم",,"لا",,"Bachelor's","8","نعم","2026-07-16T00:00:00.000Z"
"60ac3c54-de88-4054-a9d0-d200b68a9b98","BIM","مصر","القاهرة","4","Consultant","Office","EGP","37000","لا","لا","نعم","ربما","نعم",,"نعم",,"Bachelor's","8","نعم","2026-07-16T00:00:00.000Z"
"60a2a9ea-ff6e-4a3d-850d-d9d2048904d2","Mechanical","السعودية","الرياض","5","Main Contractor","Hybrid","SAR","8500","لا","لا","نعم","ربما","نعم","أتكلم بثقة وفق خبراتكً","نعم",,"Bachelor's","8","نعم","2026-07-16T00:00:00.000Z"
"607a6ed9-bbc7-466a-bd53-9d6c1dc90b78","Mechanical","السعودية","الرياض","3","Sub-Contractor","Site","SAR","3800","نعم","لا","لا","ربما","ربما",,"لا",,"Diploma","8","لا  الجمعة فقط","2026-07-16T00:00:00.000Z"
"5fff8e72-0c2a-4d10-bc63-33acebf6bee1","Mechanical","السعودية","جدة","9","Main Contractor","Site","SAR","13000","لا","لا","لا","ربما","نعم",,"لا",,"Bachelor's","9","لا  الجمعة فقط","2026-07-16T00:00:00.000Z"
"5fe5fa3b-ac20-43b5-8caf-3c1b5a572e98","Mechanical","السعودية","الرياض","1","Sub-Contractor","Office","SAR","5000","لا","لا","لا","لا","لا",,"لا","لا يوجد - عدا عن ان بيئه العمل سامه وغير مريحه","Bachelor's","8","نعم","2026-07-16T00:00:00.000Z"
"5fcb107d-e5c7-47e1-af86-dd9c07daf8ab","بترول","مصر","بورسعيد","2","Industrial","Site","EGP","5200","نعم","لا","لا","لا","نعم",,"لا",,"Bachelor's","8","نعم","2026-07-16T00:00:00.000Z"
"5fa31006-ddd6-4ca3-bcbd-57a0f279fda2","Mechanical","مصر","القاهرة","2","Consultant","Office","EGP","20000","لا","لا","لا","ربما","نعم",,"لا",,"Bachelor's","8","نعم","2026-07-16T00:00:00.000Z"
"5f814ec6-f19c-421e-94d2-b8668416fbae","Mechanical","السعودية","جدة","2","Developer","Site","SAR","4000","نعم","نعم","لا","نعم","نعم",,"لا",,"Bachelor's","8","لا  الجمعة فقط","2026-07-16T00:00:00.000Z"
"5f738e7a-b268-4226-96c1-a7253cf16709","Mechanical","الأردن","عملن","1","Consultant","Office","JOD","575","لا","لا","نعم","نعم","ربما","Always know your worth globally","لا","None","Bachelor's","10","نعم","2026-07-16T00:00:00.000Z"
"5f30d9dd-ec72-4dd7-9a5a-742ad64f9140","Mechanical","السعودية","الرياض","4","Main Contractor","Site","SAR","6000","لا","لا","لا","لا","نعم","لا تقل عن ٦٠٠٠& ٧٠٠٠ بكج","لا",,"Bachelor's","8","لا  الجمعة فقط","2026-07-16T00:00:00.000Z"
"5f0f6e79-5390-4e2f-b53a-50b3b2a36f99","Mechanical","مصر","القاهرة","0","Developer","Office","EGP","65000","لا","لا","لا","لا","نعم",,"لا","لا يوجد","Bachelor's","8","لا  الجمعة فقط","2026-07-16T00:00:00.000Z"
"5ef15c98-19ea-45d7-b559-792ffd4ef65c","Mechanical","مصر","الاسكندريه","1","Manufacturer","Office","EGP","10000","نعم","نعم","لا","ربما","نعم",,"نعم","تأمين طبي و إجتماعي","Bachelor's","8","نعم","2026-07-16T00:00:00.000Z"
"5edf37a4-70a6-4509-b4d4-5e3a3da9843f","Mechanical","مصر","الشرقيه","2","Manufacturer","Site","EGP","15000","نعم","نعم","لا","لا","لا","خليك كداب","نعم","سكن ومواصلات","Bachelor's","9","نعم","2026-07-16T00:00:00.000Z"
"5eb965c5-3edc-4f21-84f6-dc2f3ad57243","Mechanical","مصر","القاهرة","3","Sub-Contractor","Office","EGP","32000","لا","لا","نعم","ربما","نعم",,"لا",,"Bachelor's","8.5","نعم","2026-07-16T00:00:00.000Z"
"5eb38250-5440-4928-986a-05a6a27cc2ad","Production","مصر","بني سويف","3","Industrial","Site","EGP","13770","نعم","نعم","نعم","لا","لا","شوف السوق كويس جدا و اعرف ان اللي هتطلبه و توافق عليه دلوقتي كمان سنه هيجي حد يطلب اعلي منك و يتقالك ده سعر السوق ، ف ماتقبلش اي شغل و السلام غير و انت راضي عن نفسك جدا و مستريح للمرتب","لا",,"Bachelor's","8","لا  الجمعة فقط","2026-07-16T00:00:00.000Z"
"5ea9767c-c997-46e0-8524-242ac58d0838","Electrical","الامارات","دبي","2","Sub-Contractor","Site","AED","3500","لا","نعم","لا","لا","لا",,"لا",,"Bachelor's","9","لا  الجمعة فقط","2026-07-16T00:00:00.000Z"
"5e5500f1-63c5-42fb-b1b5-bb02ea883332","Mechanical","مصر","الإسكندرية","3","Sub-Contractor","Office","EGP","35000","لا","لا","لا","نعم","نعم",,"لا",,"Bachelor's","9.5","نعم","2026-07-16T00:00:00.000Z"
"5e548467-3dd2-4c82-b24d-5abc3eccfa07","Mechanical","مصر","Aswan","4","Facility Management","Office","EGP","12000","لا","لا","لا","لا","نعم",,"نعم",,"Master's","8","لا  الجمعة فقط","2026-07-16T00:00:00.000Z"
"5e501774-5ff2-4c65-8b00-cff527baefa0","Thecnical","مصر","الجيزه","2","Government","Office","EGP","12000","نعم","نعم","لا","ربما","نعم","حط النقط علي الحروف من اول يوم واعرف اللي ليك واللي عليك","لا",,"Bachelor's","9","نعم","2026-07-16T00:00:00.000Z"
"5e3c50cf-6a9b-4cb7-b8ac-3a3d26f0afa1","Electrical","مصر","القاهرة","4","Main Contractor","Office","EGP","33000","نعم","نعم","نعم","ربما","نعم","اسمع من الناس التانيه في نفس المجال واعملً كذا مقابله مش مقابله واحده … وخليك تقيل جدا حرفيا مفيش مهندسين ف البلد","لا","تامين طبي واجتماعي وبدل وجبه لو سهرت وأوبر لو عدت الساعه ١٠","Bachelor's","9","نعم","2026-07-16T00:00:00.000Z"
"5e32cb11-e46f-4446-8d8b-a19eff67dc5c","Mechanical","مصر","رأس الحكمة","3","Main Contractor","Site","EGP","25000","نعم","نعم","نعم","ربما","لا",,"لا",,"Bachelor's","11","لا  الجمعة فقط","2026-07-16T00:00:00.000Z"
"5df8d473-996a-4263-ab8c-88cae27cde53","Electrical","مصر","القاهرة","1","Main Contractor","Hybrid","EGP","8000","لا","نعم","نعم","لا","نعم",,"لا",,"Bachelor's","8","لا  الجمعة فقط","2026-07-16T00:00:00.000Z"
"5dbf9097-41ae-44eb-8283-45b8f9b0cf19","Electrical","مصر","القاهرة","4","Main Contractor","Site","EGP","22000","نعم","نعم","لا","لا","نعم","اطلب ما ترتضى به","لا",,"Bachelor's","8","لا  الجمعة فقط","2026-07-16T00:00:00.000Z"
"5dbc9a40-16e7-4a33-aa0f-609b2068c3f6","Mechanical","مصر","الساحل مشروع سول","6","Main Contractor","Site","EGP","48000","نعم","لا","لا","نعم","نعم","الله يرزق علي قدر الحمل","لا","تأمين صحي واجتماعي وبونص لكن لم يصرف","Bachelor's","9","لا  الجمعة فقط","2026-07-16T00:00:00.000Z"
"5db70e76-ae6e-473e-b17c-81745abd0118","Mechanical","مصر","الاقصر","1","Sub-Contractor","Site","EGP","15000","نعم","نعم","لا","ربما","ربما",,"لا",,"Diploma","9","نعم","2026-07-16T00:00:00.000Z"
"5d6746ee-7717-4735-b759-3e98b6082d9b","Electrical","مصر","العلمين","6","Main Contractor","Site","EGP","26000","نعم","نعم","لا","لا","نعم","اطلب مرتب القايمة","لا",,"Bachelor's","9","نعم","2026-07-16T00:00:00.000Z"
"5d45ffc5-03bf-4941-bebc-d2f29bace8b9","Mechanical","مصر","القاهرة","5","Main Contractor","Office","EGP","26000","نعم","نعم","نعم","لا","نعم",,"لا",,"Bachelor's","8","لا  الجمعة فقط","2026-07-16T00:00:00.000Z"
"5d12d5cb-6992-427e-9f72-ebed536e97e0","Mechanical","مصر","اسكندرية","1","Main Contractor","Hybrid","EGP","10000","نعم","نعم","نعم","لا","نعم",,"لا",,"Bachelor's","8","لا  الجمعة فقط","2026-07-16T00:00:00.000Z"
"5d080c97-bbab-4646-85c7-3e1e08c2b2b9","Mechanical","مصر","الدقهلية","1","Industrial","Site","EGP","10000","نعم","لا","نعم","لا","ربما",,"لا",,"Bachelor's","8","لا  الجمعة فقط","2026-07-16T00:00:00.000Z"
"5cbe6e51-dd0d-4339-b4f6-000e4c656799","Mechanical","السعودية","تبوك","8","Consultant","Hybrid","SAR","6500","نعم","نعم","لا","لا","نعم",,"لا",,"Bachelor's","8","لا  الجمعة فقط","2026-07-16T00:00:00.000Z"
"5cb1eed2-0ca1-4422-92c4-8e22861cd426","BIM","مصر","القاهرة","6","Manufacturer","Office","USD","750","لا","لا","لا","لا","نعم","حاول تعرف اقرب دفعه ليك وراتبها ايه و زود عليها بنسبه ما","لا",,"Bachelor's","8","نعم","2026-07-16T00:00:00.000Z"
"5c92ddef-d195-446b-a43b-f613d1b6e8bb","Mechanical","مصر","القاهرة","5","Manufacturer","Office","EGP","20000","نعم","نعم","لا","لا","لا",,"لا",,"Bachelor's","8","لا  الجمعة فقط","2026-07-16T00:00:00.000Z"
"5c92c1a4-71ea-4b89-a27a-1944bd1f4474","Electrical","مصر","القاهرة","2","Sub-Contractor","Office","EGP","14000","نعم","لا","لا","لا","نعم",,"لا","توفير السكن فقط","Bachelor's","8","نعم","2026-07-16T00:00:00.000Z"
"5c48bc0f-4526-447e-8630-ae5df1d594d1","Mechanical","مصر","القاهرة","1","Consultant","Hybrid","EGP","15000","لا","لا","لا","لا","لا",,"لا",,"Bachelor's","8","نعم","2026-07-16T00:00:00.000Z"
"5b571386-49a3-4708-bce7-26faa62e2f6b","Mechanical","مصر","القاهرة","3","Facility Management","Site","EGP","15000","لا","لا","لا","ربما","لا",,"لا","تامين اجتماعي","Bachelor's","8","نعم","2026-07-16T00:00:00.000Z"
"5afc9481-8313-471f-aaef-32542e29a556","Mechanical","مصر","السويس","9","Main Contractor","Site","EGP","35000","نعم","نعم","نعم","ربما","نعم","التفاوض يبقى على الNet وملكش دعوة بالبدلات و الNet يبقى مرضى ليك و لامكنياتك و مستوى المعيشة والحالة الاقتصادية حواليك.","لا","بدلات معيشة و مواصلات شاملة 10K ولكن غير منتظمة","Bachelor's","8","لا  الجمعة فقط","2026-07-16T00:00:00.000Z"
"5af7b6e7-0b57-466c-9e20-e9eccdfa58ec","Mechanical","مصر","الإسماعيليه","4","Main Contractor","Site","EGP","15000","نعم","نعم","لا","لا","لا","مفيش تفاوض اساسا هى متقسمه دفعات و كل دفعه ليها ليمت","لا","لا يوجد","Bachelor's","9","نعم","2026-07-16T00:00:00.000Z"
"5af6ffc1-6be7-4338-bb27-6773c194240e","Mechanical","السعودية","الدمام","3","Main Contractor","Site","SAR","5500","نعم","لا","نعم","لا","نعم",,"لا",,"Bachelor's","8","لا  الجمعة فقط","2026-07-16T00:00:00.000Z"
"5ae23abe-7c8f-4667-865d-76e739a28e52","Mechanical","السعودية","جده","11","Facility Management","Office","SAR","7500","لا","نعم","نعم","لا","ربما",,"لا","بونص راتب شهر كل 3 شهور","Bachelor's","8","نعم","2026-07-16T00:00:00.000Z"
"5ad6c395-16d6-4393-94c7-7d1f3cd2231d","Mechanical","مصر","القاهرة","1","Consultant","Hybrid","EGP","7000","لا","لا","لا","لا","نعم","اطلب بقلب جامد","نعم","امكانية العمل من المنزل","Bachelor's","8","لا  الجمعة فقط","2026-07-16T00:00:00.000Z"
"5aafb473-6c5d-49d1-9e12-0416d2268214","Mechanical","السعودية","الرياض","1","Main Contractor","Site","SAR","3750","لا","نعم","لا","لا","لا",,"لا",,"Bachelor's","8","لا  الجمعة فقط","2026-07-16T00:00:00.000Z"
"5aa33617-3382-4643-943d-6b64de18cd5a","Mechanical","مصر","القاهرة","10","Oil & Gas","Site","EGP","10000","نعم","نعم","نعم","لا","نعم",,"نعم","ذياده سنويه","Diploma","10","لا  الجمعة فقط","2026-07-16T00:00:00.000Z"
"5a863ec4-d5c7-4e79-a79b-57024a32ff84","Civil","مصر","مرسي علم","2","Main Contractor","Site","EGP","15000","نعم","نعم","لا","ربما","نعم",,"لا",,"Bachelor's","8",,"2026-07-16T00:00:00.000Z"
"5a4b7229-07a3-4f23-a4d6-96dbd9109a39","Mechanical","مصر","القاهرة","1","Manufacturer","Office","EGP","21300","لا","لا","لا","ربما","نعم",,"لا",,"Bachelor's","9","نعم","2026-07-16T00:00:00.000Z"
"5a3dfef6-88e0-4c75-b5b8-1eb1119c1355","Electrical","مصر","القاهرة","14","Consultant","Office","EGP","76000","لا","لا","لا","نعم","نعم",,"نعم","لا يوجد","Bachelor's","9","نعم","2026-07-16T00:00:00.000Z"
"5a32e3ec-e6a4-4523-acbc-edd9ab79a36a","Electrical","مصر","اسكندريه","3","Main Contractor","Site","EGP","24000","نعم","نعم","لا","ربما","ربما",,"لا","الاكل فقط على مسؤوليتى","Bachelor's","8","لا  الجمعة فقط","2026-07-16T00:00:00.000Z"
"59dbbe3c-2481-42aa-841d-990023de2354","Mechanical","مصر","البحيره","8","Main Contractor","Office","EGP","25000","نعم","نعم","نعم","لا","نعم",,"لا",,"Bachelor's","8","نعم","2026-07-16T00:00:00.000Z"
"59d33881-92a7-4477-82a4-25760cf32def","Electrical","مصر","القاهرة","1","Manufacturer","Office","EGP","15000","لا","لا","لا","ربما","ربما",,"لا",,"Bachelor's","8","نعم","2026-07-16T00:00:00.000Z"
"59bfc72b-fa66-41a4-8945-032287a3eb59","Mechanical","مصر","Dabaa - Matrouh","6","Main Contractor","Office","EGP","53000","نعم","نعم","نعم","ربما","ربما",,"نعم",,"Bachelor's","9","لا  الجمعة فقط","2026-07-16T00:00:00.000Z"
"59b626a1-c95b-452b-bbe4-9275d1b8eb55","management","مصر","القاهرة","1","Oil & Gas","Hybrid","EGP","13500","لا","نعم","نعم","لا","نعم",,"لا","بونص ربع سنوي وسنوي","Diploma","8","لا  الجمعة فقط","2026-07-16T00:00:00.000Z"
"59aa7f7c-50c5-46fb-bd39-9b3fbcf3d2b5","Electrical","مصر","القاهرة","3","Main Contractor","Site","EGP","23000","نعم","نعم","نعم","لا","نعم","تفاوض علي راتب يرضيك من البداية وحاول تجيب آخرهم في التفاوض بشكل احترافي وخصوصاً لو أنت شغال وبتنقل اتفاوض بقلب جامد وده بيتوقف طبعاً علي مهاراتك وشخصيتك ومستواك المهني","لا","مكافأه نهاية كل مشروع اجازات في الأعياد تصل إلي عشر أيام","Bachelor's","8","لا  الجمعة فقط","2026-07-16T00:00:00.000Z"
"59a28b33-0d22-4ac5-b0df-2cad3b307f6e","Mechanical","سوريا","دمشق","11","Consultant","Office","USD","450","لا","لا","لا","لا","لا",,"نعم",,"Master's","8","نعم","2026-07-16T00:00:00.000Z"
"592290b0-4c86-42cc-9ad0-c4d0fe2b7d4d","Mechanical","مصر","القاهرة","2","Main Contractor","Office","EGP","19000","لا","لا","نعم","ربما","نعم","معرفة رنج الرواتب فى السوق وفى نفس الشركه لو أمكن قبل الانترفيو .. الرواتب فى بعض الشركات بتكون أكتر من الراتب المتوقع مننا وبعض ال HR بيستغلوا عدم علم المتقدم للوظيفة ويفاصلوا معاه كمان (الفصال عندهم هوايه).","لا",,"Bachelor's","8","نعم","2026-07-16T00:00:00.000Z"
"5921b426-ce00-4907-a9e5-b63f15a3c3ec","Architecture","مصر","مطروح","5","Supervision Consultant","Site","EGP","30000","نعم","نعم","لا","لا","نعم","Salary ( minimum 35000 )6 years","لا",,"Bachelor's","9","نعم","2026-07-16T00:00:00.000Z"
"58e23e46-1a01-42d3-9c5b-5a97b5194dd1","BIM","السعودية","جده","5","Main Contractor","Office","SAR","10000","لا","لا","لا","ربما","نعم",,"نعم",,"Bachelor's","8","لا  الجمعة فقط","2026-07-16T00:00:00.000Z"
"58dfae91-0283-4dc3-9cc9-470b4fefdd86","Mechanical","مصر","القاهرة","1","Developer","Site","EGP","14000","نعم","لا","لا","نعم","ربما",,"لا",,"Bachelor's","8","لا  الجمعة فقط","2026-07-16T00:00:00.000Z"
"58c88e2d-9b77-438a-bd4a-b5c6e539a943","Mechanical","مصر","القاهرة","2","Main Contractor","Office","EGP","15000","نعم","لا","نعم","لا","ربما",,"لا","6 منح على مدار السنة فى الاعياد الدينية + مكافأة سنوية بناءا على اداء الموظف على مدار السنة","Bachelor's","8","لا  الجمعة فقط","2026-07-16T00:00:00.000Z"
"588c0082-02cd-4846-bac6-108d0ba858da","Mechanical","مصر","Sadat city","5","Owner","Hybrid","EGP","2000","نعم","نعم","لا","لا","نعم",,"لا",,"Bachelor's","8","لا  الجمعة فقط","2026-07-16T00:00:00.000Z"
"587f227f-c0ce-4f49-ab82-fe751c3bc8ae","Mechanical","السعودية","الدمام","1","Main Contractor","Site","SAR","4000","نعم","نعم","لا","لا","لا","لا تسافر قبل أن تتم سنوات الخبرة اللازمة للاعتماد في هيئة المهندسين السعوديين","لا",,"Bachelor's","10","لا  الجمعة فقط","2026-07-16T00:00:00.000Z"
"5866da34-db38-4255-b6f4-6173af9dd502","Mechanical","مصر","القاهرة","5","Sub-Contractor","Site","EGP","16000","نعم","لا","نعم","لا","نعم",,"لا",,"Bachelor's","10","لا  الجمعة فقط","2026-07-16T00:00:00.000Z"
"58434f40-dc0b-48bf-a883-634e5cfeba39","Mechanical","السعودية","الرياض","4","Main Contractor","Hybrid","SAR","3800","نعم","نعم","لا","لا","لا",,"لا",,"Bachelor's","8","لا  الجمعة فقط","2026-07-16T00:00:00.000Z"
"580bf753-93e6-4947-b9ee-60852be7cd11","Mechanical","مصر","القاهرة","3","Supervision Consultant","Site","EGP","18000","لا","نعم","لا","ربما","ربما","لو قبلت بمرتب قليل اتأكد انك بتظلم زمايلك","لا",,"Bachelor's","8","لا  الجمعة فقط","2026-07-16T00:00:00.000Z"
"57df4d36-f215-4e5a-819e-629d115071b8","BIM","مصر","alexandria","1","Sub-Contractor","Office","EGP","12000","لا","لا","لا","ربما","نعم",,"نعم",,"Bachelor's","10","نعم","2026-07-16T00:00:00.000Z"
"57d662fa-510a-4328-9da3-4f55f4763908","Structural","مصر","الجيزه","9","Government","Hybrid","EGP","6000","لا","نعم","لا","لا","لا",,"نعم",,"Bachelor's","10","لا  الجمعة فقط","2026-07-16T00:00:00.000Z"
"578f2599-e859-4cd9-bed5-d808e9dfc98c","Mechanical","مصر","القاهرة","3","Consultant","Office","USD","950","لا","لا","لا","نعم","نعم",,"لا",,"Bachelor's","9","نعم","2026-07-16T00:00:00.000Z"
"576709cc-aab3-4f21-9bba-c3938f94f6b4","Mechanical","مصر","القاهرة","6","Main Contractor","Hybrid","EGP","25000","نعم","لا","لا","ربما","نعم",,"لا",,"Bachelor's","10","لا  الجمعة فقط","2026-07-16T00:00:00.000Z"
"5745a131-e9e3-405a-abbb-f9ae37b2197b","Mechanical","السعودية","الرياض","10","Sub-Contractor","Hybrid","SAR","6000","نعم","نعم","لا","لا","نعم","اختار الراتب المناسب لعدد سنين خبراتك","لا",,"Bachelor's","8","لا  الجمعة فقط","2026-07-16T00:00:00.000Z"
"573608ba-eb14-4310-95c2-8464f8cb8702","Structural","مصر","القاهرة","1","Back office","Office","EGP","18000","لا","لا","لا","نعم","نعم",,"نعم","تأمين طبي واجتماعي فقط","Bachelor's","9","نعم","2026-07-16T00:00:00.000Z"
"5704f3cf-290e-4613-9f32-c7e6e82486d8","Mechanical","مصر","القاهرة","6","Main Contractor","Site","EGP","20000","نعم","نعم","لا","لا","لا",,"لا",,"Bachelor's","10","نعم","2026-07-16T00:00:00.000Z"
"5704436d-2a77-40f2-9dbf-3bd0e616297f","Mechanical","مصر","المنصورة","2","Manufacturer","Hybrid","EGP","12770","لا","نعم","لا","لا","نعم","اطلب راتب محترم ومتخافش .. انا اخدت الراتب اللي انا طلبته رغم انهم قالولي كتير على فريض ..بعد كده اكتشفت اني المفروض اطلب اكبر 😂😂😂","لا","كان فيه وجبة غدا واتشالت😂","Bachelor's","8","نعم","2026-07-16T00:00:00.000Z"
"56f8bb2f-1fdb-4001-9ed1-8daa71421fe8","Mechanical","الامارات","دبي","2","Main Contractor","Site","AED","4000","نعم","نعم","لا","لا","ربما",,"لا","بتمص دمنا ونشيل شغل مش شغلنا وبتشتغل خمس ست مهندسين في بعض .. عايزه تنين مجنح","Bachelor's","12","لا  الجمعة فقط","2026-07-16T00:00:00.000Z"
"56cdcdb7-5f1e-467d-9db9-0734bf6dc4ab","Mechanical","مصر","القاهرة","15","Consultant","Office","EGP","63000","لا","لا","لا","ربما","نعم",,"لا",,"PhD","9","نعم","2026-07-16T00:00:00.000Z"
"56b13cb2-d365-4237-81c1-5d5fcab74932","Mechanical","مصر","القاهرة","2","Sub-Contractor","Office","EGP","20000","نعم","لا","لا","ربما","لا","هي شركة حمامات سباحة فعشان كده مش مقتنع يعني","لا",,"Bachelor's","8","نعم","2026-07-16T00:00:00.000Z"
"5698fc39-16c3-4c04-a05e-22d68214f37d","Unit head","مصر","القاهرة","6","Vet","Site","EGP","19000","لا","نعم","نعم","لا","لا",,"نعم",,"Bachelor's","8","نعم","2026-07-16T00:00:00.000Z"
"56812e9b-99ac-45a4-8cfc-e5c252b92b82","Mechanical","السعودية","الرياض","4","لا اعمل حاليا","Site","SAR","9000","لا","نعم","لا","نعم","نعم",,"نعم",,"Diploma","8","لا  الجمعة فقط","2026-07-16T00:00:00.000Z"
"55f7f8ff-621a-45c0-b83f-588b57bccf74","Structural","مصر","القاهرة","11","Sub-Contractor","Site","EGP","45000","نعم","نعم","نعم","نعم","نعم",,"لا","بونص","Bachelor's","9.5","لا  الجمعة فقط","2026-07-16T00:00:00.000Z"
"55d23253-784a-49af-a980-4e41c2470e41","Mechanical","مصر","المنصورة","1","Sub-Contractor","Site","EGP","30000","لا","نعم","نعم","نعم","نعم",,"لا",,"Bachelor's","7","لا  الجمعة فقط","2026-07-16T00:00:00.000Z"
"55c46906-89b3-4fee-9005-ab80c1989d8b","Mechanical","مصر","سوهاج","1","Main Contractor","Site","EGP","10000","نعم","نعم","نعم","ربما","ربما",,"لا","سكن وانتقالات داخليه فقط","Bachelor's","9","لا  الجمعة فقط","2026-07-16T00:00:00.000Z"
"55c21c66-e1fc-4412-b65f-f06b0d9bd23e","Mechanical","مصر","القاهرة","4","Consultant","Office","EGP","18500","لا","لا","لا","لا","نعم",,"لا",,"Bachelor's","9","نعم","2026-07-16T00:00:00.000Z"
"5595d652-ca8b-44b8-b9d8-5330d150bccd","Electrical","السعودية","الرياض","2","Main Contractor","Site","SAR","5000","نعم","نعم","نعم","ربما","نعم",,"لا",,"Bachelor's","8","لا  الجمعة فقط","2026-07-16T00:00:00.000Z"
"559448c4-93f5-4c95-a4d2-57aba674905b","Mechanical","Ethiopia","Addis Ababa","12","Consultant","Hybrid","ETB","24686","لا","نعم","نعم","لا","ربما","Deal before signing the contract.","نعم",,"Master's","8","نعم","2026-07-16T00:00:00.000Z"
"558d6b75-6c55-4f07-bba1-4f9a1f55f0b5","Mechanical","مصر","القاهرة","5","Supervision Consultant","Site","EGP","24000","لا","نعم","لا","ربما","ربما",,"لا",,"Bachelor's","8","لا  الجمعة فقط","2026-07-16T00:00:00.000Z"
"558885b7-8a18-4979-ac79-eea1d65b01db","Mechanical","مصر","القاهرة","7","Consultant","Office","EGP","45000","لا","لا","نعم","نعم","نعم","بداية لا تقبل بأول راتب يتم عرضه عليك","نعم","تامين صحي واجتماعي وبونص شهرين في السنة","Bachelor's","9","نعم","2026-07-16T00:00:00.000Z"
"5581853b-687c-4281-b649-003e355c02bd","FLS Engineer","السعودية","المدينة المنورة","13","Consultant","Hybrid","SAR","12000","لا","نعم","نعم","ربما","نعم",,"لا",,"Bachelor's","9","نعم","2026-07-16T00:00:00.000Z"
"556d6f7e-72b3-41bd-b959-4210f99eafd3","Mechanical","مصر","القاهرة","2","Consultant","Office","EGP","24000","لا","لا","لا","نعم","نعم",,"لا",,"Bachelor's","9","نعم","2026-07-16T00:00:00.000Z"
"552f36c6-1bba-409b-9980-1fa6e68e8e99","Mechanical","مصر","مرسي علم","0","Supervision Consultant","Site","EGP","55000","نعم","لا","لا","لا","نعم","75000","لا",,"Bachelor's","9","نعم","2026-07-16T00:00:00.000Z"
"54f29f22-a910-4dbb-84ba-e8de88e37fb6","Mechanical","مصر","القاهرة","4","Sub-Contractor","Office","EGP","28000","لا","نعم","لا","نعم","نعم",,"لا",,"Bachelor's","8","نعم","2026-07-16T00:00:00.000Z"
"54c93e45-5ef9-4f52-b235-1703c704d119","Mechanical","مصر","القاهرة","2","Facility Management","Hybrid","EGP","9000","نعم","نعم","نعم","لا","لا",,"لا",,"Bachelor's","11","لا  الجمعة فقط","2026-07-16T00:00:00.000Z"
"54bb2a70-7967-48e8-af79-1c912fa116e5","Mechanical","السعودية","الرياض","0","Consultant","Hybrid","SAR","10000","لا","لا","لا","لا","لا","كل سنة خبرة تزيد مرتبك ١٠٠٠﷼","نعم","لا شيء","Bachelor's","8","نعم","2026-07-16T00:00:00.000Z"
"54548b2d-d0e7-4762-b341-0d8f801bf06a","Electrical","مصر","الساحل الشمالي","6","Main Contractor","Site","EGP","43000","نعم","نعم","لا","ربما","نعم","اعرف نطاق مرتب دفعتك قبل ما تروح الانتر فيو","نعم",,"Bachelor's","10","لا  الجمعة فقط","2026-07-16T00:00:00.000Z"
"544d1480-3c07-44c3-8d1b-9d9825ae6129","Mechanical","مصر","الاسكندرية","4","Sub-Contractor","Site","EGP","11000","لا","نعم","لا","لا","لا",,"نعم",,"Bachelor's","8","لا  الجمعة فقط","2026-07-16T00:00:00.000Z"
"543b12d1-4e77-4758-b887-5e175fedec7b","Electrical","مصر","القاهرة","3","Consultant","Hybrid","EGP","20000","لا","لا","لا","لا","نعم",,"لا","تعامل راقي","Bachelor's","8","نعم","2026-07-16T00:00:00.000Z"
"53f14e22-79c3-4376-9e24-4b2130b046d7","Architecture","مصر","الزقازيق","3","Supervision Consultant","Office","EGP","22000","لا","لا","نعم","لا","نعم","شوف سعر السوق،واتأكد من البونص واعرف هيتأمن عليك تبع اى شريحه.","لا",".","Bachelor's","8.3","نعم","2026-07-16T00:00:00.000Z"
"53e8a19d-4c38-4ed6-a153-30b6a4f01015","Structural","مصر","القاهرة","4","Consultant","Office","EGP","23000","نعم","نعم","لا","لا","نعم",,"لا","بونص ربع سنوى","Bachelor's","9","نعم","2026-07-16T00:00:00.000Z"
"53cdc6a0-e3a3-4219-9be5-2681a238b422","Mechanical","مصر","القاهرة","1","Sub-Contractor","Site","EGP","12000","نعم","نعم","لا","لا","نعم",,"نعم",,"Bachelor's","9","لا  الجمعة فقط","2026-07-16T00:00:00.000Z"
"53cba758-bcc1-4d24-9e2b-a45afc6a1469","Mechanical","Nigeria","Lagos","13","Main Contractor","Office","NAIRA","5892000","لا","لا","لا","لا","ربما","Salary is not the only thing an engineer needs to lookout for but also the organisation culture and Values.","نعم","HMO ( Health Maintenance Organization)","Bachelor's","8","نعم","2026-07-16T00:00:00.000Z"
"53b131a3-fcb9-4563-849a-4f57fdb061c5","Mechanical","مصر","القاهرة","1","Sub-Contractor","Office","EGP","15000","نعم","نعم","لا","ربما","نعم",,"لا",,"Bachelor's","8","نعم","2026-07-16T00:00:00.000Z"
"539e44a9-de02-4603-87cf-ff179f557604","Mechanical","مصر","القاهرة","12","Consultant","Office","EGP","60000","لا","نعم","نعم","ربما","نعم",,"لا",,"Bachelor's","8","نعم","2026-07-16T00:00:00.000Z"
"538bef07-39cb-490c-a334-d211244db203","Mechanical","مصر","المنصورة","1","Consultant","Office","EGP","9000","لا","لا","لا","لا","نعم","اوعي تقبل براتب اقل من دفعتك في السوق لانه هيأثر علي نفسيتك وهتحس انك مش متقدر وده هيأثر علي الانتاجية","لا",,"Bachelor's","9","نعم","2026-07-16T00:00:00.000Z"
"538809ff-7257-4314-8e1a-9bd898859ea4","Structural","السعودية","جده","8","Consultant","Site","SAR","7000","لا","لا","لا","لا","ربما",,"نعم",,"Diploma","8","لا  الجمعة فقط","2026-07-16T00:00:00.000Z"
"5385fee2-ea1c-4b4c-9598-0c5e7f4daaa2","Mechanical","مصر","القاهرة","1","Consultant","Office","EGP","21000","لا","لا","لا","ربما","نعم",,"لا",,"Bachelor's","10","نعم","2026-07-16T00:00:00.000Z"
"53810a39-e1e7-490e-8068-56ee0d40108a","Mechanical","السعودية","الرياض","4","Main Contractor","Site","SAR","8000","لا","نعم","لا","لا","ربما",,"لا",,"Bachelor's","8","لا  الجمعة فقط","2026-07-16T00:00:00.000Z"
"537f9718-6cf7-4312-bb04-937d0f234217","Structural","مصر","القاهرة","1","Consultant","Site","EGP","10000","نعم","نعم","لا","لا","لا","يموتو نفسهم عالرقم الي عاوزينوو","لا","لا يوجد","Bachelor's","8","لا  الجمعة فقط","2026-07-16T00:00:00.000Z"
"537f94a8-d659-4f9e-b17d-510ddea6a7fa","Infrastructure civil engineer","مصر","البلينا","5","Main Contractor","Site","EGP","7000","لا","لا","لا","لا","نعم","لا تبدأ أولًا بذكر رقمك إذا لم يُطلب منك ذلك.
اسأل أولًا عن نطاق الراتب (Salary Range) المخصص للوظيفة، لأنك قد تطلب رقمًا أقل مما كانت الشركة مستعدة لدفعه.
وعندما يُطلب منك تحديد توقعاتك، لا تعطِ رقمًا عشوائيًا، بل استند إلى:
خبرتك الفعلية.
حجم المسؤوليات المطلوبة.
متوسط الرواتب في السوق.
المهارات والشهادات التي تضيف قيمة.
وتذكر دائمًا: التفاوض الاحترافي ليس طمعًا، بل هو تقدير عادل لقيمة خبرتك","لا",,"Bachelor's","8","نعم","2026-07-16T00:00:00.000Z"
"5330046c-00d4-456c-96bc-0af8b54ba5b3","Mechanical","مصر","القاهرة","4","Developer","Site","EGP","20000","نعم","نعم","لا","لا","لا",,"لا",,"Bachelor's","8","لا  الجمعة فقط","2026-07-16T00:00:00.000Z"
"530e95ac-d4b6-4033-bca7-78ff8f1d744c","Mechanical","السعودية","الرياض","7","وكيل براند تكييف","Hybrid","SAR","7450","لا","نعم","نعم","ربما","نعم","اعرف رينج مرتبات السوق قبل ما تتفاوض وباي شكل من الاشكال متتنازلش عنه","لا",,"Bachelor's","8","لا  الجمعة فقط","2026-07-16T00:00:00.000Z"
"53058ca2-c935-45cd-b547-ee32ac7689fb","Mechanical","مصر","القاهرة","1","Consultant","Office","EGP","15000","لا","لا","نعم","ربما","ربما",,"نعم","اجازة سبت + بونص نص سنوي + زيادة سنوية + معامله كويسه","Bachelor's","8","نعم","2026-07-16T00:00:00.000Z"
"52e35f22-d730-475f-8e31-70e190d5884f","Mechanical","مصر","الاسكندرية","2","Sub-Contractor","Office","EGP","20000","لا","لا","لا","لا","نعم",,"نعم","تامين طبي واجتماعي","Bachelor's","9","نعم","2026-07-16T00:00:00.000Z"
"52dc1209-2393-47e1-bf20-f9af16434249","HSE","مصر","المنيا","2","Manufacturer","Site","EGP","8200","لا","نعم","لا","لا","نعم","قدر نفسك و اظهر قوتك و كفائتك العلمية","نعم","لا يوجد","Bachelor's","8","لا  الجمعة فقط","2026-07-16T00:00:00.000Z"
"52cceee8-2415-4fa3-950c-65c1569ac154","Mechanical","الامارات","دبي","5","Supervision Consultant","Site","ARD","8000","لا","نعم","لا","ربما","نعم","لا تتهاون في حقوقك","لا","تأمين طبي","Bachelor's","8","لا  الجمعة فقط","2026-07-16T00:00:00.000Z"
"529bef12-6d25-41c3-ab35-fde40882e6e3","Mechanical","مصر","القاهرة","8","Sub-Contractor","Site","EGP","36000","لا","لا","نعم","لا","نعم",,"لا",,"Bachelor's","8","لا  الجمعة فقط","2026-07-16T00:00:00.000Z"
"51f96070-e81d-4594-a01c-0ba4a4de5d65","Mechanical","مصر","القاهرة","1","Consultant","Site","EGP","18300","لا","نعم","لا","ربما","نعم","لو خبرتك قليلة زيي متكسفش انك تطلب 25 و30 وبعد كدا تبدأ التفاوض عالأرقام المتاحة. دا كان اول شغل ليا واتفاوضت عالراتب عادي. والحمد لله راضي بالرقم اللي باخده.","لا","تأمين طبي واجتماعي","Bachelor's","8","نعم","2026-07-16T00:00:00.000Z"
"51f515c5-e10b-4bda-8022-0d87c3ce7bfa","Architecture","مصر","اسيوط","3","Consultant","Office","EGP","15000","لا","لا","نعم","ربما","نعم",,"نعم",,"Bachelor's","8","نعم","2026-07-16T00:00:00.000Z"
"517e101d-15a3-4345-9716-ee46b56293d8","Mechanical","السعودية","الرياض","5","Sub-Contractor","Site","SAR","7500","لا","نعم","لا","لا","نعم",,"لا",,"Bachelor's","8","لا  الجمعة فقط","2026-07-16T00:00:00.000Z"
"5175268a-d32e-4ac5-bc5d-8c878d33587a","Structural","مصر","القاهرة","12","Main Contractor","Site","EGP","28000","نعم","نعم","لا","لا","لا",,"نعم",,"Bachelor's","10","لا  الجمعة فقط","2026-07-16T00:00:00.000Z"
"51675d77-5c94-4224-bc6a-e9cd0b7018ca","Mechanical","السعودية","الرياض","14","PMC","Office","SAR","25000","لا","لا","لا","نعم","نعم",,"نعم",,"Bachelor's","8","لا  الجمعة فقط","2026-07-16T00:00:00.000Z"
"5148d4a1-d1fd-46c5-92ff-79c6ea03fd19","Mechanical","مصر","القاهرة","10","Main Contractor","Site","EGP","42000","نعم","نعم","نعم","لا","ربما",,"لا",,"Bachelor's","9","لا  الجمعة فقط","2026-07-16T00:00:00.000Z"
"51358c01-cd8d-41e7-a21c-d28ae0b685f6","Communication","مصر","القاهرة","3","Main Contractor","Site","EGP","15000","نعم","نعم","لا","ربما","لا",,"نعم",,"Bachelor's","10","لا  الجمعة فقط","2026-07-16T00:00:00.000Z"
"51060e81-ae17-45cf-9c8b-4f852dc28e50","Mechanical","مصر","العاشر من رمضان","8","Sub-Contractor","Site","EGP","40000","نعم","نعم","لا","نعم","نعم",,"لا",,"Bachelor's","9","نعم","2026-07-16T00:00:00.000Z"
"50a5ee21-acb9-4375-b505-5e10ea9af72e","Mechanical","مصر","القاهرة","6","Consultant","Office","USD","800","لا","لا","لا","ربما","ربما","قدر نفسك واطلب المرتب اللى يرضيك وربنا هيكرمك بالمكان اللى يقدر مجهودك باذن الله","لا","Social/medical insurance","Bachelor's","9","نعم","2026-07-16T00:00:00.000Z"
"508dab75-286e-4207-9056-81fefc0f0370","Mechanical","مصر","السادات","1","Manufacturer","Office","EGP","10500","لا","نعم","لا","لا","لا",,"لا","ارباح ربع سنوية ضئيلة جدا + عيديات","Bachelor's","8","لا  الجمعة فقط","2026-07-16T00:00:00.000Z"
"50814cc4-29e8-43fa-9df4-fb247542bca4","Mechanical","مصر","القاهرة","1","Manufacturer","Site","EGP","18000","نعم","نعم","لا","لا","نعم",,"لا",,"Bachelor's","12","نعم","2026-07-16T00:00:00.000Z"
"507087b2-d98c-4f75-81eb-dcd879a6ad50","Mechanical","مصر","القاهرة","4","Industrial","Office","EGP","24500","لا","نعم","لا","ربما","نعم",,"لا",,"Bachelor's","9","نعم","2026-07-16T00:00:00.000Z"
"506122db-7445-40c8-a91d-679861b52070","Mechanical","مصر","القاهرة","1","Developer","Site","EGP","13800","لا","نعم","نعم","لا","ربما",,"لا","بونص نصف سنوي","Bachelor's","8","لا  الجمعة فقط","2026-07-16T00:00:00.000Z"
"505fb5aa-eabf-42bc-8f09-9608beb66e01","Mechanical","السعودية","الرياض","15","Consultant","Office","SAR","18000","لا","لا","لا","لا","نعم",,"نعم",,"Bachelor's","9","نعم","2026-07-16T00:00:00.000Z"
"50472e52-ba62-45bc-9407-0bc812a95057","Mechanical","مصر","القاهرة","1","Main Contractor","Office","EGP","17500","لا","لا","لا","ربما","ربما",,"لا",,"Bachelor's","9","نعم","2026-07-16T00:00:00.000Z"
"50192b0c-df1d-414f-b334-d51f902e40f3","Mechanical","مصر","القاهرة","4","Main Contractor","Site","EGP","18000","لا","نعم","نعم","نعم","لا",,"لا",,"Bachelor's","8","لا  الجمعة فقط","2026-07-16T00:00:00.000Z"
"4ff7a707-1287-4a9a-8719-c31d97182494","Mechanical","مصر","بنى سويف","1","Cement industry","Site","EGP","12000","لا","نعم","نعم","ربما","نعم",,"لا","تأمين اجتماعى وصحى وراحه يومين بالاسبوع","Bachelor's","9","نعم","2026-07-16T00:00:00.000Z"
"4fe50691-5fb7-4389-ab22-de030af2eeb6","Mechanical","مصر","القاهرة","2","Consultant","Office","EGP","23000","لا","لا","لا","ربما","لا",,"لا",,"Bachelor's","9","نعم","2026-07-16T00:00:00.000Z"
"4fbfaf79-5272-479e-a98e-6e6453da1dd4","Dev","مصر","القاهرة","10","Developer","Hybrid","USD","1620","لا","نعم","نعم","ربما","ربما","خير الامور الوسط","نعم",,"Bachelor's","8","نعم","2026-07-16T00:00:00.000Z"
"4fa350e4-802f-41f2-b0ca-06bf037f4ed4","Mechanical","مصر","القاهرة","2","Oil & Gas","Office","EGP","17000","لا","لا","لا","ربما","نعم","قدر نفسك صح ومتتنزلش عن جنية","لا",,"Bachelor's","8","نعم","2026-07-16T00:00:00.000Z"
"4f9db4bf-f01e-4845-865c-b992e23d683c","HSE","مصر","القاهرة","2","Main Contractor","Office","EGP","14000","لا","لا","نعم","لا","نعم",,"نعم",,"Bachelor's","9","لا  الجمعة فقط","2026-07-16T00:00:00.000Z"
"4f895c60-68be-4a49-8a1f-f47aab80054d","Mechanical","السعودية","جازان","4","Main Contractor","Hybrid","SAR","3500","نعم","نعم","لا","لا","نعم","متقبلش باول رقم يتقالك في الراتب بالاضافه كمان لازم تكون عارف الوصف الوظيفي بتاعك عشان تبقي عارف مطلوب منك اي بالظبط وعلي اساسه تعرف تفاوض كمان","لا","وجبة غداء + بدل اتصال ١٠٠ ريال","Bachelor's","9","لا  الجمعة فقط","2026-07-16T00:00:00.000Z"
"4f7f14b6-2467-483f-b0f5-3e32d1da68ad","Mechanical","مصر","القاهرة","3","Sub-Contractor","Office","EGP","2600","نعم","لا","نعم","نعم","نعم",,"لا",,"Bachelor's","8","نعم","2026-07-16T00:00:00.000Z"
"4f49f926-2911-4150-8618-5cd3dae25103","Mechanical","مصر","القاهرة","2","Main Contractor","Site","EGP","18000","لا","نعم","نعم","لا","نعم",,"لا",,"Bachelor's","8","نعم","2026-07-16T00:00:00.000Z"
"4f2dcc09-3d4b-4f4e-908e-d2ab03cbf563","Mechanical","مصر","القاهرة","1","Consultant","Office","EGP","15000","لا","لا","لا","ربما","نعم",,"لا",,"Bachelor's","9","نعم","2026-07-16T00:00:00.000Z"
"4f012123-1192-462f-8508-da1531e7002f","Mechanical","مصر","القاهرة","3","Main Contractor","Site","EGP","22000","نعم","نعم","نعم","نعم","نعم","اعرف قيمه نفسك وتفاوض علي الرقم الي يرضيك","نعم","مكافئات سنويه .. مواسم ف كل عيد ومناسبه دينيه","Bachelor's","8","لا  الجمعة فقط","2026-07-16T00:00:00.000Z"
"4ea0c8f2-3ab3-43f4-b11c-0e00e020af1b","Mechanical","مصر","القاهرة","2","Consultant","Office","EGP","12000","لا","نعم","لا","ربما","نعم",,"نعم",,"Bachelor's","9","نعم","2026-07-16T00:00:00.000Z"
"4e738f3e-67de-4e2b-80b1-4f99f3bb85b0","Electrical","مصر","الاسكندريه","3","enegy and oil and gas","Site","EGP","15000","لا","نعم","نعم","نعم","نعم","اه","لا","ارباح","Bachelor's","8","نعم","2026-07-16T00:00:00.000Z"
"4e5defa7-a459-4b55-9a94-a8e15ae19aac","Electrical","مصر","القاهرة","3","Main Contractor","Site","EGP","20000","نعم","نعم","نعم","ربما","ربما",,"لا",,"Bachelor's","11","لا  الجمعة فقط","2026-07-16T00:00:00.000Z"
"4e471484-49a7-4473-81d8-c377dd9dd858","Mechanical","مصر","القاهرة","3","Main Contractor","Site","EGP","35000","نعم","نعم","نعم","نعم","نعم",,"لا",,"Bachelor's","9","لا  الجمعة فقط","2026-07-16T00:00:00.000Z"
"4e445929-4fa0-4519-b083-b7eaba7ecdc7","Structural","مصر","القاهرة","7","Sub-Contractor","Site","EGP","25000","نعم","لا","نعم","لا","ربما",,"نعم",,"Bachelor's","9","لا  الجمعة فقط","2026-07-16T00:00:00.000Z"
"4dba7c99-a007-4e8e-bd7b-e51d129f731e","Electrical","مصر","القاهرة","1","Sub-Contractor","Site","EGP","8000","نعم","نعم","لا","لا","نعم","..","لا","ولا حاجه","Bachelor's","8","نعم","2026-07-16T00:00:00.000Z"
"4d89e0fc-6b2f-4aec-a9ca-0c4d59bfe309","Mechanical","مصر","القاهرة","2","Consultant","Site","EGP","11000","نعم","نعم","لا","لا","لا",,"لا","لا يوجد","Bachelor's","8","لا  الجمعة فقط","2026-07-16T00:00:00.000Z"
"4d5e5c50-c62d-4687-a340-158e03c8bb96","Electrical","مصر","القاهرة","1","Industrial","Site","EGP","17000","لا","نعم","نعم","لا","ربما","تمسك بالرقم ال  حضرتك مقرره ولو محتاجينك هيكلموك صدقني لان احنا بنقنع نفسنا أننا ده كويس وانا الوضع ال انا فيه مش كويس وعاوز امشي وخلاص بتلاقي نفسك بعد فتره مش راضي عن مرتبك وقرف الشغل في كل مكان مفيش مكان جنه ايام حلوه وايام وحشه فقدر تعبك بفلوس انا اعرف ناس والله فنيين بيسألوني في حاجات ويستغرب ازاي مبيعرفوهاش وتلاقيه بيطلب مرتب عالي وشغال بره لحساب نفسه بأرقام فلكيه واحنا ال بنعلمهم الجديد قدر نفسك اوعي تقبل بأقل من قيمتك واجتهد في مكانك واعرف كل صغيره وكبيره عشان تطلب وانت واقف علي أرض صلبه","لا","تقدم ارباح سنوية و حوافز ماليه ربع سنويه","Bachelor's","8","لا  الجمعة فقط","2026-07-16T00:00:00.000Z"
"4d31858d-62ca-40e1-82a4-f406e22fa975","Mechanical","مصر","المنصوره","8","Supervision Consultant","Site","EGP","28000","لا","لا","لا","لا","نعم","يشوف اللى يكفى احتياجات بيته وبعض الادخار","لا","العمل جوار المنزل فقط","Bachelor's","8","لا  الجمعة فقط","2026-07-16T00:00:00.000Z"
"4d2eb90f-7f18-42a6-a7fa-fcd967eaca60","Mechanical","السعودية","جده","7","Sub-Contractor","Site","SAR","6000","نعم","نعم","نعم","لا","نعم",,"لا",,"Bachelor's","8","لا  الجمعة فقط","2026-07-16T00:00:00.000Z"
"4cfeadc3-4dff-4975-a5c8-86e117f36bb7","Mechanical","مصر","القاهرة","1","Main Contractor","Office","EGP","15000","لا","نعم","نعم","ربما","نعم",,"لا",,"Bachelor's","8","لا  الجمعة فقط","2026-07-16T00:00:00.000Z"
"4cf1779d-640c-4d85-81dd-7fc5b3d707b1","Frontend web development","مصر","المنصوره","4","Technology","From Home","USD","1000","لا","لا","لا","لا","نعم",,"لا",,"Bachelor's","8","نعم","2026-07-16T00:00:00.000Z"
"4cd84bbf-6518-4854-a366-66e3b9db7491","Electrical","مصر","القاهرة","5","Sub-Contractor","Site","EGP","23000","نعم","نعم","لا","لا","لا",,"نعم","لا يوجد","Bachelor's","8","لا  الجمعة فقط","2026-07-16T00:00:00.000Z"
"4c9925ca-2196-45a5-83bb-6e0c827c86c2","Mechanical","مصر","القاهرة","1","Main Contractor","Site","EGP","13000","نعم","نعم","لا","ربما","لا",,"لا",,"Bachelor's","8","نعم","2026-07-16T00:00:00.000Z"
"4c33cdf5-1e53-4344-9dda-c74215e32355","Mechanical","السعودية","القصيم","3","Main Contractor","Site","SAR","4000","نعم","نعم","لا","لا","نعم","ماتقللش من نفسك مهما حصل","لا",,"Bachelor's","8","لا  الجمعة فقط","2026-07-16T00:00:00.000Z"
"4c336453-b3bc-4627-84de-8aed2aa4700a","Mechanical","مصر","القاهرة","4","Facility Management","Site","EGP","23000","نعم","نعم","لا","لا","نعم","عزز نفسك","نعم",,"Bachelor's","11","نعم","2026-07-16T00:00:00.000Z"
"4c2c2ebe-e011-412c-999a-31308bf1f858","HSE","مصر","القاهرة","2","Main Contractor","Site","EGP","11500","نعم","نعم","لا","لا","نعم",,"لا",,"Bachelor's",,"نعم","2026-07-16T00:00:00.000Z"
"4bf54edb-2213-4923-8c7f-5bba0fd1db4c","Mechanical","السعودية","الرياض","6","Main Contractor","Site","SAR","6000","نعم","نعم","لا","لا","نعم",,"لا",,"Bachelor's","10","لا  الجمعة فقط","2026-07-16T00:00:00.000Z"
"4bde71b5-f6f4-40ca-b413-c86016da07f6","Mechanical","السعودية","مكة","3","Sub-Contractor","Hybrid","SAR","4500","نعم","نعم","نعم","لا","نعم",,"لا",,"Bachelor's","8","لا  الجمعة فقط","2026-07-16T00:00:00.000Z"
"4bbe1c81-b9d6-48d5-8066-ffd00202de3b","Mechanical","مصر","القاهرة","2","Consultant","Hybrid","EGP","12000","نعم","نعم","لا","لا","لا","20000","لا",,"Bachelor's","9","لا  الجمعة فقط","2026-07-16T00:00:00.000Z"
"4b933137-f52e-410b-8660-192114cf6c5f","Mechanical","مصر","القاهرة","1","Consultant","Office","EGP","15000","لا","لا","نعم","نعم","نعم",,"لا",,"Bachelor's","8","نعم","2026-07-16T00:00:00.000Z"
"4b63609d-1d83-40fa-9a18-9f27b374b853","Mechanical","مصر","الاسكندرية","6","Sub-Contractor","Office","EGP","35000","نعم","لا","لا","ربما","نعم",,"لا",,"Bachelor's","9","لا  الجمعة فقط","2026-07-16T00:00:00.000Z"
"4b4ab4d1-37fc-4ba0-af2c-0ebb473afa17","Mechanical","السعودية","الرياض","13","Sub-Contractor","Site","SAR","20000","لا","لا","لا","ربما","نعم","عدم التقليل من شأن النفس","لا","لا يوجد","Bachelor's","8","لا  الجمعة فقط","2026-07-16T00:00:00.000Z"
"4b375c85-57c9-4b71-b7f1-130fc24961dc","Mechanical","مصر","القاهرة","3","Main Contractor","Office","EGP","25000","لا","لا","نعم","نعم","نعم",,"نعم",,"Bachelor's","8","نعم","2026-07-16T00:00:00.000Z"
"4b0eae10-197a-4c64-aa00-fea8379ee20e","Mechanical","السعودية","الرياض","5","Sub-Contractor","Site","SAR","6000","لا","لا","نعم","لا","لا","يفاوض من منطلق القوة الله هو الرزاق","نعم","لا يوجد","Bachelor's","8","لا  الجمعة فقط","2026-07-16T00:00:00.000Z"
"4b0d60e6-1d13-406e-a40a-6d073c6cf0e5","Mechanical","مصر","القاهرة","1","Industrial","Hybrid","EGP","12200","لا","نعم","لا","نعم","ربما","لازم متتحركش على اي انترفيو من غير ما تعرف ال salary range ، وبعد كدة تتفاوض على حسب تقديرك لنفسك","لا","تلت منح على مدار السنة وفي اوقات متفرقة","Bachelor's","8","لا  الجمعة فقط","2026-07-16T00:00:00.000Z"
"4af194b7-8b29-4920-a7c0-face508f561a","Mechanical","مصر","القاهرة","5","Sub-Contractor","Office","EGP","30000","لا","لا","لا","نعم","نعم","متهتمش بقايمة الرواتب ابحث عن الاحسن فقط","لا","تامين طبي و اجتماعي","Bachelor's","8","نعم","2026-07-16T00:00:00.000Z"
"4ac67368-eff2-4320-af82-d5c0a84b0e74","Electrical","مصر","السادات","1","Industrial","Office","EGP","12000","لا","نعم","نعم","لا","لا","متقبلش براتب ضعيف عشان مترخصش نفسك  و تظلم نفسك و المهندسين اللي بعدك","نعم","ارباح سنوية تعادل شهرين مرتب، 5 نصف شهر في المناسبات مثل رمضان و لاعياد و دخول المدارس","Bachelor's","8","لا  الجمعة فقط","2026-07-16T00:00:00.000Z"
"4ac10238-6643-4b1a-a12c-cfae1084d7b6","Mechanical","مصر","القاهرة","1","Consultant","Office","EGP","18000","لا","لا","نعم","ربما","ربما",,"لا",,"Bachelor's","8","نعم","2026-07-16T00:00:00.000Z"
"4aa06118-d238-4e08-b5e9-7379d4e003cc","Mechanical","مصر","القاهرة","2","Main Contractor","Site","EGP","19000","نعم","نعم","نعم","لا","نعم",,"لا",,"Bachelor's","8","نعم","2026-07-16T00:00:00.000Z"
"4a7b56cd-72c5-41be-8090-16da4838a874","Structural","مصر","القاهرة","3","Developer","Site","EGP","16000","نعم","نعم","لا","لا","لا",,"لا",,"Bachelor's","8","لا  الجمعة فقط","2026-07-16T00:00:00.000Z"
"4a56c897-e8ce-4eb2-944f-42b3c5df61b2","Mechanical","مصر","القاهرة","2","Consultant","Office","USD","450","لا","لا","نعم","نعم","نعم",,"لا",,"Bachelor's","8","نعم","2026-07-16T00:00:00.000Z"
"4a015a68-a657-48f1-9ec1-8ab9af349c74","Mechanical","مصر","المنوفية","1","Sub-Contractor","Site","EGP","18000","نعم","لا","نعم","ربما","نعم",".","نعم","لا يوجد تأمين صحي 🙂","Bachelor's","8","لا  الجمعة فقط","2026-07-16T00:00:00.000Z"
"49effb08-884f-4ee5-a9f2-1fcf5e802fb0","Mechanical","مصر","القاهرة","1","Consultant","Office","EGP","16000","لا","لا","لا","لا","نعم",,"لا",,"Bachelor's","8","نعم","2026-07-16T00:00:00.000Z"
"49ec115d-e2da-4d5e-b970-7396ae980c89","Mechanical","السعودية","الرياض","6","Industrial","Hybrid","SAR","4500","نعم","نعم","لا","لا","لا",,"لا",,"Bachelor's","9","لا  الجمعة فقط","2026-07-16T00:00:00.000Z"
"49acf823-7aa3-4b8f-a53f-5a31240e4d28","Electrical","مصر","اسماعيلية","7","Government","Site","EGP","7500","لا","لا","لا","لا","لا",,"لا",,"Bachelor's","8","نعم","2026-07-16T00:00:00.000Z"
"49a2a0b3-18e2-463b-9e02-04165bedcfac","Mechatronics","مصر","القاهرة","2","Manufacturer","Office","EGP","11000","نعم","لا","لا","لا","لا",,"لا",,"Bachelor's","8","نعم","2026-07-16T00:00:00.000Z"
"499328b5-c2be-46e2-ae34-5a9eb9ffae15","Mechanical","مصر","القاهرة","1","Sub-Contractor","Site","EGP","15000","لا","لا","لا","ربما","نعم",,"لا",,"Bachelor's","9","لا  الجمعة فقط","2026-07-16T00:00:00.000Z"
"496ecad1-b9f9-4f59-8dbf-f7ee8623769c","Mechanical","مصر","القاهرة","1","Consultant","Office","EGP","18000","لا","لا","لا","لا","ربما","يحط راتب اعلى من اللي يستحقه","لا",,"Bachelor's","9","نعم","2026-07-16T00:00:00.000Z"
"4969797b-876e-4513-8e11-fe702cdfdf02","Mechanical","مصر","القاهرة","1","Main Contractor","Site","EGP","14000","نعم","نعم","لا","نعم","نعم",,"لا",,"Bachelor's","8","لا  الجمعة فقط","2026-07-16T00:00:00.000Z"
"48f14373-0dc7-42c9-b7f5-70c6de052da9","Operation","مصر","اسماعيليه","8","Manufacturer","Office","EGP","16000","نعم","نعم","لا","لا","نعم",,"لا",,"Bachelor's","8","لا  الجمعة فقط","2026-07-16T00:00:00.000Z"
"48d9301c-7a13-4c3b-aeb9-b9d5d2c4baa5","بنيه تحتيه","مصر","الساحل","4","Sub-Contractor","Site","EGP","20000","نعم","نعم","نعم","لا","لا",,"لا","السكن والطعام","Bachelor's","10","نعم","2026-07-16T00:00:00.000Z"
"48ca8c43-564d-470b-82ff-60021ffb1091","Architecture","مصر","القاهرة","2","Manufacturer","Site","EGP","17000","لا","لا","نعم","ربما","نعم",,"نعم",,"Bachelor's","8","نعم","2026-07-16T00:00:00.000Z"
"48c565ef-ff92-44ca-b265-b470b29e6ad8","Mechanical","السعودية","جدة","12","Consultant","Office","SAR","8000","لا","لا","لا","لا","نعم",,"لا",,"Bachelor's","9","نعم","2026-07-16T00:00:00.000Z"
"48be4ff8-c6ae-4685-b9d9-80f7292c5d1c","Mechanical","مصر","القاهرة","16","Consultant","Office","EGP","90000","لا","لا","لا","ربما","ربما","يفضل دراسة السوق والشركة قبل التفاوض ومعرفة المسمى الوظيفي جيدا وماهي مهام عملك تحديدا ، عدد ساعات العمل نظام الأجازات ، هل رواتب تنزل في معادها هل هناك أي مميزات غير راتب تامين طبي عائلي نظام عمل مريح من منزل flexible hour , إسم الشركة في CV , bonus","نعم","تأمين طبي فردي","Bachelor's","9","نعم","2026-07-16T00:00:00.000Z"
"48986d33-0eb4-4025-a32b-f8a986a7bcd3","Mechanical","مصر","القاهرة","3","Consultant","Office","USD","570","لا","لا","نعم","ربما","نعم",,"لا",,"Bachelor's","8","نعم","2026-07-16T00:00:00.000Z"
"487357c8-e288-40a2-ac84-7acbd7defcdf","Mechanical","مصر","القاهرة","2","Oil & Gas","Hybrid","EGP","15000","نعم","نعم","نعم","لا","لا","...","نعم","...","Bachelor's","8","نعم","2026-07-16T00:00:00.000Z"
"486fbc95-fd4b-461b-8310-4059cc310269","Electrical","مصر","القاهرة","3","Main Contractor","Site","EGP","20000","نعم","نعم","لا","لا","لا",,"لا",,"Bachelor's","8","لا  الجمعة فقط","2026-07-16T00:00:00.000Z"
"47f14beb-5bf1-42d4-bbed-f069eb207ecc","BIM","مصر","القاهرة","3","Sub-Contractor","Office","EGP","42000","لا","لا","لا","نعم","نعم",,"لا",,"Bachelor's","9","نعم","2026-07-16T00:00:00.000Z"
"47cd53cd-3e04-4a69-a57f-628e947527f6","Pluming","مصر","القاهرة","1","constructure and design","Hybrid","EGP","14000","نعم","نعم","نعم","ربما","نعم",,"لا","حافز ربع سنوي","Bachelor's","9","لا  الجمعة فقط","2026-07-16T00:00:00.000Z"
"47b63bd5-5098-45a4-8bec-092624023d90","Mechanical","مصر","القاهرة","7","Consultant","Office","EGP","44000","لا","لا","نعم","لا","نعم",,"لا",,"Bachelor's","9","نعم","2026-07-16T00:00:00.000Z"
"47a3e33d-689b-41c9-95a4-0a4141f6a467","Mechanical","السعودية","الرياض","7","Sub-Contractor","Hybrid","SAR","10000","لا","نعم","نعم","ربما","نعم","يتعلم مهارات التفاوض الاول و يتأكد من حجم اعمال الشركة و طبيعة العمل","نعم","الطبيعى","Bachelor's","9","لا  الجمعة فقط","2026-07-16T00:00:00.000Z"
"479d94fa-aff5-49cc-87c4-721a08d09d0a","Structural","السعودية","الخفجي","5","Sub-Contractor","Site","SAR","6000","نعم","نعم","لا","لا","لا",,"لا",,"Bachelor's","10","لا  الجمعة فقط","2026-07-16T00:00:00.000Z"
"47906292-add3-4178-8cf3-1672044bf20c","Mechanical","مصر","اسكندرية","9","Sub-Contractor","Hybrid","EGP","15000","لا","لا","لا","لا","ربما",,"لا","لا يوجد","Bachelor's","8","نعم","2026-07-16T00:00:00.000Z"
"477f39e7-dfd7-45ba-8d2a-a85434ed7bf9","Mechanical","مصر","القاهرة","3","Developer","Office","EGP","25000","لا","نعم","لا","نعم","نعم","التمسك بالرقم اللي يحسسك بالرضى اثناء العمل","لا",,"Bachelor's","8","نعم","2026-07-16T00:00:00.000Z"
"476f3b65-e71b-4eb3-953b-1358b41a79cd","Mechanical","مصر","القاهرة","2","Sub-Contractor","Office","EGP","12000","لا","لا","لا","لا","نعم","لازم يكون واثق م نفسه وعارف المرتب المعروض عليه هو مقابل  ابسط م ابسط شغل انت هتأديه عشان هما عايزين كده بس بعد ما تاخد الخبره امشي وشوف مكان احسن قبل ما تمشي و اطلب بقلب جامد هما اللي عايزينك مش انت وقبل كل ده اتقي الله ف شغلك بما انك رضيت بالاوفر","لا","مفيش ومش متأمن علينا","Bachelor's","8","لا  الجمعة فقط","2026-07-16T00:00:00.000Z"
"47466e10-a416-43d1-9afb-713b4ab78c04","Structural","السعودية","الرياض","8","Main Contractor","Site","SAR","8000","لا","لا","لا","لا","لا","المشكله مش في التفاوض المشكله عميقه ومحتاجه حلول جذريه 
اعداد المهندسين فاقت التوقعات وكل من هب ودب بقي مهندس 
الحياه صعبه وفي ناس غصب عنها مضطره تشتغل عشان توفي احتياجات بيتها","لا",,"Bachelor's","10","لا  الجمعة فقط","2026-07-16T00:00:00.000Z"
"473c15df-5b36-4759-95bc-c750d4e0451d","Mechanical","مصر","اسكندرية","6","Consultant","Office","EGP","12000","لا","لا","لا","لا","لا",,"نعم",,"Bachelor's","10","نعم","2026-07-16T00:00:00.000Z"
"4737a241-f29f-47f1-858b-ecb3f5c0bf52","Mechanical","مصر","القاهرة","7","Main Contractor","Office","EGP","48000","لا","نعم","نعم","ربما","نعم",,"لا",,"Bachelor's","8","نعم","2026-07-16T00:00:00.000Z"
"470c5fd2-00fb-4065-a8f6-85f079066d43","Mechanical","مصر","القاهرة","4","Manufacturer","Hybrid","EGP","30000","لا","نعم","نعم","نعم","نعم","معرفة متوسط مرتبات الشركة المنتقل إليها قبل التفاوض","لا",,"Bachelor's","6","نعم","2026-07-16T00:00:00.000Z"
"47068b5f-4272-4dd3-873e-6becc9985ff2","Mechanical","مصر","القاهرة","11","Main Contractor","Office","EGP","53000","لا","لا","نعم","نعم","نعم",,"نعم",,"Bachelor's","8","نعم","2026-07-16T00:00:00.000Z"
"46e2655d-dd12-4291-86b5-eb700c7bcf9d","Mechanical","مصر","القاهرة","1","Consultant","Office","EGP","15000","لا","لا","لا","لا","نعم",,"لا",,"Bachelor's","9","نعم","2026-07-16T00:00:00.000Z"
"46c8f3cb-c245-4aab-adc2-0b8795808300","Water treatment","مصر","القاهرة","5","Industrial","Hybrid","EGP","12000","لا","نعم","نعم","ربما","نعم",,"لا",,"Bachelor's","9","لا  الجمعة فقط","2026-07-16T00:00:00.000Z"
"46b9fde7-bb28-419b-bf6a-f86dab9d38a7","Autocad Drawer","مصر","القاهرة","0","Sub-Contractor","Office","EGP","17000","لا","نعم","لا","لا","نعم",,"لا",,"Diploma","8","نعم","2026-07-16T00:00:00.000Z"
"4696509e-f5ac-44a5-82d7-422742acec7b","Mechanical","مصر","القاهرة","2","Manufacturer","Site","EGP","18000","نعم","نعم","نعم","نعم","لا",,"لا",,"Bachelor's","8","نعم","2026-07-16T00:00:00.000Z"
"467d0dc8-8172-4181-ba0a-22ab9f7ff4c3","Mechanical","السعودية","الرياض","10","Main Contractor","Site","SAR","11000","لا","لا","لا","لا","نعم",,"نعم",,"Bachelor's","8","لا  الجمعة فقط","2026-07-16T00:00:00.000Z"
"4646bfd0-bf92-433b-803e-4efd014fef29","Mechanical","مصر","القاهرة","1","Main Contractor","Office","EGP","20000","نعم","نعم","نعم","نعم","نعم",,"لا",,"Bachelor's","8","نعم","2026-07-16T00:00:00.000Z"
"463a49d8-bacf-4ddc-b76f-e37d679f9750","Electrical","مصر","القاهرة","3","Main Contractor","Office","EGP","35000","نعم","نعم","لا","نعم","نعم",,"نعم",,"Bachelor's","9","لا  الجمعة فقط","2026-07-16T00:00:00.000Z"
"463591c9-58ab-4b1f-b5cd-8fdc6d775b56","Mechanical","مصر","القاهرة","7","Sub-Contractor","Site","EGP","25000","لا","نعم","لا","ربما","ربما",,"لا",,"Bachelor's","8","نعم","2026-07-16T00:00:00.000Z"
"46306ec0-21b1-4ab5-bdf1-eeb39a334d0f","Structural","قطر","الدوحه","15","Main Contractor","Hybrid","QR","15000","لا","لا","لا","لا","لا",,"نعم",,"Bachelor's","10","لا  الجمعة فقط","2026-07-16T00:00:00.000Z"
"4601b5ee-892b-4664-9eb4-c3862d2f65b9","Mechanical","السعودية","الرياض","9","Consultant","Office","SAR","10000","لا","لا","لا","ربما","نعم",,"نعم",,"Bachelor's","9","نعم","2026-07-16T00:00:00.000Z"
"45e70f9c-a4a1-4918-ab12-bd8e3f89e9be","Mechanical","السعودية","الدمام","6","Main Contractor","Site","SAR","12000","لا","لا","نعم","نعم","نعم",,"لا",,"Bachelor's","10","نعم","2026-07-16T00:00:00.000Z"
"45ddc1e7-c2a3-4496-be0f-c832904f1f53","Mechanical","مصر","القاهرة","8","Main Contractor","Office","EGP","26000","لا","نعم","لا","ربما","نعم",,"نعم","Small business","Bachelor's","8","نعم","2026-07-16T00:00:00.000Z"
"45a409b9-6bb7-49f4-8e5a-52a4b7589b46","Mechanical","السعودية","الرياض","2","Sub-Contractor","Site","SAR","5000","لا","لا","لا","لا","نعم",,"لا",,"Bachelor's","8","لا  الجمعة فقط","2026-07-16T00:00:00.000Z"
"458b5bf5-2f04-444b-b0eb-6728a902a8dc","Mechanical","مصر","القاهرة","7","Manufacturer","Office","EGP","22000","نعم","نعم","لا","لا","ربما",,"لا",,"Bachelor's","11","نعم","2026-07-16T00:00:00.000Z"
"4571bd01-0355-42c0-9c9f-4274dd5a411f","Structural","السعودية","الرياض","3","Sub-Contractor","Site","SAR","5000","نعم","نعم","لا","ربما","ربما","ما يبخس نفسه","لا",,"Bachelor's","9","لا  الجمعة فقط","2026-07-16T00:00:00.000Z"
"45655017-2497-4119-a032-e7bb4e4eba78","Structural","مصر","القاهرة","12","Oil & Gas","Office","EGP","38000","نعم","لا","لا","لا","لا","اكلب اعلي سعر متتحرجش عشان غيرك مش بيتحرج","لا",,"Bachelor's","10","نعم","2026-07-16T00:00:00.000Z"
"45559057-87de-404f-86da-1f0ea8c545aa","Mechanical","مصر","القاهرة","1","Consultant","Office","EGP","15000","لا","لا","نعم","نعم","نعم",,"لا","بيئه عمل جيده وتعاون واحترام كبير بين جميع الأفراد داخل الشركه ومناسب للتعلم","Bachelor's","8","نعم","2026-07-16T00:00:00.000Z"
"451bd9fd-cdf0-4562-9cf9-3b1a44e2561d","Electrical","مصر","بني سويف","1","Raya holding","Site","EGP","21000","لا","نعم","نعم","نعم","لا","..","لا","...","Bachelor's",,"لا  الجمعة فقط","2026-07-16T00:00:00.000Z"
"44f055fe-2db9-47eb-b1c1-ed97054531fa","Mechanical","مصر","القاهرة","3","Sub-Contractor","Site","EGP","25000","لا","نعم","نعم","لا","نعم","أطلب اللي تستاهله","نعم",".","Bachelor's","9","لا  الجمعة فقط","2026-07-16T00:00:00.000Z"
"4477f9d3-158e-4e34-9d81-3c8d867a4c88","Mechanical","مصر","القاهرة","7","Main Contractor","Office","EGP","30000","لا","نعم","نعم","لا","لا",,"لا",,"Bachelor's","8","لا  الجمعة فقط","2026-07-16T00:00:00.000Z"
"4406d058-9df8-4978-b95f-cf4fd27b5531","Mechanical","مصر","شبين الكوم","1","Supervision Consultant","Hybrid","EGP","9000","لا","لا","لا","لا","نعم",,"لا","بشتغل 4 ايام في الاسبوع يعني شغال بارت تايم","Diploma","6","نعم","2026-07-16T00:00:00.000Z"
"43fcd1fe-aab0-427b-8ac0-7d267427b67d","مدنى / سيفتى","مصر","العاشر من رمضان","6","Manufacturer","Site","EGP","25000","لا","نعم","لا","ربما","ربما","المشكلة مش فى الراتب المشكلة فى العملة الى هتقبض بيها انا لو قبضت الضعف مش هيعملولى حاجه","نعم",,"Bachelor's","8","لا  الجمعة فقط","2026-07-16T00:00:00.000Z"
"43e9c75e-1281-4bc1-9334-c4c8cd579dd6","Structural","مصر","القاهرة","9","Main Contractor","Site","EGP","30000","نعم","نعم","لا","ربما","لا",,"لا","لايوجد","Bachelor's","9","لا  الجمعة فقط","2026-07-16T00:00:00.000Z"
"43cd0309-b5cc-40a9-9a4d-721946a595be","Mechanical","مصر","القاهرة","2","Sub-Contractor","Office","EGP","23000","لا","لا","نعم","ربما","نعم","اثبت ومتفاصلش بس تكون مذاكر كويس","لا",,"Bachelor's","8","نعم","2026-07-16T00:00:00.000Z"
"438f9275-6c50-42cd-b5e4-dc5131297b95","Electrical","مصر","القليوبية","1","Main Contractor","Site","EGP","12000","لا","لا","نعم","ربما","ربما",,"لا",,"Bachelor's","8","لا  الجمعة فقط","2026-07-16T00:00:00.000Z"
"4389f12f-667c-4569-be82-6b0b1874b65f","Mechanical","السعودية","Jeddah","7","Main Contractor","Hybrid","SAR","7000","نعم","لا","لا","لا","نعم",,"لا",,"Bachelor's","8","لا  الجمعة فقط","2026-07-16T00:00:00.000Z"
"43507512-1610-4d2f-bfac-8f8726bcd86b","Mechanical","مصر","القاهرة","3","Consultant","Office","EGP","24000","لا","لا","لا","لا","لا","خلي دائما عندك اكتر من اوبشن أو اوفر عشان متقبلش مضطر  برقم اقل من دفعتك","نعم","Social insurance & Annual holiday","Bachelor's","9","نعم","2026-07-16T00:00:00.000Z"
"433aa322-fec8-416d-914f-112545457718","Mechanical","مصر","القاهرة","5","Consultant","Office","USD","600","لا","لا","لا","لا","ربما","هو باك اوفيس والراتب دا قليل على باك اوفيس لمهندس دفعة ٢١ ف انصح الناس تطلب فوق ال 900$ عموما","لا",,"Bachelor's",,"نعم","2026-07-16T00:00:00.000Z"
"430cc8c4-dc7c-4bc4-a8a1-dd5ea11ab67a","Mechanical","ليبيا","بنغازي","17","Main Contractor","Office","USD","4000","نعم","نعم","لا","ربما","لا","لا تقبل أول رقم يعرص عليك","نعم",,"Bachelor's","9","لا  الجمعة فقط","2026-07-16T00:00:00.000Z"
"42f8950c-df77-404b-a7e4-33cd3b9955e5","Mechanical","مصر","القاهرة","4","Facility Management","Site","EGP","25000","لا","نعم","لا","لا","ربما",,"لا",,"Bachelor's","8","لا  الجمعة فقط","2026-07-16T00:00:00.000Z"
"42ee45f9-c25e-4ef2-846d-b981c5928dfc","Mechanical","مصر","القاهرة","14","Main Contractor","Site","EGP","35000","نعم","نعم","لا","لا","نعم",,"لا",,"Bachelor's","8","لا  الجمعة فقط","2026-07-16T00:00:00.000Z"
"42de8f02-8624-4c65-8ef3-3c4973b868f9","Mechanical","مصر","القاهرة","2","Consultant","Office","EGP","25000","نعم","لا","لا","ربما","نعم",,"لا",,"Bachelor's","10","نعم","2026-07-16T00:00:00.000Z"
"42d0dd92-ef40-45b4-a930-92b9d3c0767b","Structural","مصر","القاهرة","6","Consultant","Office","EGP","34800","لا","لا","لا","ربما","ربما",,"نعم",,"Bachelor's","9","نعم","2026-07-16T00:00:00.000Z"
"42b1741b-84bd-41a7-93fd-cba0c5898a07","Mechanical","مصر","القاهرة","2","Manufacturer","Hybrid","EGP","15000","لا","نعم","نعم","لا","لا",,"نعم",,"Bachelor's","9","لا  الجمعة فقط","2026-07-16T00:00:00.000Z"
"42ae0fc4-23ae-4736-bdfc-c9ad5f295f74","Architecture","مصر","القاهرة","2","Developer","Hybrid","EGP","13500","نعم","نعم","لا","ربما","ربما",,"لا",,"Bachelor's","8","لا  الجمعة فقط","2026-07-16T00:00:00.000Z"
"429e434f-594c-42ac-9584-49bf573f5197","Structural","مصر","خارج القاهره","9","Main Contractor","Site","EGP","40000","لا","نعم","لا","ربما","ربما","اسأل تفاصيل عشان ف حاجات خفيه","نعم",,"Bachelor's","11","لا  الجمعة فقط","2026-07-16T00:00:00.000Z"
"426bc71f-b795-44eb-9a5e-e07fa46b5922","Mechanical","مصر","القاهرة","1","Main Contractor","Office","EGP","18000","لا","لا","نعم","ربما","نعم","متقولش مرتبك القديم خالص","لا",,"Bachelor's","9","لا  الجمعة فقط","2026-07-16T00:00:00.000Z"
"425c1ae1-eaaf-422b-9e31-6e6c4ed68b8b","Mechanical","مصر","القاهرة","4","Sub-Contractor","Office","EGP","45000","لا","لا","نعم","نعم","نعم",,"لا","Courses - flexible hours","Bachelor's","9","نعم","2026-07-16T00:00:00.000Z"
"424fc855-6ce6-4b3b-88b4-8e636145733a","Mechanical","مصر","القاهرة","5","Sub-Contractor","Site","EGP","20000","نعم","نعم","لا","لا","نعم",,"لا","لا يوجد","Bachelor's","8","لا  الجمعة فقط","2026-07-16T00:00:00.000Z"
"424bb2e7-1f1c-4b52-a7f6-4a687125cd51","Mechanical","مصر","الإسكندرية","1","Industrial","Hybrid","EGP","10000","نعم","نعم","لا","لا","لا","حط رينج السوق وانت بتتفاوض عالمرتب","نعم","تأمين طبي / جمعة وسبت اجازة / هناك ملحوظة الشركة قد تؤخر الراتب اسبوعين","Bachelor's","8","نعم","2026-07-16T00:00:00.000Z"
"422f92fe-bc8d-4a7e-9d1f-8f52e7bac1d2","Mechanical","مصر","القاهرة","1","Main Contractor","Site","EGP","10000","نعم","نعم","نعم","لا","نعم",,"نعم",,"Bachelor's","11","لا  الجمعة فقط","2026-07-16T00:00:00.000Z"
"41e65a82-b8b5-4b66-88ba-92ccac4133c7","Mechanical","مصر","القاهرة","1","Sub-Contractor","Site","EGP","10000","نعم","نعم","لا","لا","نعم",,"لا","لا يوجد","Bachelor's","8","لا  الجمعة فقط","2026-07-16T00:00:00.000Z"
"41d2a6e3-e434-46c9-8a1c-cdf0f0c53fad","Mechanical","السعودية","مكة","6","Main Contractor","Site","SAR","6300","نعم","نعم","لا","ربما","ربما",,"لا","لا","Bachelor's","10","لا  الجمعة فقط","2026-07-16T00:00:00.000Z"
"41b51a67-16ea-48e1-a10f-f2ca6620e2bb","Mechanical","مصر","القاهرة","2","Consultant","Office","EGP","19000","لا","لا","لا","لا","نعم",,"نعم",,"Bachelor's","8","نعم","2026-07-16T00:00:00.000Z"
"419fea0c-5f93-4bcb-8664-57a82b375fda","Mechanical","مصر","القاهرة","1","Sub-Contractor","Site","EGP","18000","لا","نعم","نعم","ربما","نعم",,"نعم",,"Bachelor's","9","نعم","2026-07-16T00:00:00.000Z"
"419ac704-ac81-4432-ae62-646024987322","Mechanical","مصر","القاهرة","1","Consultant","Office","EGP","12000","لا","لا","لا","لا","ربما","متتنازلش بسهولة","لا",,"Bachelor's","9","نعم","2026-07-16T00:00:00.000Z"
"41874f27-4c70-4d5c-8d41-dd618c799d4b","Structural","مصر","القاهرة","1","Main Contractor","Site","EGP","14000","لا","نعم","نعم","نعم","ربما",,"نعم",,"Bachelor's","9","لا  الجمعة فقط","2026-07-16T00:00:00.000Z"
"416e58ef-c34f-4129-ba71-e54436606f0c","Civil","مصر","القاهرة","5","Main Contractor","Office","EGP","30000","نعم","نعم","نعم","لا","نعم",,"نعم",,"Bachelor's","8","نعم","2026-07-16T00:00:00.000Z"
"415d42c3-0914-4e07-b934-cfe2ed26f7aa","It","مصر","القاهرة","1","Sub-Contractor","Site","EGP","7000","لا","لا","لا","لا","ربما",,"نعم",,"Bachelor's","11","لا  الجمعة فقط","2026-07-16T00:00:00.000Z"
"41214d89-5097-4ab2-9205-3db2095dd0c9","Structural","مصر","القاهرة","3","Sub-Contractor","Site","EGP","9000","نعم","لا","لا","لا","لا",,"لا","لا","Bachelor's","9","لا  الجمعة فقط","2026-07-16T00:00:00.000Z"
"411ad5be-2cc8-49d6-834c-e39be7010cf4","Mechanical","مصر","القاهرة","1","Consultant","Site","EGP","14000","نعم","لا","لا","ربما","لا",,"لا",,"Bachelor's","8","لا  الجمعة فقط","2026-07-16T00:00:00.000Z"
"4113930c-3c85-4170-be6d-aa7f1ae2302c","Structural","السعودية","الرياض","4","Consultant","Site","SAR","5000","لا","نعم","لا","ربما","نعم","...","نعم",,"Bachelor's","8","لا  الجمعة فقط","2026-07-16T00:00:00.000Z"
"41085197-ca3d-4af8-87a6-b1d257255658","Mechanical","مصر","القاهرة","1","Consultant","Office","EGP","13000","لا","لا","لا","لا","ربما","عايز اللي ينصحني","لا","مفيش","Bachelor's","9","نعم","2026-07-16T00:00:00.000Z"
"40e83b2d-cf79-4844-8437-33b1bcfdf988","Structural","مصر","الاسكندرية","7","Supervision Consultant","Site","EGP","45000","نعم","نعم","نعم","لا","لا",,"نعم",,"Bachelor's","6","نعم","2026-07-16T00:00:00.000Z"
"40e002f2-2159-4f75-a93a-f25236d3e6c6","Wet Utilities Engineer","مصر","القاهرة","1","Consultant","Office","EGP","23000","لا","لا","لا","نعم","نعم","اطلب الرقم بقلب جامد ومتقللش من نفسك","لا",,"Bachelor's","8","نعم","2026-07-16T00:00:00.000Z"
"40c3d8e0-eac8-4811-ae95-454667de8b9f","Mechanical","مصر","القاهرة","3","Consultant","Office","EGP","30000","لا","لا","نعم","نعم","نعم","مفروض قبل ما الواحد يعمل المقابله يعرف أن الكتوقع بتاعه في الرينج الي الشركه حطاه لو مخدتش المعلومه من الاتش ار يكلم ناس شغاله هناك ويعرف المرتبات في رينج كام و لو هو شايف نفسه كويس للشغل و كويس في المقابله يطلب الرقم الي هو عايزه","لا","بيئه عمل محترمه - راتب مناسب بالنسبه لمكتب مصري - انتظام الرواتب","Bachelor's","8","نعم","2026-07-16T00:00:00.000Z"
"4083c6f2-82ce-4510-9209-0c0d47e23bab","Structural","مصر","القاهرة","1","Consultant","Site","EGP","12000","نعم","نعم","لا","ربما","لا",,"لا",,"Bachelor's","8","لا  الجمعة فقط","2026-07-16T00:00:00.000Z"
"402a2502-f4c7-4d4e-a194-5b33040cbf31","Mechanical","مصر","القاهرة","3","Consultant","Office","USD","775","لا","لا","لا","ربما","ربما",,"لا",,"Bachelor's","8","نعم","2026-07-16T00:00:00.000Z"
"402760b5-80bd-4503-8f6e-8d50612201e5","Electrical","مصر","القاهرة","14","Consultant","From Home","SAR","3500","لا","لا","لا","ربما","نعم",,"لا",,"Bachelor's","8","نعم","2026-07-16T00:00:00.000Z"
"4011d4a6-97b0-4cbf-acaa-9759e36f5957","Structural","مصر","المنيا","2","owner’s engineer","Site","EGP","14000","نعم","نعم","نعم","ربما","لا",,"نعم","الارباح السنوية","Bachelor's","8","نعم","2026-07-16T00:00:00.000Z"
"400ad3de-1c18-4c6c-906b-75a5507e88ed","Architecture","مصر","القاهرة","3","Consultant","Site","EGP","18000","نعم","نعم","نعم","نعم","لا","يعرف هيعمل ايه بالظبط","لا",,"Bachelor's","10","نعم","2026-07-16T00:00:00.000Z"
"3fdb24f6-9f41-4d17-8d88-a8922b8afe31","Structural","مصر","القاهرة","2","Consultant","From Home","EGP","19000","لا","لا","لا","نعم","نعم",,"لا",,"Diploma","10","لا  الجمعة فقط","2026-07-16T00:00:00.000Z"
"3fc10b51-6960-4957-9781-f8151fc7231c","Mechanical","مصر","القاهرة","1","Facility Management","Site","EGP","10000","لا","لا","نعم","لا","ربما",,"لا",,"Bachelor's","8","نعم","2026-07-16T00:00:00.000Z"
"3fb4dc74-c68b-4630-a82c-3f2e15f37303","Mechanical","السودان","الخرطوم","5","Main Contractor","Office","جنية سود","3000000","لا","نعم","لا","لا","نعم",,"نعم","تامين طبي","Bachelor's","8","لا  الجمعة فقط","2026-07-16T00:00:00.000Z"
"3fb280aa-125c-4b4f-be17-b9ea60c890aa","Electrical","مصر","القاهرة","2","توريدات عامه","Office","EGP","10000","لا","لا","نعم","لا","لا",,"نعم",,"Bachelor's","8","نعم","2026-07-16T00:00:00.000Z"
"3f87ee0e-f23b-4d0f-9f24-b3458a8bf9fa","Mechanical","مصر","القاهرة","4","Main Contractor","Site","EGP","9300","نعم","لا","لا","لا","ربما",,"نعم",,"Bachelor's","8","لا  الجمعة فقط","2026-07-16T00:00:00.000Z"
"3f7ece10-c583-4be8-abbf-7f4ec84df1f8","Mechanical","مصر","القاهرة","9","Consultant","Office","EGP","60000","لا","لا","لا","ربما","نعم",,"لا",,"Bachelor's","9","نعم","2026-07-16T00:00:00.000Z"
"3f712e9a-04b3-49af-b583-f2c5d0bc3e57","Mechanical","مصر","القاهرة","1","Sub-Contractor","Site","EGP","15000","نعم","لا","لا","لا","نعم",,"لا",,"Bachelor's","8","لا  الجمعة فقط","2026-07-16T00:00:00.000Z"
"3f695488-923c-43f3-be0b-fe72c3c6872b","Mechanical","مصر","القاهرة","3","Consultant","Office","EGP","20000","لا","لا","لا","ربما","نعم",,"نعم",,"Bachelor's","8","نعم","2026-07-16T00:00:00.000Z"
"3f4178f6-f35d-4f56-8f24-2662d30a767d","Mechanical","الامارات","دبي","12","Supervision Consultant","Site","AED","16000","لا","لا","لا","ربما","ربما",,"لا",,"Bachelor's","9","لا  الجمعة فقط","2026-07-16T00:00:00.000Z"
"3f2817e2-92e4-4f47-b4d0-dc27dfe82035","BIM","الامارات","ابو ظبي","6","Sub-Contractor","Site","AED","9000","لا","لا","نعم","ربما","نعم",,"نعم",,"Bachelor's","10","نعم","2026-07-16T00:00:00.000Z"
"3eda36da-f60c-4aed-b96d-9d8fe9bacb43","Mechanical","مصر","القاهرة","1","مركز صيانة سيارات","Site","EGP","12000","لا","نعم","نعم","نعم","ربما",,"لا","حافز شهرى + نص شهر ف الاعياد ورمضان","Bachelor's","9","نعم","2026-07-16T00:00:00.000Z"
"3ecae5cb-bc2d-47f0-942a-9d61cef25449","Mechanical","مصر","القاهرة","3","Main Contractor","Office","EGP","27000","نعم","لا","نعم","لا","ربما",,"لا",,"Bachelor's","8","نعم","2026-07-16T00:00:00.000Z"
"3eb06b6f-7716-4fb5-81ca-6bf44ab119c5","Structural","مصر","القاهرة","8","Main Contractor","Office","EGP","40000","لا","نعم","لا","ربما","ربما",,"لا",,"Bachelor's","8","نعم","2026-07-16T00:00:00.000Z"
"3e909ca4-6eae-49f4-9cbb-ea32ccec0e7a","Mechanical","مصر","القاهرة","4","Consultant","Office","EGP","40000","لا","نعم","نعم","نعم","نعم","قدر نفسك واطلب اللي علي قد اللي تقدر تعمله","لا",,"Bachelor's","9","نعم","2026-07-16T00:00:00.000Z"
"3e4823ad-ecfd-4a84-98a4-ccf7718ffbf4","Electrical","مصر","المنيا","1","Industrial","Site","EGP","15000","لا","نعم","نعم","ربما","ربما","اطلب راتب يتناسب مع بيئة العمل","لا","حوافز مالية ف المناسبات شهر من الأساسى","Bachelor's",,"نعم","2026-07-16T00:00:00.000Z"
"3df944c2-8481-4237-a4c6-7ea1db527aca","Mechanical","مصر","بورسعيد","2","University","Office","EGP","10790","لا","نعم","لا","لا","ربما","الراتب ثابت للمعيدبن ولا يوجد تغاوض","لا","فيه سفر ساعة ونص رايح راجع لكن فيه باص للمعيدين","Bachelor's","8","نعم","2026-07-16T00:00:00.000Z"
"3ddf9d7e-9a15-458f-a1a5-7d3ed0cf2a18","Structural","السعودية","جازان","9","Main Contractor","Office","SAR","7000","لا","نعم","لا","لا","ربما","تفاوض بذكاء ولاتبخس حقك","نعم",,"Bachelor's","8","لا  الجمعة فقط","2026-07-16T00:00:00.000Z"
"3db7ac94-f323-4962-abbc-f53bfefa6416","BIM","مصر","القاهرة","2","Oil & Gas","Office","USD","505","لا","لا","نعم","ربما","ربما",,"لا",".","Bachelor's","8","نعم","2026-07-16T00:00:00.000Z"
"3d84c36c-bd26-453e-9b2a-4b453c378f9d","Mechanical","مصر","القاهرة","4","Consultant","Office","EGP","30000","لا","لا","نعم","ربما","لا",,"لا","تأمينات اجتماعية وطبية","Bachelor's","9","نعم","2026-07-16T00:00:00.000Z"
"3d7e1cce-157a-41df-a95e-292b7c94d81d","Architecture","مصر","القاهرة","4","Developer","Office","EGP","21700","لا","لا","نعم","لا","لا","احنا حقنا اعلي من كده كتير","نعم",,"Bachelor's","8","نعم","2026-07-16T00:00:00.000Z"
"3d7e0113-2734-40e5-806c-6f884df76f87","Electrical","مصر","العاشر","1","Maitenance","Site","EGP","12000","نعم","لا","لا","لا","لا","الاتفاق علي الراتب نت وتوفير سكن وبدل مواصلات وتأمين طبي واجتماعي","لا","٣ منح سنوية","Bachelor's","8","لا  الجمعة فقط","2026-07-16T00:00:00.000Z"
"3d51f93a-91b2-4e55-adf5-9928680da211","Structural","السعودية","الرياض","2","Facility Management","Office","SAR","2500","لا","لا","لا","لا","لا","م ترضاش بالقيل وتسكت","لا","لا","Bachelor's","8","نعم","2026-07-16T00:00:00.000Z"
"3d459ccc-e641-4d16-9d6f-2835918ff429","Mechanical","مصر","القاهرة","5","Industrial","Hybrid","EGP","20000","لا","نعم","نعم","لا","نعم",,"لا",,"Bachelor's","9","نعم","2026-07-16T00:00:00.000Z"
"3d2804ac-c43f-4264-b7c7-91bf1874d13c","Mechanical","السعودية","جدة","9","Industrial","Site","SAR","16000","لا","نعم","نعم","لا","نعم",,"نعم","تأمين صحي A","Bachelor's","8","لا  الجمعة فقط","2026-07-16T00:00:00.000Z"
"3cff2b88-400e-4a2d-a95f-3929afa9f2ec","Mechanical","مصر","القاهرة","11","Consultant","Office","EGP","40000","لا","نعم","لا","لا","لا","اطلب حقك واللى انت شايفه مناسب ليك","لا","ولا اى امتياز اخر","Bachelor's","8","نعم","2026-07-16T00:00:00.000Z"
"3cbd24cf-7330-409e-80d4-d978b344db2f","BIM","مصر","القاهرة","5","Main Contractor","Hybrid","EGP","35000","لا","نعم","نعم","نعم","نعم",,"نعم","تأمين طبي واجتماعي وتامين طبي عائلي","Bachelor's","8","نعم","2026-07-16T00:00:00.000Z"
"3cb9e90a-ae5c-4e1e-9378-c423e92f0674","Structural","مصر","الإسكندرية","5","Main Contractor","Site","EGP","16000","لا","لا","لا","لا","لا",,"نعم","نصف شهر يتوزع علي المناسبات","Bachelor's","8","لا  الجمعة فقط","2026-07-16T00:00:00.000Z"
"3cb9b462-4af8-4d90-9136-78162566fef2","Mechanical","مصر","القاهرة","1","Main Contractor","Office","EGP","27500","لا","لا","نعم","نعم","نعم",,"لا","يوجد بدل للانتقالات و السكن +بونص +تامين طبى و اجتماعى","Bachelor's","10","نعم","2026-07-16T00:00:00.000Z"
"3ca4baf2-d430-4027-88bf-4a3d3b265710","Mechanical","السعودية","المدينة","8","Consultant","Site","SAR","7000","لا","لا","لا","لا","نعم","12000","نعم",,"Bachelor's","8","لا  الجمعة فقط","2026-07-16T00:00:00.000Z"
"3c764789-95a9-4c2e-a581-321f70988ef8","Electrical","مصر","القاهرة","15","Main Contractor","Office","EGP","28000","نعم","نعم","نعم","لا","ربما",,"لا",,"Bachelor's","8","نعم","2026-07-16T00:00:00.000Z"
"3c1c386c-1458-4edc-a75a-9d7789c928fa","Mechanical","مصر","القاهرة","1","Sub-Contractor","Site","EGP","12500","نعم","نعم","نعم","لا","نعم",,"نعم",,"Bachelor's","8","لا  الجمعة فقط","2026-07-16T00:00:00.000Z"
"3c08b4f3-0b1e-454e-81f5-49d63dbe4e3b","Mechanical","السعودية","جدة","2","Main Contractor","Hybrid","SAR","4500","نعم","نعم","لا","نعم","نعم",,"لا",,"Bachelor's","9","لا  الجمعة فقط","2026-07-16T00:00:00.000Z"
"3bfffc76-7625-49bc-bd1a-653d5c55186c","Structural","مصر","القاهرة","2","Main Contractor","Site","EGP","12000","لا","نعم","لا","لا","لا",,"لا",,"Bachelor's","10","لا  الجمعة فقط","2026-07-16T00:00:00.000Z"
"3bb51332-6f96-462f-b829-924967c1bf79","Mechanical","مصر","القاهرة","13","PMC","Hybrid","EGP","35000","لا","لا","لا","لا","لا","50","نعم","معاشو تأمين طبي","Bachelor's","8","نعم","2026-07-16T00:00:00.000Z"
"3b907d77-bb6e-4c72-a347-e65768234dc3","Mechanical","مصر","العلمين الجديده","5","Main Contractor","Site","EGP","23000","نعم","نعم","نعم","لا","نعم","متقبلش بمرتب أقل من خبرتك ..ده غلطه عملتها لما جيت التفاوض علي الراتب ...ده سببه اني مكنتش حاسس بالاستحقاقيه","لا",,"Bachelor's",,"لا  الجمعة فقط","2026-07-16T00:00:00.000Z"
"3b4ebc80-77a7-469c-b3c3-97f931cb9221","Mechanical","مصر","القاهرة","3","Main Contractor","Office","EGP","18500","لا","نعم","لا","لا","ربما",,"لا","لا بوجد","Bachelor's","8","نعم","2026-07-16T00:00:00.000Z"
"3b36a981-14fc-43af-a592-ac4b722d669a","Electrical","مصر","سادات","1","Industrial","Office","EGP","13200","لا","نعم","نعم","لا","نعم",,"لا","مرتب شهر كل 3 شهور","Bachelor's","8","لا  الجمعة فقط","2026-07-16T00:00:00.000Z"
"3b292318-1a5f-49e3-a830-79aa9c50c206","Mechanical","مصر","القاهرة","13","Main Contractor","Site","EGP","60000","لا","لا","لا","ربما","نعم","لا تقلل من نفسك قدر المستطاع","لا","تأمين اجتماعى وصحى ومواصلات للموقع من مدخل مدينة سكنى","Bachelor's","9","لا  الجمعة فقط","2026-07-16T00:00:00.000Z"
"3afe39ca-fcbd-4e43-9487-44a57b2a6987","Mechanical","مصر","القاهرة","19","Consultant","Office","EGP","72000","لا","لا","لا","لا","لا",,"لا","لا يوجد","Bachelor's","8","نعم","2026-07-16T00:00:00.000Z"
"3af5855b-47d8-45e8-9ff7-1bff3e453153","Mechanical","السعودية","الرياض","20","Main Contractor","Site","SAR","20000","لا","لا","نعم","لا","لا",,"نعم",,"Bachelor's","9","لا  الجمعة فقط","2026-07-16T00:00:00.000Z"
"3ad1a61e-6acf-489a-8371-b5fa6c3d8f59","Mechanical","مصر","الفيوم","13","Industrial","Office","EGP","23000","لا","نعم","نعم","لا","لا",,"نعم",,"Bachelor's","8","لا  الجمعة فقط","2026-07-16T00:00:00.000Z"
"3ac7d810-e04f-4de7-902e-67224f5e513a","Mechanical","السعودية","الجبيل","3","Sub-Contractor","Site","SAR","7500","نعم","نعم","لا","نعم","نعم",,"لا",,"Bachelor's","10","لا  الجمعة فقط","2026-07-16T00:00:00.000Z"
"3aa55adb-0902-4cf3-a106-37cab8a8889e","Mechanical","مصر","القاهرة","2","Main Contractor","Site","EGP","18000","نعم","نعم","لا","لا","نعم",,"لا",,"Bachelor's","7","لا  الجمعة فقط","2026-07-16T00:00:00.000Z"
"3a955f68-04a8-48b0-83d8-8d57edc21b00","Mechanical","مصر","الاسكندرية","6","Main Contractor","Office","EGP","39000","لا","لا","نعم","لا","نعم",,"لا",,"Bachelor's","8","نعم","2026-07-16T00:00:00.000Z"
"3a8e3c78-f256-42be-b6d4-897cac69acf3","marine construction works","مصر","العريش","1","Main Contractor","Hybrid","EGP","9400","نعم","نعم","لا","لا","ربما",,"نعم",,"Bachelor's","9","لا  الجمعة فقط","2026-07-16T00:00:00.000Z"
"3a8e050c-e091-4d1c-a190-be93ab752dfc","Electrical","مصر","القاهرة","10","Consultant","Site","EGP","26262","لا","لا","لا","لا","لا",,"لا",,"Bachelor's","8","لا  الجمعة فقط","2026-07-16T00:00:00.000Z"
"3a85f148-44c2-4103-9577-1fffad9ea490","Mechanical","مصر","القاهرة","2","Sub-Contractor","Office","EGP","15000","لا","لا","لا","ربما","نعم",,"لا","العمل بحرية","Bachelor's","8","لا  الجمعة فقط","2026-07-16T00:00:00.000Z"
"3a5c6a5b-f728-491e-82ce-7a278250732b","Mechanical","مصر","القاهرة","2","Consultant","Office","EGP","19000","نعم","لا","لا","لا","نعم",,"نعم","بيئة عمل جيدة وناس محترمه ف التعامل مفيش تنشنه ع المواعيد مفيش مشكلة لو اتاخرت المهم نخلص الشغل ونسلمه","Bachelor's","8","نعم","2026-07-16T00:00:00.000Z"
"3a4e4fbb-7ccf-465a-b49d-c39147dfe6fc","Mechanical","مصر","القاهرة","1","Consultant","Hybrid","EGP","14000","نعم","نعم","لا","لا","ربما",,"لا",,"Bachelor's","8","لا  الجمعة فقط","2026-07-16T00:00:00.000Z"
"3a2c1ddb-e090-4ebd-9718-5ba7f35a7ebd","Mechanical","مصر","القاهرة","6","Consultant","Office","EGP","24000","لا","لا","لا","لا","نعم",,"لا","لا يوجد","Master's","9","نعم","2026-07-16T00:00:00.000Z"
"3a156834-1408-4a41-b814-62ec17b3e4e5","Mechanical","السعودية","الرياض","10","Consultant","Site","SAR","10000","لا","لا","لا","لا","نعم",,"نعم",,"Bachelor's","8","لا  الجمعة فقط","2026-07-16T00:00:00.000Z"
"39fc317d-8088-42cc-b763-b8e30029a8b4","Electrical","مصر","القاهرة","0","Government","Hybrid","EGP","16500","لا","لا","نعم","لا","لا",,"نعم","العلاج مجاني","Bachelor's","24","لا  الجمعة فقط","2026-07-16T00:00:00.000Z"
"39d7aa89-f9c9-4ac6-9aa2-152e12f1d767","Mechanical","مصر","القاهرة","2","Main Contractor","Office","EGP","18000","لا","لا","نعم","نعم","نعم",,"لا",,"Bachelor's","8","نعم","2026-07-16T00:00:00.000Z"
"39b77814-edc5-494d-a108-2773822c9570","Mechanical","السعودية","جده","5","Sub-Contractor","Hybrid","SAR","5000","نعم","نعم","نعم","لا","نعم",,"لا",,"Bachelor's","8","لا  الجمعة فقط","2026-07-16T00:00:00.000Z"
"399d3caf-71d1-4461-959b-c55c5eadfe53","Chemical","مصر","Alexandria","15","Oil & Gas","Site","EGP","8500","لا","نعم","لا","لا","لا",,"لا","NA","Bachelor's","12","لا  الجمعة فقط","2026-07-16T00:00:00.000Z"
"398b44d7-fc40-4e02-bca9-25c1a5239091","Mechanical","مصر","القاهرة","6","Facility Management","Site","EGP","35000","لا","لا","لا","لا","نعم",,"لا","تامين طبى وتأمين اجتماعى","Bachelor's","8","نعم","2026-07-16T00:00:00.000Z"
"3983ae0d-9232-4e6b-9cb5-10b9a8c640ee","Structural","مصر","سوهاج","9","Facility Management","Hybrid","EGP","6600","لا","نعم","نعم","لا","لا",,"لا",,"Bachelor's","8","لا  الجمعة فقط","2026-07-16T00:00:00.000Z"
"398326c6-734d-4f5b-b4b2-aadee6a00019","Mechanical","مصر","القاهرة","6","Consultant","Office","USD","1300","لا","لا","نعم","نعم","نعم",,"لا",,"Bachelor's","8","نعم","2026-07-16T00:00:00.000Z"
"3952d24d-edd4-4180-84dd-5ec5d3eb127f","Mechanical","السعودية","الرياض","16","Consultant","Site","SAR","13000","لا","لا","لا","لا","لا",,"نعم","لا","Bachelor's","8","لا  الجمعة فقط","2026-07-16T00:00:00.000Z"
"39267d1c-19bf-49d0-a8ff-ed9bdda6517d","Mechanical","مصر","القاهرة","2","Consultant","Office","EGP","22000","لا","نعم","لا","نعم","نعم",,"نعم",,"Bachelor's","8","نعم","2026-07-16T00:00:00.000Z"
"39256ac9-fd40-4262-b59f-2bc1707da758","Structural","مصر","القاهرة","6","Main Contractor","Site","EGP","24600","لا","لا","نعم","لا","ربما",,"لا",,"Bachelor's","9","لا  الجمعة فقط","2026-07-16T00:00:00.000Z"
"39002b13-218e-4ca7-9c28-258f6da804ad","Mechanical","مصر","أسوان","4","Main Contractor","Site","EGP","15000","نعم","نعم","نعم","لا","نعم","اعرف من الاول كل المهام اللى هتشتغل عليه وخلى العقد سنوى","لا","مكافأة مالية كل ٣ شهور فى السنة","Bachelor's","8","لا  الجمعة فقط","2026-07-16T00:00:00.000Z"
"38e8d31e-3bc9-410c-a2da-4a2eb5404fad","Mechanical","مصر","القاهرة","1","Sub-Contractor","Site","EGP","12000","نعم","نعم","نعم","لا","نعم",,"لا","بدل وجبة","Bachelor's","9","لا  الجمعة فقط","2026-07-16T00:00:00.000Z"
"38e556c0-f09e-4880-92e3-5feebc14f6d5","Mechanical","السعودية","الرياض","3","Main Contractor","Hybrid","SAR","3500","لا","لا","لا","لا","ربما","قيم نفسك كويس","لا",,"Bachelor's","8","لا  الجمعة فقط","2026-07-16T00:00:00.000Z"
"38de77d7-93b5-48eb-80bc-84f62da71263","Mechanical","السعودية","الرياض","10","Main Contractor","Office","SAR","12500","لا","نعم","لا","ربما","ربما",,"لا",,"Bachelor's","8","نعم","2026-07-16T00:00:00.000Z"
"3807ad7f-5666-4383-9e7f-e113d9c17059","Mechanical","مصر","القاهرة","1","Sub-Contractor","Office","EGP","10000","نعم","لا","لا","ربما","ربما",,"لا","لا يوجد تأمينات لكل الموظفين","Bachelor's","6","نعم","2026-07-16T00:00:00.000Z"
"37faae87-7289-46fe-9098-22f035f09ead","Mechanical","السعودية","الدمام","7","Main Contractor","Hybrid","SAR","7200","لا","نعم","لا","لا","نعم",,"لا",,"Bachelor's","9","نعم","2026-07-16T00:00:00.000Z"
"37dabbe9-21e2-45cc-b66b-404b40491f50","Mechanical","مصر","القاهرة","2","Consultant","Office","EGP","26000","لا","لا","لا","نعم","نعم",,"لا",,"Bachelor's","9","نعم","2026-07-16T00:00:00.000Z"
"37bc2e9d-cae3-44b3-863b-598fe2c66007","Structural","مصر","القاهرة","6","Consultant","Site","EGP","25000","نعم","نعم","نعم","لا","نعم","الإلتزام باالقايمة","لا","بتصرف نص شهر في الأعياد +بروفيت سنوي","Bachelor's","8","لا  الجمعة فقط","2026-07-16T00:00:00.000Z"
"37a8dba0-b0e7-4091-b80b-c5e7272d9ecf","Mechanical","السعودية","الخبر","5","Main Contractor","Hybrid","SAR","7000","لا","نعم","لا","نعم","لا","ما تتنازل عن الرقم الالانت شايفه مناسب لخبرتك ابدا بس ضروري يكون الرقم منطقي","نعم",,"Bachelor's","9","لا  الجمعة فقط","2026-07-16T00:00:00.000Z"
"37a499bc-4f4e-4e50-aef6-15f9febdea77","Mechanical","مصر","Alexanderia","8","Industrial","Site","EGP","29000","لا","نعم","لا","لا","ربما","متحاولش تبقي سوبر مان وحاول تتفاوض وانت شغال في شركتك القديمة","لا",,"Bachelor's","8","لا  الجمعة فقط","2026-07-16T00:00:00.000Z"
"37906f4c-951a-45be-814a-e6854408b799","Civil Execution Engineer","مصر","قنا","10","Sub-Contractor","Site","EGP","13800","لا","نعم","لا","لا","لا",,"لا","ان الشركه قطاع عام","Bachelor's","8","لا  الجمعة فقط","2026-07-16T00:00:00.000Z"
"37618e8f-b29c-483f-a834-a2820ce29a8c","Mechanical","مصر","القاهرة","0","Supervision Consultant","Hybrid","SAR","14000","لا","لا","لا","لا","نعم",,"لا",,"Bachelor's","8","لا  الجمعة فقط","2026-07-16T00:00:00.000Z"
"36ec5ec8-1c86-49fc-a862-2ed1b256616f","Communication","مصر","الاسكندريه","5","Supervision Consultant","Hybrid","EGP","15000","لا","لا","نعم","لا","لا","18000","نعم",,"Bachelor's","8","نعم","2026-07-16T00:00:00.000Z"
"36ebc741-83bc-4108-ba87-ec4ceb796f01","Mechanical","مصر","مدينة السادات","1","Consultant","Hybrid","EGP","7000","لا","نعم","لا","لا","ربما",,"لا","لا يوجد","Bachelor's","8","لا  الجمعة فقط","2026-07-16T00:00:00.000Z"
"36d56c68-3230-48a9-a669-6651620a76bf","Civil","مصر","القاهرة","3","Developer","Site","EGP","24000","نعم","لا","لا","ربما","ربما","لا تقل ب اي شي من احوال عن قائمة المرتبات الشركات بتدفع حاليا اكثر من قايمة","لا","لا شئ","Bachelor's","8","لا  الجمعة فقط","2026-07-16T00:00:00.000Z"
"36c9baa9-c7c1-4f62-9b55-65f50e24c6b9","Mechanical","مصر","القاهرة","1","Sub-Contractor","Site","EGP","12000","لا","نعم","لا","ربما","نعم",,"لا","الاجازات الرسمية , الخميس والسبت نص يوم","Bachelor's","8","لا  الجمعة فقط","2026-07-16T00:00:00.000Z"
"36bb8367-9adf-45d1-bc5c-da0a5145be41","Electrical","مصر","السويس","2","Manufacturer","Site","EGP","12000","لا","نعم","لا","لا","لا",,"نعم","لا","Bachelor's","8","نعم","2026-07-16T00:00:00.000Z"
"36b99621-4f66-407d-b033-8434f1a3b5b0","Civil","مصر","القاهرة","4","Infrastructure","Site","EGP","21000","نعم","نعم","لا","لا","نعم",,"لا",,"Diploma","9","لا  الجمعة فقط","2026-07-16T00:00:00.000Z"
"3691b533-fcd1-40c9-be6e-bd7a6076bbf1","agricultural","السعودية","hail","14","Consultant","Office","SAR","9000","لا","لا","لا","لا","ربما",,"نعم",,"Bachelor's","8","نعم","2026-07-16T00:00:00.000Z"
"3653e36e-6c8d-4e3f-8719-ffbdbe1afdbe","Mechanical","مصر","القاهرة","3","Consultant","Office","USD","750","لا","لا","نعم","نعم","ربما",,"نعم",,"Bachelor's","8","نعم","2026-07-16T00:00:00.000Z"
"364a46b3-2e0c-4416-b8fa-d309af308c77","Structural","مصر","القاهرة","4","Developer","Site","EGP","14000","نعم","لا","لا","لا","لا","اطلب ٢٥ الف علي ٤ سنين خبرة","لا",,"Bachelor's","10","نعم","2026-07-16T00:00:00.000Z"
"3609fc91-5819-4552-8ff5-575fed859093","Mechanical","مصر","المنصورة","5","Facility Management","Hybrid","EGP","13300","لا","نعم","نعم","لا","لا",,"لا","خصم علي الخط الارضي والنت","Bachelor's","8","نعم","2026-07-16T00:00:00.000Z"
"35f9dfdf-5ed0-45ee-8cd1-24d54464d5ce","Mechanical","مصر","شرم الشيخ","4","Facility Management","Site","EGP","20000","نعم","نعم","لا","ربما","ربما",,"لا","الاكل","Bachelor's",,"نعم","2026-07-16T00:00:00.000Z"
"358dea18-81bc-40f3-af10-acdb287ec84e","Mechanical","مصر","القاهرة","1","Sub-Contractor","Site","EGP","12000","لا","نعم","لا","ربما","نعم",,"لا",,"Bachelor's","9","لا  الجمعة فقط","2026-07-16T00:00:00.000Z"
"3571d8d6-544d-4740-b882-59aa39275c4a","Mechanical","مصر","القاهرة","1","Main Contractor","Site","EGP","15000","نعم","نعم","نعم","نعم","ربما",,"نعم",,"Bachelor's","8","نعم","2026-07-16T00:00:00.000Z"
"354652eb-b2cd-49af-8716-47378752a812","Mechanical","مصر","القاهرة","2","Industrial","Office","EGP","20000","نعم","نعم","نعم","نعم","نعم",,"لا",,"Bachelor's","8","نعم","2026-07-16T00:00:00.000Z"
"351d3484-2357-4f86-a604-5dee58b14002","Mechanical","السعودية","القصيم","15","Supervision Consultant","Hybrid","SAR","14000","لا","نعم","لا","ربما","نعم",,"لا",,"Bachelor's","8","لا  الجمعة فقط","2026-07-16T00:00:00.000Z"
"34fbbb4b-c72d-4e75-84e9-8c89b0ca7d5b","Mechanical","مصر","القاهرة","2","Consultant","Office","EGP","19000","لا","لا","نعم","ربما","نعم",,"لا",,"Bachelor's","9","نعم","2026-07-16T00:00:00.000Z"
"34f7e705-3348-4e3f-90ee-b376d5e2d4f0","Mechanical","مصر","القاهرة","1","Consultant","Office","EGP","20000","لا","لا","لا","نعم","نعم",,"لا",,"Bachelor's","9","نعم","2026-07-16T00:00:00.000Z"
"34781e3a-bb0d-4e95-bb40-7784fb7cde0b","Mechanical","مصر","القاهرة","1","Consultant","Office","EGP","16000","لا","لا","نعم","ربما","نعم",,"نعم",,"Bachelor's","8","نعم","2026-07-16T00:00:00.000Z"
"346cc387-ff29-4f58-83fb-57ad369ae9a4","BIM","مصر","القاهرة","6","Industrial","Office","EGP","35000","لا","لا","لا","لا","نعم",,"نعم",,"Bachelor's","9","نعم","2026-07-16T00:00:00.000Z"
"34394f84-d62c-4e70-b53c-25d90b3737c5","Mechanical","مصر","القاهرة","1","Sub-Contractor","Hybrid","EGP","16000","لا","نعم","لا","لا","ربما",,"لا",,"Bachelor's","8","نعم","2026-07-16T00:00:00.000Z"
"34289406-263d-475c-8cab-2a6ac93ea5ef","مساحه","مصر","اسيوط","4","Developer","Site","EGP","10000","نعم","نعم","لا","لا","نعم",,"لا","لا يوجد","Bachelor's","8","لا  الجمعة فقط","2026-07-16T00:00:00.000Z"
"34128028-77ba-4c0e-b536-b7fa2d8da5a7","Mechanical","السعودية","الخبر","7","Main Contractor","Site","SAR","9500","لا","لا","لا","لا","نعم","بتجربتي المتواضعة ما تبدأ براتب صغير وانت مقتنع انه بتستحق اكتر مقابل خبرتك وخدماتك الا حتقدمها وما تنساق مع كلمة حنزودك قدام لانه راتبك الا حتبدأ بيه هو الا حيتبني عليه أي علاوة ممكن تحصل ليك في الراتب او السلم الوظيفي.
قيم نفسك ماترضى بالقليل حتلقى الا حيتشري عطاءك ويقدر خبرتك ومجهودك.","لا",,"Bachelor's","9","لا  الجمعة فقط","2026-07-16T00:00:00.000Z"
"33ed766a-223a-4102-8172-b4c67ecf0505","Mechanical","مصر","new alamen","8","Main Contractor","Hybrid","EGP","38000","نعم","لا","لا","ربما","ربما","التمسك بالراتب المطلوب، إظهار نقاط القوة","نعم","NOT ALL RESIDENCE ALLOWANCE IS PAID","Master's","8","لا  الجمعة فقط","2026-07-16T00:00:00.000Z"
"33e2bfd6-d4bf-4ade-91cf-7d5d4f6bad32","Mechanical","مصر","القاهرة","10","Sub-Contractor","Office","EGP","75000","لا","لا","نعم","ربما","نعم","اعرف قيمتك واطلب راتب على قدر تعبك ومسؤليتك","نعم","حرية تامة فى مواعيد الحضور والانصراف","Bachelor's","8","لا  الجمعة فقط","2026-07-16T00:00:00.000Z"
"33a36fcc-c6b9-4667-9a86-87c8f54aaa6a","Mechanical","مصر","الاسكندريه","1","Main Contractor","Site","EGP","12000","نعم","نعم","لا","لا","نعم",,"لا",,"Bachelor's","8","لا  الجمعة فقط","2026-07-16T00:00:00.000Z"
"33a06d45-5ea1-429f-b462-f68a592dce24","Mechanical","مصر","القاهرة","2","Consultant","Office","EGP","16000","لا","لا","لا","لا","نعم","اكتب رقم اللي لو ادهولك تبقي راضي عنه عشان هما هيفاصلوا كتير","لا",,"Bachelor's","9","نعم","2026-07-16T00:00:00.000Z"
"338c7611-a9ca-48bb-b381-934ed4ea649f","Mechanical","السعودية","جدة","6","Supervision Consultant","Office","SAR","7600","لا","لا","نعم","لا","نعم",,"لا","لا توجد","Bachelor's","8","نعم","2026-07-16T00:00:00.000Z"
"33797fb7-848e-40b3-b0ed-983df6f2a96e","Electrical","مصر","القاهرة","2","PV","Hybrid","EGP","15000","لا","لا","لا","لا","ربما","مينزلوش عن راتب دفعتهم حتي لو هيتأخروا شوية","لا",,"Bachelor's","8","نعم","2026-07-16T00:00:00.000Z"
"335d3135-314a-4ed9-8480-eb47ad3121e7","Electrical","مصر","مطوبس","2","Industrial","Hybrid","EGP","7500","لا","نعم","لا","لا","ربما",,"نعم",,"Bachelor's","8","لا  الجمعة فقط","2026-07-16T00:00:00.000Z"
"335cada9-3293-4988-b7dd-c9076d1a3be9","Mechanical","مصر","القاهرة","4","Main Contractor","Office","USD","820","لا","لا","لا","نعم","نعم",,"لا",,"Bachelor's","8","نعم","2026-07-16T00:00:00.000Z"
"3355337a-6409-48e2-a31d-693e7821ef02","Mechanical","مصر","القاهرة","2","Consultant","Office","EGP","17000","لا","لا","لا","لا","لا",,"نعم",,"Diploma","10","لا  الجمعة فقط","2026-07-16T00:00:00.000Z"
"330368ea-33f5-493d-bfff-3d6b8ba77c94","Mechanical","قطر","الدوحة","5","Consultant","Office","QAR","6000","لا","لا","لا","لا","ربما",,"لا",,"Bachelor's","8","لا  الجمعة فقط","2026-07-16T00:00:00.000Z"
"32e50856-452e-443a-9b81-7097d1932e33","Mechanical","الامارات","دبى","2","Sub-Contractor","Site","AED","3500","نعم","نعم","لا","لا","لا",,"لا",,"Bachelor's","8","لا  الجمعة فقط","2026-07-16T00:00:00.000Z"
"32b6b30b-e5bf-4d55-bd32-7ae9ab4da6d6","Structural","مصر","دمياط","10","Sub-Contractor","Site","EGP","75000","نعم","لا","لا","نعم","لا","اقصي حاجة تشغلك سنة تقعد ٦ شهور من غير فلوس","نعم","لا يوجد مزايا","Bachelor's","9","لا  الجمعة فقط","2026-07-16T00:00:00.000Z"
"32958088-9ae5-4322-b6d3-3a742f56dbe9","Mechanical","مصر","الإسكندرية","1","Consultant","Office","EGP","9000","لا","لا","لا","لا","ربما","متخافش و انت بتقول رقم","نعم","لا يوجد","Bachelor's","9","نعم","2026-07-16T00:00:00.000Z"
"3258b0fc-734f-4b38-a4ca-bcbe6c0768bf","Mechanical","مصر","رأس الحكمة محافظة مرسي مطروح","1","Main Contractor","Site","EGP","18000","نعم","نعم","نعم","لا","لا","التركيز علي تفاصيل المرتب الأساسي كام؟ وبدلات كام ف المئة؟خط الساحل تقريبا نسبة البدلات من ٣٠ الي ٥٠ في المئة","لا","سكن و اوفر تايم و تنقل من السكن للموقع","Bachelor's","8","لا  الجمعة فقط","2026-07-16T00:00:00.000Z"
"324ffb92-0591-44ee-a79a-4a1723bec3b6","Structural","مصر","القاهرة","1","Sub-Contractor","Office","EGP","14000","لا","لا","لا","لا","نعم","متقلش من نفسك هم كده كده محتاجينك","لا",,"Bachelor's","8","نعم","2026-07-16T00:00:00.000Z"
"324c0be3-12bd-4916-9d8f-7ad5f3712457","Mechanical","مصر","بني سويف","3","Industrial","Site","EGP","9000","لا","نعم","لا","لا","لا","اكتب  اعلى راتب ممكن","لا","وجبة","Bachelor's","8","لا  الجمعة فقط","2026-07-16T00:00:00.000Z"
"322b0dae-a970-4cfc-8e46-11a4610182da","Mechanical","مصر","القاهرة","4","David","Site","EGP","13000","لا","نعم","لا","ربما","نعم",,"نعم",,"Bachelor's","8","لا  الجمعة فقط","2026-07-16T00:00:00.000Z"
"31da7644-f3a1-46b9-bc03-7e316c1694c3","Structural","مصر","الغردقه","10","Government","Site","EGP","27100","نعم","نعم","لا","لا","لا",,"لا","تامين طبى للاسرة ومصايف","Bachelor's","11","لا  الجمعة فقط","2026-07-16T00:00:00.000Z"
"31c08277-78fa-47cc-9a9e-b3b27fa64041","Architecture","مصر","الساحل الشمالي","1","Main Contractor","Site","EGP","13000","نعم","نعم","نعم","ربما","ربما",,"لا",,"Bachelor's","8","نعم","2026-07-16T00:00:00.000Z"
"31911943-fab7-4cd4-a6c1-f87117949569","Mechanical","مصر","القاهرة","6","Main Contractor","Site","EGP","41000","نعم","نعم","نعم","نعم","نعم","اعرف قيمتك كويس وخليك واثق فنفسك واطلب زي القايمة لو مش عارف رينج مرتبات وربنا بييسر وكله بتوفيقه","لا","تامين صحي واجتماعي وامتيازات اخرى مع الترقيات","Bachelor's","8","لا  الجمعة فقط","2026-07-16T00:00:00.000Z"
"318fff50-482d-4ce6-ae31-0f5d76958318","Structural","مصر","القاهرة","3","Developer","Office","EGP","23000","لا","لا","لا","ربما","نعم","احترم القايمه حسب دفعتك ومتاخدش أقل منها مهما حصل","نعم",,"Bachelor's","8","نعم","2026-07-16T00:00:00.000Z"
"3176e5d2-b0c2-44fe-95f0-fb043a467736","QS","الامارات","دبي","9","Main Contractor","Site","AED","10000","لا","لا","نعم","لا","نعم","لازم يكون عامل حسابه علي كل مصاريفه اللي بيحتجها كل شهر ودي هتقف علي هو متزوج ول لا ويركز في كل حاجة وتحديد لو مسافر لازم يسئل مصاريف السكن والاكل والشرب والمكان اللي هيروحه محتاج يكون معا رخصة ول لا وهل هيحتاج عربية برضو ولا لازم يسئل علي كل التفاصيل","لا",,"Bachelor's","10","نعم","2026-07-16T00:00:00.000Z"
"313ae5b4-037e-49e3-8370-cbe7b11ff3da","Electrical","مصر","القاهرة","4","Main Contractor","Site","EGP","24000","نعم","نعم","نعم","لا","لا",,"نعم","لا يوجد","Bachelor's","9","لا  الجمعة فقط","2026-07-16T00:00:00.000Z"
"30f014f6-ac68-4772-a4c3-e6d866d6f4b5","Mechanical","مصر","القاهرة","7","Sub-Contractor","Office","EGP","50000","لا","لا","نعم","نعم","نعم",,"نعم",,"Bachelor's","9","نعم","2026-07-16T00:00:00.000Z"
"30e862c3-b204-4728-ac11-41e2004c2ec0","Mechanical","مصر","القاهرة","5","Main Contractor","Office","USD","750","لا","لا","لا","ربما","نعم","مفيش نصيحه","لا",,"Bachelor's","10","نعم","2026-07-16T00:00:00.000Z"
"30bc8cb3-ab17-4118-a5bf-da743b6feabe","Mechanical","مصر","القاهرة","5","Main Contractor","Office","EGP","29000","نعم","لا","نعم","ربما","نعم",,"لا",,"Bachelor's","8","نعم","2026-07-16T00:00:00.000Z"
"30b0a0a2-4a20-4355-a760-571f766d7a54","Electrical","مصر","القاهرة","7","Consultant","Site","EGP","15000","لا","نعم","لا","لا","نعم",,"نعم","لو معنديش موقع صيانه مش شرط اروح الشركة","Bachelor's",,"نعم","2026-07-16T00:00:00.000Z"
"30a06fd0-23e1-49f6-915c-a0c31deac8bd","Mechanical","مصر","القاهرة","3","Main Contractor","Office","EGP","26000","نعم","لا","لا","لا","نعم",,"لا",,"Bachelor's","8","نعم","2026-07-16T00:00:00.000Z"
"309e02f2-95b6-4ba7-942d-20b37d952dd2","BIM","مصر","القاهرة","12","Consultant","Office","EGP","80000","نعم","نعم","نعم","نعم","نعم",,"نعم",,"Bachelor's","8","لا  الجمعة فقط","2026-07-16T00:00:00.000Z"
"3091e766-a1d1-4396-b6af-a4da1e695ba9","Structural","مصر","القاهرة","3","Main Contractor","Site","EGP","19000","نعم","نعم","نعم","نعم","نعم",,"لا",,"Bachelor's","8","لا  الجمعة فقط","2026-07-16T00:00:00.000Z"
"309132db-6c8d-47ab-bf9a-1682a84209b9","Mechanical","مصر","القاهرة","5","Main Contractor","Office","EGP","37000","نعم","نعم","نعم","لا","نعم","اطلب المبلغ اللي هيحسسك انك راي وواخد حقك بعيد عن اي شئ تاني","نعم","تامينات طبية واجتماعية","Bachelor's","9","نعم","2026-07-16T00:00:00.000Z"
"306e9bd3-f37b-4f65-b5f7-7e7f57b4e748","Mechanical","مصر","العلمين","4","Sub-Contractor","Site","EGP","21000","نعم","نعم","لا","لا","لا",,"لا","لا يوجد","Bachelor's","9","نعم","2026-07-16T00:00:00.000Z"
"304916f8-a97e-4149-9850-d69668a1a70c","Furniture production","مصر","القاهرة","13","Agency solution","Site","EGP","40000","لا","لا","لا","لا","نعم",,"لا",,"Bachelor's","9","لا  الجمعة فقط","2026-07-16T00:00:00.000Z"
"3023afb1-cc6e-4ed3-a364-585b3586c229","Land Scap","مصر","الساحل الشمالي","1","Sub-Contractor","Hybrid","EGP","10000","نعم","لا","نعم","لا","نعم","بص للسكن والمواصلات والاكل","لا","لا يوجد","Bachelor's","8","نعم","2026-07-16T00:00:00.000Z"
"2fffd1de-938c-4010-9b28-629221f810da","Mechanical","مصر","بورسعيد","7","بتروكمويات","Site","EGP","20000","نعم","نعم","لا","لا","نعم",,"نعم","لايوجد","Bachelor's","11","نعم","2026-07-16T00:00:00.000Z"
"2fa29a79-1587-45db-86e9-4b5a048903cc","Mechanical","الامارات","ابو ظبي","2","Sub-Contractor","Hybrid","UAD","3000","نعم","نعم","لا","لا","نعم",,"لا","اتاحة كورسات بشهادات معتمده","Bachelor's","9","لا  الجمعة فقط","2026-07-16T00:00:00.000Z"
"2f99b8cc-2e61-426f-85aa-4d1924f000eb","Mechanical","مصر","القاهرة","1","Main Contractor","Office","EGP","25000","لا","لا","نعم","نعم","نعم",,"لا",,"Bachelor's","6","نعم","2026-07-16T00:00:00.000Z"
"2f94a8e3-bef1-43a0-bed8-9e9410538a47","Structural","مصر","القاهرة","4","Sub-Contractor","Site","EGP","19000","نعم","لا","لا","ربما","ربما",,"لا",,"Bachelor's",,"لا  الجمعة فقط","2026-07-16T00:00:00.000Z"
"2f767b3f-2f31-443e-8dcf-ab7dbf7758d1","Mechanical","مصر","القاهرة","2","Main Contractor","Office","EGP","16000","نعم","نعم","نعم","لا","نعم","لا تجعل أحد يجعلك تشعر انك ينقصك الكثير لتتعلمه ليضع لك راتب متدني بحجة انك تتعلم عندي","نعم","لا يوجد","Bachelor's","8","لا  الجمعة فقط","2026-07-16T00:00:00.000Z"
"2f5ea04e-7d75-4559-8124-44c32530bdcc","Tender","السعودية","الرياض","10","Main Contractor","Office","SAR","20000","لا","لا","نعم","نعم","نعم",,"لا",,"Bachelor's","9","نعم","2026-07-16T00:00:00.000Z"
"2f2f262d-2e6e-42bd-801f-c90b5d732ea4","Structural","مصر","القاهرة","14","Consultant","Site","EGP","30000","لا","لا","لا","لا","لا","مش اقل من 40الف","لا",,"Bachelor's","8","لا  الجمعة فقط","2026-07-16T00:00:00.000Z"
"2f2b08f9-8514-4a3c-b43e-d793d179f86f","Interior and furniture design","مصر","القاهرة","1","Privately owned company","Office","EGP","11000","لا","لا","لا","لا","ربما",,"لا","Health and social insurance","Bachelor's","8","نعم","2026-07-16T00:00:00.000Z"
"2ebf5564-3e7a-4db4-962b-9e8ef05da9d3","Structural","مصر","القاهرة","3","Supervision Consultant","Office","EGP","20000","لا","لا","نعم","لا","نعم","قدر نفسك كويس بالنسبه لرينج مرتبات السوق .. و في نفس الوقت تكون عارف انت هتقدر تقدم ايه للشركه تخليهم يدوك الرقم اللي انت طالبه و توضح دا ليهم في الانترفيو .","نعم","Medical and social insurance","Bachelor's","8","نعم","2026-07-16T00:00:00.000Z"
"2eac8b8d-d313-45f9-8018-1fe8a5b368e2","Electrical","مصر","القاهرة","5","Supervision Consultant","Site","EGP","23000","نعم","نعم","نعم","نعم","نعم",,"لا","لا شئ","Bachelor's","9","نعم","2026-07-16T00:00:00.000Z"
"2e8cf441-35c2-495d-982b-b4b945445025","Structural","مصر","القاهرة","7","Main Contractor","Site","EGP","20000","نعم","نعم","لا","لا","لا",,"لا","لا يوجد","Bachelor's","9","لا  الجمعة فقط","2026-07-16T00:00:00.000Z"
"2e56cc6c-df1f-424d-b70e-477c1dfed5f2","Mechanical","مصر","القاهرة","1","Sub-Contractor","Office","EGP","15000","نعم","نعم","لا","ربما","نعم","اتفق على كل حاجه واكتبها في العقد","لا",,"Bachelor's","8","لا  الجمعة فقط","2026-07-16T00:00:00.000Z"
"2e3fb16f-6259-47e3-ad49-4d0bd05354f7","Mechanical","مصر","القاهرة","13","Consultant","Office","EGP","41800","لا","لا","لا","لا","ربما","الرزق على الله","لا",,"Bachelor's","8","نعم","2026-07-16T00:00:00.000Z"
"2e3e9ef6-c49a-45ca-83ab-9c97ed0cead8","Architecture","مصر","دمياط","2","Developer","Hybrid","EGP","10000","لا","نعم","نعم","ربما","نعم",,"لا",,"Bachelor's","7","لا  الجمعة فقط","2026-07-16T00:00:00.000Z"
"2e0dab2c-310c-4d39-9c36-0125d3bb95af","Mechanical","مصر","العاصمه الجديده","1","مقاولات","Site","EGP","16000","نعم","نعم","لا","نعم","نعم","على حسب تقدير نفسك وخبرتك","لا","تامين اجتماعى بعد ٦ شهور","Bachelor's","9","لا  الجمعة فقط","2026-07-16T00:00:00.000Z"
"2dbb97a9-4a61-4d85-9352-e99efee400dc","Structural","مصر","سوهاج","3","Main Contractor","Site","EGP","14000","لا","نعم","لا","ربما","لا",,"لا",,"Bachelor's","8","لا  الجمعة فقط","2026-07-16T00:00:00.000Z"
"2d68aa25-413c-4669-bb09-06bad3c31e3e","BMS","مصر","القاهرة","1","Main Contractor","Office","EGP","13999","لا","لا","نعم","ربما","نعم","معرفة متوسط الرواتب لخبرته في السوق قبل الانترفيو ومراعاة الباكج كاملة المعروضة من الشركة مع الراتب من انتقالات وسكن وخلافة","لا",,"Bachelor's","8","نعم","2026-07-16T00:00:00.000Z"
"2d5fd166-1d41-467b-b542-88b8bf177a52","Mechanical","مصر","القاهرة","1","Consultant","Office","EGP","16000","لا","لا","لا","لا","لا",,"لا",,"Bachelor's","9","نعم","2026-07-16T00:00:00.000Z"
"2d2b8b0c-8ca5-4b19-8f12-bf693f77a67b","Mechanical","مصر","القاهرة","2","Main Contractor","Site","USD","700","لا","لا","لا","نعم","نعم","ار","لا","Non","Bachelor's","8","لا  الجمعة فقط","2026-07-16T00:00:00.000Z"
"2d27f0b0-f50f-4356-ba5c-211e9d8895ae","Mechanical","مصر","القاهرة","5","Facility Management","Office","EGP","30000","لا","نعم","لا","ربما","ربما",,"لا",,"Bachelor's","8","نعم","2026-07-16T00:00:00.000Z"
"2d1d956e-3659-46dd-90eb-1e4f7f862f1e","Infra structure","مصر","الاقصر","7","Sub-Contractor","Office","EGP","30000","لا","نعم","لا","ربما","نعم",,"لا",,"Bachelor's","8","لا  الجمعة فقط","2026-07-16T00:00:00.000Z"
"2d1d3da9-e53a-4f96-9353-98af04f7be3f","Electrical","مصر","القاهرة","1","Manufacturer","Hybrid","EGP","11500","لا","نعم","نعم","لا","ربما",,"لا","تامين اجتماعى وطبي","Bachelor's","9","نعم","2026-07-16T00:00:00.000Z"
"2d055560-c181-4ea9-9374-fb21148d2563","Mechanical","مصر","سفاجا","3","Main Contractor","Site","EGP","18500","نعم","نعم","نعم","لا","نعم",,"لا",,"Bachelor's","8","لا  الجمعة فقط","2026-07-16T00:00:00.000Z"
"2d04e7fa-8373-4372-b91c-ba86762e3c9d","Mechanical","مصر","القاهرة","1","Main Contractor","Site","EGP","16000","نعم","نعم","لا","ربما","نعم","حديث التخرج ميقلش عن ١٥٠٠٠ الف","نعم","..","Bachelor's","8","لا  الجمعة فقط","2026-07-16T00:00:00.000Z"
"2cba2d5b-4e4e-4d49-98c4-d7296a916de5","Structural","مصر","القاهرة","9","Developer","Office","EGP","45000","لا","نعم","نعم","ربما","ربما",,"لا",,"Bachelor's","8","نعم","2026-07-16T00:00:00.000Z"
"2c9c14ed-1bb0-4fd0-8a95-bb32480b0edb","Chemical","مصر","القاهرة","8","Manufacturer","Site","EGP","20000","نعم","نعم","نعم","لا","نعم","لازم تقدر نفسك كويس في التفاوض ولو المرتب مش مناسب لخبرتك متوافقش وزي ما انت محتاج الشغل هو محتاجك وعنده استعداد يجيب مهندس تاني بس ساعتها هيدفع اكتر بكتيير","لا","وجبات وسكن فندقي وتامني طبي واجتماعي وسيارة انتقال وبونس سنوي","Bachelor's","9","نعم","2026-07-16T00:00:00.000Z"
"2c7a26ca-3c29-438a-867d-a47582957c04","Structural","مصر","القاهرة","5","Industrial","Site","EGP","18500","نعم","نعم","لا","لا","نعم","اطلب اللي شايف نفسك تستحقة","لا",,"Bachelor's","9","لا  الجمعة فقط","2026-07-16T00:00:00.000Z"
"2c5d7e9f-a8e8-4f63-bdca-a8bbbf5800aa","Civil","مصر","القاهرة","4","Supervision Consultant","Hybrid","EGP","17000","لا","لا","نعم","لا","نعم",,"لا",,"Bachelor's","6","نعم","2026-07-16T00:00:00.000Z"
"2c2f26f7-a2e6-4bce-a87f-e4cfbc07f14f","Traffic engineer","السعودية","الرياض","3","Consultant","Office","SAR","7500","لا","لا","لا","لا","ربما",,"لا",,"Bachelor's","9","نعم","2026-07-16T00:00:00.000Z"
"2c015013-fb4a-46fd-870c-b07cc9e191bb","Electrical","مصر","القاهرة","2","Supplies, Agencies & Contracting","Hybrid","EGP","16000","لا","لا","لا","لا","لا","لا اعلم ولكن كل شخص لديه ظروفه","نعم","لا توجد","Bachelor's","8","لا  الجمعة فقط","2026-07-16T00:00:00.000Z"
"2bf5c334-4e71-4f9d-bcc7-01ed0ae8cdc2","Mechanical","مصر","القاهرة","4","Manufacturer","Office","EGP","20000","نعم","نعم","نعم","ربما","نعم","دايما خد بالك ان الرقم اللى هيعرضو عليك الHR ال مره 
هو قابل للزيادة والتفاوض","لا","بونص شهري من 40% الى 55% من الNET .. اوفر تايم حتى لو نصف ساعة .. عربية خاصة الى المنزل بعد ساعات الاوفر تايم .. منحة عيد فى الاعياد ورمضان وكرتونة رمضان والمدارس","Bachelor's","8","نعم","2026-07-16T00:00:00.000Z"
"2be5ea1d-73d3-4ab7-8d87-27475057e55e","Mechanical","السعودية","الدمام","5","Industrial","Office","SAR","13000","لا","لا","لا","لا","ربما",,"نعم",,"Bachelor's","8","نعم","2026-07-16T00:00:00.000Z"
"2b930d30-7050-43a9-b154-8bc8527ac299","Mechanical","مصر","القاهرة","15","Main Contractor","Office","EGP","65000","لا","لا","نعم","ربما","نعم",,"لا",,"Bachelor's","8","نعم","2026-07-16T00:00:00.000Z"
"2b78ee3e-aef1-41f9-bacd-4d59dc410fe4","Mechanical","مصر","القاهرة","3","Facility Management","Site","EGP","24000","لا","لا","نعم","لا","نعم",,"لا",,"Bachelor's","8","نعم","2026-07-16T00:00:00.000Z"
"2b2ab36f-b2ec-4552-8a74-3f465dcc93d2","Electrical","مصر","العاشر من رمضان","5","Industrial","Site","EGP","25000","لا","نعم","لا","نعم","ربما","اعرف سعرك في السوق كام ، ومتوسط الرواتب ف المكان اللي انت مقدم عليه وضبف هايهم المارجين المناسب","لا","تامين اجتماعي وطبي جيدين","Bachelor's","8","نعم","2026-07-16T00:00:00.000Z"
"2b0a3477-aea2-405c-8fc2-0edf087f2cdd","Mechanical","مصر","السويس","5","Sub-Contractor","Site","EGP","35000","نعم","نعم","نعم","نعم","نعم","اعرف حجم شركتك ومسؤولياتك في العمل ولا تقلل من قدرك واطلب اللي تستحقه","لا",,"Bachelor's","8","نعم","2026-07-16T00:00:00.000Z"
"2b0a105a-7d46-4829-9e51-6acd27dd387a","Mechanical","السعودية","الرياض","7","Sub-Contractor","Site","SAR","7000","لا","نعم","نعم","ربما","نعم",,"لا",,"Bachelor's","9","لا  الجمعة فقط","2026-07-16T00:00:00.000Z"
"2a9fbbd5-f3f5-46e6-8383-044d02fa2580","Mechanical","مصر","القاهرة","4","Consultant","Office","EGP","27000","لا","لا","لا","نعم","نعم","أنا عاوز اللى ينصحنى","لا",,"Bachelor's","8","نعم","2026-07-16T00:00:00.000Z"
"2a8ff008-a60a-4e06-a0b0-c4a48b4ed2d7","Mechanical","مصر","القاهرة","3","Main Contractor","Site","EGP","23000","نعم","نعم","لا","لا","نعم",,"لا",,"Bachelor's","11","لا  الجمعة فقط","2026-07-16T00:00:00.000Z"
"2a33a243-435a-4d2a-b71d-0ab541d0c7c1","Mechanical","السعودية","الرياض","6","Consultant","Site","SAR","6000","نعم","نعم","لا","لا","لا",,"لا",,"Bachelor's","8","لا  الجمعة فقط","2026-07-16T00:00:00.000Z"
"2a254be3-1de6-4170-9367-5f6d8f611e12","Mechanical","مصر","القاهرة","4","Sub-Contractor","Site","EGP","14000","لا","نعم","لا","لا","لا",,"نعم",,"Bachelor's","7","نعم","2026-07-16T00:00:00.000Z"
"2a076c9c-abf9-4124-ad8f-db8800b7fd58","Maintenance planner","مصر","العاشر من رمضان","8","Industrial","Office","EGP","30000","لا","نعم","نعم","لا","لا",,"لا",,"Bachelor's","9","نعم","2026-07-16T00:00:00.000Z"
"2a053cb6-61ec-4788-985a-1f04f3466ad3","Architecture","مصر","مطروح","5","Construction","Site","EGP","16000","نعم","نعم","نعم","لا","نعم",,"لا","تأمين صحي وتأمين اجتماعي","Bachelor's","8","لا  الجمعة فقط","2026-07-16T00:00:00.000Z"
"299a8698-b311-4c42-bbed-fa94e11851ed","Mechanical","مصر","القاهرة","1","Consultant","Office","EGP","16000","لا","لا","نعم","لا","نعم",,"نعم",,"Bachelor's","8","نعم","2026-07-16T00:00:00.000Z"
"298bfbe5-e92b-4af4-ba79-8e042a80b6db","Mechanical","السعودية","الرياض","17","Main Contractor","Site","SAR","11000","لا","نعم","لا","لا","لا",,"نعم",,"Master's","8","لا  الجمعة فقط","2026-07-16T00:00:00.000Z"
"2988a286-64cf-4537-ab99-1288168f82b5","Mechanical","مصر","القليوبية","9","Industrial","Office","EGP","13000","لا","نعم","نعم","لا","نعم",,"لا","وجبه ومواصلات","Bachelor's","9","نعم","2026-07-16T00:00:00.000Z"
"296a0d2c-3b20-4c6a-a750-5603859c7666","مساح","مصر","القاهرة","3","مكتب مساحه","Office","EGP","6000","نعم","لا","لا","لا","لا","بلاش تشتغل في مكتب","نعم","مفيش","Bachelor's","8","لا  الجمعة فقط","2026-07-16T00:00:00.000Z"
"29598e5e-d29d-4d23-8b26-463b156751f3","Mechanical","مصر","القاهرة","3","Consultant","Office","EGP","32000","لا","لا","نعم","نعم","نعم",,"لا",,"Bachelor's","9","نعم","2026-07-16T00:00:00.000Z"
"290cb551-89db-4588-baf2-efcab9395177","Mechanical","مصر","القاهرة","2","Sub-Contractor","Hybrid","EGP","17000","لا","لا","نعم","ربما","ربما",,"لا",,"Bachelor's","9","لا  الجمعة فقط","2026-07-16T00:00:00.000Z"
"290abfb1-07a3-4add-9ca2-e4e818b34cd7","Electrical","مصر","القاهرة","7","Main Contractor","Office","EGP","55000","لا","لا","لا","ربما","نعم",,"نعم","Over time","Bachelor's","9","نعم","2026-07-16T00:00:00.000Z"
"28c9b529-6884-422e-b590-5f2f75a6a96b","Mechanical","السعودية","الرياض","8","Main Contractor","Office","SAR","11000","لا","لا","لا","ربما","نعم","فىىالسعودية بيطلب بيان الراتب من مدد فحاول تقول الأساسي وترمى بدلات فوقيه","لا","N/A","Bachelor's","8","لا  الجمعة فقط","2026-07-16T00:00:00.000Z"
"28ab038d-474e-4c65-b169-bda279c896d0","Mechanical","السعودية","مكه","7","Main Contractor","Office","SAR","14500","لا","لا","نعم","لا","نعم","All person should estimate himself well, and negotiated in all terms","لا","2 days work from home","Bachelor's","7","لا  الجمعة فقط","2026-07-16T00:00:00.000Z"
"289f0e32-915e-4a89-a3db-76af8fc28592","BIM","مصر","القاهرة","1","Consultant","Office","EGP","17000","لا","لا","لا","لا","نعم",,"لا","لا يوجد","Bachelor's","8","نعم","2026-07-16T00:00:00.000Z"
"28833fa6-5b04-4c64-90c2-05031068b05b","Mechanical","السعودية","الرياض","4","Consultant","Office","SAR","6500","نعم","نعم","لا","ربما","نعم",,"لا",,"Bachelor's","8","نعم","2026-07-16T00:00:00.000Z"
"28702b27-2d10-4e38-809a-098370a82ebf","Agricultural engineering","مصر","القاهرة","7","Facility Management","Site","EGP","12000","نعم","نعم","لا","لا","نعم",,"نعم",,"Bachelor's","12","نعم","2026-07-16T00:00:00.000Z"
"2849d9bd-e0c5-44ac-b34c-98ff21361b2f","Structural","مصر","القاهرة","15","Developer","Site","EGP","60000","نعم","نعم","لا","نعم","نعم",,"نعم",,"Bachelor's","8","نعم","2026-07-16T00:00:00.000Z"
"2845714c-fce1-469a-87f1-59725b63b28d","Electrical","مصر","القاهرة","6","Main Contractor","Site","EGP","6000","نعم","نعم","نعم","لا","لا",,"نعم",,"Bachelor's","9","نعم","2026-07-16T00:00:00.000Z"
"281668f1-a1cd-42be-943f-8536c458daef","Mechanical","مصر","Alexandria","1","Main Contractor","Office","EGP","14500","نعم","نعم","لا","لا","نعم","خليك واضح وصريح وقدر نفسك كويس طالما عندك خبرة وهتفيد المكان واختار مكان كويس قدر الإمكان","لا","مفيش ببخصموا ضرائب على المرتب ومفيش تأمين طبي ولا اجتماعي","Bachelor's","8","لا  الجمعة فقط","2026-07-16T00:00:00.000Z"
"27f24c4b-df89-4884-8027-c85b89bb741e","Mechanical","مصر","القاهرة","5","Main Contractor","Site","EGP","18000","نعم","لا","لا","لا","نعم",".","نعم","الاضافى يحسب وهناك مواصلة فى الصباح فقط","Bachelor's","8","لا  الجمعة فقط","2026-07-16T00:00:00.000Z"
"27f1c1e5-728d-4dbd-9e3f-437d92ff9827","BIM","مصر","القاهرة","9","BIM Service","Office","EGP","42000","لا","لا","لا","لا","نعم","لازم الراتب يكون أعلي من الراتب الفعلي بنسبة ٣٠٪ مع العلم في حالة تطبيق زيادة سنوية و ٤٠٪ لو مش في حساب الزيادة السنوية ده علي الأقل وده لرينج المرتبات تحت ٥٠ ألف جنيه","نعم",,"Bachelor's","9","نعم","2026-07-16T00:00:00.000Z"
"27ef4c91-e2e5-41cc-a6bd-d66749fe845a","Irrigation","مصر","توشكي","2","Agriculture","Site","EGP","13600","نعم","نعم","نعم","لا","ربما","يتطلب فيما لا يقل عن 17000","نعم","سكن متطلبات المعيشة اكل وشرب","Bachelor's","8",,"2026-07-16T00:00:00.000Z"
"279097f9-5cde-42e5-962b-75be1a911403","Mechanical","مصر","القاهرة","1","Consultant","Office","EGP","12000","لا","لا","لا","لا","نعم","نصيحتي لو لسه فريش في المجال أو بتعمل شيفت من إنتاج زيي تمام ، عشان المكتب مش بيعين خبره، رنج المرتبات مش بيعدي 16000 لو خبره سنه فيما فوق، غير ان الاغلب بيمشي قبل السنه","نعم","مافيش اي امتيازات المرتب شامل و بدون اي تامينات","Bachelor's","8","نعم","2026-07-16T00:00:00.000Z"
"278aae4f-16fe-494b-a536-aec289acfb59","Mechanical","السعودية","الرياض","5","Sub-Contractor","Site","SAR","5500","نعم","نعم","لا","لا","نعم",,"لا","لايوجد","Bachelor's","8","لا  الجمعة فقط","2026-07-16T00:00:00.000Z"
"27653028-8516-41fb-a17b-e149b049a363","Process engineer","مصر","Gharbia","1","Government","Site","EGP","6000","لا","لا","نعم","لا","ربما","معرفش الصراحه","لا","قريبه من البيت مفيش امتيازات غير كدا","Bachelor's","8","نعم","2026-07-16T00:00:00.000Z"
"275870b9-95fd-429a-977f-8c9e55638ee8","Electrical","مصر","الفيوم","8","Facility Management","Site","EGP","15000","نعم","لا","لا","لا","نعم",,"نعم",,"Bachelor's","10","لا  الجمعة فقط","2026-07-16T00:00:00.000Z"
"274671e4-7de8-47b3-b21b-c489a11de80b","Mechanical","مصر","القاهرة","3","Sub-Contractor","Site","EGP","21500","لا","نعم","نعم","ربما","نعم",,"لا",,"Bachelor's","8","لا  الجمعة فقط","2026-07-16T00:00:00.000Z"
"27372ff5-8a87-4489-9c86-cec51f66f5cc","Electrical","مصر","القاهرة","1","Main Contractor","Site","EGP","14000","نعم","نعم","لا","ربما","نعم",,"لا",,"Bachelor's","8","لا  الجمعة فقط","2026-07-16T00:00:00.000Z"
"272c7c99-2758-4bbd-95db-5cc98cb5bcd2","Electrical","مصر","القاهرة","16","Government","Hybrid","EGP","9000","لا","نعم","نعم","لا","لا","متجيش عندنا","لا","لا","Bachelor's","7","لا  الجمعة فقط","2026-07-16T00:00:00.000Z"
"2714a4c6-3c7d-4a3a-8ce0-70dec41871fb","Structural","مصر","Alexandria","3","Consultant","Site","EGP","18000","لا","لا","لا","ربما","لا",,"لا",,"Bachelor's","8","لا  الجمعة فقط","2026-07-16T00:00:00.000Z"
"26c862a9-7590-4c98-82a1-955d0de3cb96","Mechanical","مصر","القاهرة","2","Consultant","Hybrid","EGP","20000","لا","نعم","لا","نعم","نعم",,"لا",,"Bachelor's","8","نعم","2026-07-16T00:00:00.000Z"
"26b3e3ee-b050-451d-a78d-fc82f25ae316","Mechanical","مصر","القاهرة","2","Consultant","Office","EGP","24000","لا","لا","لا","ربما","نعم","يبقى واثق من نفسه ومن قدراته ويحسب الراتب الصافى بعد مواصلات وسكن ويشوف الراتب المناسب","لا","بالنسبالى مفيش امتياز غير الراتب لانه يعتبر 130% من الشغل القديم","Bachelor's","9","نعم","2026-07-16T00:00:00.000Z"
"26a23fd2-de5a-42ae-9fcb-648f4f95ac62","Electrical","مصر","دمياط","16","Government","Site","EGP","13000","لا","نعم","نعم","لا","لا","لا تقل من نفسك","نعم","معاش علاج","Bachelor's","10","نعم","2026-07-16T00:00:00.000Z"
"26921f66-0691-4e7b-af23-07041d078542","BIM","الاردن","عمان","2","Consultant","Office","JOD","550","لا","لا","نعم","ربما","ربما",,"لا","-","Bachelor's","9","نعم","2026-07-16T00:00:00.000Z"
"267daa66-0ea5-4367-80a9-6c0cbb424cbd","Mechanical","مصر","القاهرة","1","Main Contractor","Office","EGP","15000","لا","لا","نعم","نعم","نعم",,"لا",,"Bachelor's","8","لا  الجمعة فقط","2026-07-16T00:00:00.000Z"
"265784c4-b589-4c54-b751-028603bc1981","Architecture","مصر","القاهرة","4","Manufacturer","Site","EGP","14800","لا","نعم","لا","لا","لا","hh","نعم","حضرتك مفيش مناديل في الحمامات تقولي امتيازات 😂","Bachelor's","9","نعم","2026-07-16T00:00:00.000Z"
"2633eddd-217f-4592-928d-a2d1b412e5ba","Mechanical","مصر","القاهرة","2","Manufacturer","Hybrid","EGP","17000","لا","لا","لا","لا","نعم",,"لا",,"Bachelor's","9","نعم","2026-07-16T00:00:00.000Z"
"262d9129-1044-4c67-8a68-fe3c47c4638c","Mechanical","مصر","اسكندريه","1","Manufacturer","Office","EGP","8000","لا","نعم","نعم","نعم","نعم",,"لا",,"Bachelor's","6","لا  الجمعة فقط","2026-07-16T00:00:00.000Z"
"26184f5d-4efa-4a33-8edd-c7d68a26be91","Mechanical","مصر","القاهرة","2","Consultant","Office","EGP","25000","لا","لا","لا","نعم","نعم",,"لا",,"Bachelor's","8","نعم","2026-07-16T00:00:00.000Z"
"260eff7c-8441-43c1-a371-c04bfec778e0","Electrical","مصر","الشرقية","2","Industrial","Office","EGP","9500","نعم","نعم","لا","لا","لا","اطلب اعلي رقم عشان هو بيسخف بيه الارض","نعم","علاوات","Bachelor's","9","نعم","2026-07-16T00:00:00.000Z"
"25f2d266-ee5d-47eb-806b-d64533f3ca88","Mechanical","مصر","القاهرة","5","Main Contractor","Site","EGP","28000","نعم","نعم","لا","ربما","نعم",,"لا",,"Bachelor's","8","لا  الجمعة فقط","2026-07-16T00:00:00.000Z"
"25ea2e67-db19-4aaa-bad6-7bf04c26581f","Electrical","مصر","القاهرة","3","Main Contractor","Office","EGP","29000","نعم","لا","نعم","نعم","نعم","لا يقل عن ٢٨٠٠٠","لا","بونص شهرين في السنة","Bachelor's","8","نعم","2026-07-16T00:00:00.000Z"
"259d65b2-721d-47b9-8fc9-4cb2245b86ab","Mechanical","مصر","القاهرة","10","Main Contractor","Office","EGP","30000","لا","لا","نعم","نعم","نعم",,"نعم",,"Bachelor's","8","نعم","2026-07-16T00:00:00.000Z"
"2598b9ff-9b09-41d6-9f75-4a84d0a4136c","Mechanical","مصر","القاهرة","2","Consultant","Office","EGP","18000","لا","لا","لا","لا","نعم",,"لا",,"Bachelor's","9","لا  الجمعة فقط","2026-07-16T00:00:00.000Z"
"2594f770-fabc-4c11-9f61-60c02339c4b4","Structural","مصر","القاهرة","7","Main Contractor","Site","EGP","18000","لا","نعم","لا","لا","لا",,"لا",,"Bachelor's","8","لا  الجمعة فقط","2026-07-16T00:00:00.000Z"
"25939903-2421-43c4-ba5e-1587a0fb4781","Mechanical","مصر","القاهرة","1","Consultant","Site","EGP","9000","لا","نعم","نعم","لا","ربما",,"لا",,"Bachelor's","8","لا  الجمعة فقط","2026-07-16T00:00:00.000Z"
"258ccba8-56ab-4da9-bf87-1ed2d0a888ed","Electrical","مصر","نجع حمادي","5","Main Contractor","Site","EGP","27500","نعم","نعم","لا","لا","نعم",,"لا",,"Bachelor's","9","لا  الجمعة فقط","2026-07-16T00:00:00.000Z"
"253cfebf-78c3-41b1-b001-95fa9cd574ea","Electrical","السعودية","الرياض","5","Power solution","Site","SAR","15000","لا","نعم","نعم","نعم","نعم",,"لا",,"Bachelor's","11","لا  الجمعة فقط","2026-07-16T00:00:00.000Z"
"2529a7c8-afad-45c1-892a-b97f59d0c264","Mechanical","مصر","القاهرة","4","Consultant","Office","EGP","21400","لا","لا","لا","لا","نعم",,"لا",,"Bachelor's","8","نعم","2026-07-16T00:00:00.000Z"
"25299b12-7528-4f69-83ad-6b6bee588ed3","Mechanical","السعودية","الرياض","2","Consultant","Site","SAR","4000","نعم","نعم","لا","لا","لا","متتنازلش عن حقك","لا","لا","Bachelor's","9","لا  الجمعة فقط","2026-07-16T00:00:00.000Z"
"2500cfff-cd3c-4268-a6bb-a6faaaf2db2c","Mechanical","مصر","القاهرة","1","Consultant","Office","EGP","15000","لا","لا","لا","نعم","نعم",,"لا",,"Bachelor's","9","نعم","2026-07-16T00:00:00.000Z"
"24e93293-6be4-4a39-bb71-107842b5dc91","Mechanical","مصر","القاهرة","6","Consultant","Office","USD","950","لا","لا","لا","ربما","نعم","المهندسين نفس سنوات الخبرة لكن تعيينات جديدة اعلى من الرقم اللي مكتوب بس عشان جايين بعد الزيادة النصيحة قدر امكانياتك مضبوط و اطلب على حسب امكانياتك و ادرس الشركة اللي انت رايحها كويس و اسأل حد شغال جوا من على لنكد ان و هتعرف الرينجات كام و بالتوفيق للجميع و ربنا يبارك لنا كلنا يا رب","لا","Overtime","Bachelor's","9","نعم","2026-07-16T00:00:00.000Z"
"24ad02e7-b784-404b-b1e8-1968bc7159fe","Structural","مصر","القاهرة","9","Main Contractor","Site","EGP","25000","نعم","نعم","لا","لا","لا",,"نعم","لا يوجد","Bachelor's","8","لا  الجمعة فقط","2026-07-16T00:00:00.000Z"
"24a6a312-abfe-46a6-9b42-64a82183e53c","Structural","مصر","القاهرة","12","Main Contractor","Office","EGP","33000","لا","لا","نعم","لا","نعم",,"نعم",,"Bachelor's","9","نعم","2026-07-16T00:00:00.000Z"
"249f06ed-ca81-4b03-9c68-32f8ccf76d2a","BIM","مصر","القاهرة","7","Main Contractor","Office","EGP","45000","لا","لا","نعم","ربما","نعم","أنه يتفاوض على أعلى سعر سمعه فى السوق و لو هو حد شاطر جدا هيتفاوضوا معاه","لا",,"Bachelor's","8","نعم","2026-07-16T00:00:00.000Z"
"2493d6c0-0845-4afc-b9cb-8f51a6633ea7","Electrical","مصر","القاهرة","6","Sub-Contractor","Hybrid","EGP","22000","نعم","نعم","نعم","لا","لا",,"لا",,"Bachelor's","8","نعم","2026-07-16T00:00:00.000Z"
"24552343-e0d4-47a5-8c33-81e95e8db2fa","Mechanical","مصر","القاهرة","3","Main Contractor","Site","EGP","15000","نعم","نعم","لا","لا","لا",,"لا",,"Bachelor's","8","لا  الجمعة فقط","2026-07-16T00:00:00.000Z"
"243def31-a3fe-49fd-848f-ebcc046b8a93","Structural","مصر","سوهاج","2","Sub-Contractor","Site","EGP","7000","لا","نعم","لا","ربما","ربما",,"لا",,"Bachelor's","9","لا  الجمعة فقط","2026-07-16T00:00:00.000Z"
"23e34cb5-0a41-4569-b053-81b6f9546919","Mechanical","مصر","القاهرة","0","Government","Site","EGP","13500","نعم","نعم","نعم","لا","نعم","لا تهمل فى حقك","نعم","تدريبات خارج مصر","Bachelor's","7","نعم","2026-07-16T00:00:00.000Z"
"23788c42-5c6c-42de-801f-af631e0673e4","Architecture","مصر","القاهرة","2","Consultant","Office","EGP","16000","لا","نعم","لا","ربما","نعم",,"نعم",,"Bachelor's","9","نعم","2026-07-16T00:00:00.000Z"
"23109fd8-1220-4e2f-82a6-f1e4eb5333fd","Mechanical","مصر","القاهرة","15","Consultant","Site","EGP","33000","لا","نعم","لا","لا","نعم",,"نعم",,"Bachelor's","8","لا  الجمعة فقط","2026-07-16T00:00:00.000Z"
"230285d0-beb6-468c-84fc-f0aefedfc377","Mechanical","مصر","القاهرة","14","Consultant","Office","EGP","120000","لا","لا","لا","ربما","نعم",,"نعم",,"Bachelor's","9","نعم","2026-07-16T00:00:00.000Z"
"22f9b7e1-73e1-4909-9556-75cd52caa8c4","Mechanical","السعودية","أبها","14","Sub-Contractor","Site","SAR","17000","لا","لا","لا","لا","لا","امسك في الرقم اللي انت عايزه عشان الشركات كلها بقت بتستنصح و بيفشخوا الواحد في الشغل","نعم",,"Bachelor's","9","لا  الجمعة فقط","2026-07-16T00:00:00.000Z"
"22defa0f-d292-44ea-9c93-a28d96243645","Mechanical","مصر","القاهرة","5","Main Contractor","Office","EGP","36000","لا","لا","نعم","لا","نعم",,"لا",,"Bachelor's","9","نعم","2026-07-16T00:00:00.000Z"
"22cf3ec3-8390-4ec7-b43d-fc42d48e71bb","Mechanical","مصر","العاشر من رمضان","2","Industrial","Site","EGP","14000","لا","نعم","نعم","لا","لا",,"لا","لا يوجد","Bachelor's","9","نعم","2026-07-16T00:00:00.000Z"
"22c1a02b-ec1c-443e-857b-ef76c794723b","Mechanical","مصر","القاهرة","1","Industrial","Hybrid","EGP","22000","لا","نعم","نعم","ربما","نعم",,"لا",,"Bachelor's","9","لا  الجمعة فقط","2026-07-16T00:00:00.000Z"
"225c6ea6-1476-4019-8b3e-2b7e156f4efd","Mechanical","السعودية","الرياض","8","Main Contractor","Site","SAR","9500","لا","نعم","لا","لا","نعم","ادخل قوي وبراتب قوي رح تضل تزيد مع الخبرة والشغل تدخل ضعيف رح تضل صعيف لحد ما تشوف شركة ثانية","لا","تذاكر ينوبة اك وللزوجة وطفلين","Bachelor's","9","لا  الجمعة فقط","2026-07-16T00:00:00.000Z"
"2223e18f-4547-4cd6-8130-b9c2c8091c62","Structural","مصر","راس الحكمة","10","PMC","Hybrid","EGP","45000","نعم","نعم","لا","ربما","ربما","عدم التنازل عن الراتب الذي تراه مناسب لخبراتك وكفائتك","لا","تأمين صحي واجتماعى انتقالات من مكان العنل والي القاهر والاسكندره   سكن فردى","Bachelor's","8","نعم","2026-07-16T00:00:00.000Z"
"21d75b33-c34a-4e62-9f24-b724269ebecf","Mechanical","مصر","القاهرة","3","Main Contractor","Office","EGP","33500","لا","نعم","نعم","نعم","نعم","ده رزق ربنا، حته التفاوض ده توفيق مش اكتر، انا دفعة 2023 والله انا في الانترفيوا طلبت من الشركة 25الف لاقيتهم باعتولي الأوفر 30الف غير البونص وغير انهم متوفرين المواصلات وهي شركه مصرية عادي","لا",,"Bachelor's","9","لا  الجمعة فقط","2026-07-16T00:00:00.000Z"
"21654b62-9232-4616-9de9-388464ef2ba0","Mechanical","مصر","شرم الشيخ","5","Facility Management","Site","EGP","50000","نعم","نعم","نعم","نعم","نعم","70k","نعم",,"Bachelor's","12","لا  الجمعة فقط","2026-07-16T00:00:00.000Z"
"215be4cc-7659-479f-b6ac-c1b0150d324b","Mechanical","مصر","القاهرة","1","Consultant","Office","EGP","25000","نعم","لا","نعم","ربما","ربما",,"نعم",,"Bachelor's","10","لا  الجمعة فقط","2026-07-16T00:00:00.000Z"
"21372e75-51e3-4e43-83d7-fafaffee6f46","Mechanical","مصر","القاهرة","4","Sub-Contractor","Office","EGP","22000","نعم","لا","لا","لا","ربما",,"نعم","اذا كان هناك ضغط عمل فى بعض ايام الشهر نحصل على بونص نصف شهى بحد ادنى","Bachelor's","7","نعم","2026-07-16T00:00:00.000Z"
"212c5913-e408-4274-9976-a3ac5223f279","Mechanical","مصر","القاهرة","1","Consultant","Site","EGP","15000","نعم","نعم","لا","ربما","ربما",,"لا",,"Bachelor's","9",,"2026-07-16T00:00:00.000Z"
"212c25a4-0f12-497d-9438-6fbe0ae63253","Structural","مصر","القاهرة","1","Developer","Site","EGP","10000","لا","لا","لا","لا","لا",,"لا",,"Bachelor's","8","لا  الجمعة فقط","2026-07-16T00:00:00.000Z"
"212b3540-3374-47bd-9fec-618dac897b8c","Electrical","مصر","الصحراء الغربيه","6","Main Contractor","Site","EGP","35000","نعم","نعم","نعم","لا","لا","الشركه بتمصًدمك حرفيا لان ده ميجيش ١/١٠ اللي بيدفعوا الاونر","نعم","شغالين ١٤ يوم جبل و ١٤ يوم احازه","Bachelor's","12","نعم","2026-07-16T00:00:00.000Z"
"210c08ec-879b-4774-9bc1-cfd7ee4f303e","Structural","مصر","القاهرة","2","Sub-Contractor","Office","EGP","19000","نعم","لا","نعم","ربما","نعم","يكون عندو ثقة في نفسه بدايه من لبس كويس في المقابلة ويسوق لنفسة بالشغل اللي بيعملوا ويكون مهندب في الكلام حتى لو صاحب العمل بيتفاوض معاه برقم اقل من اللي هو عايزة","لا","منتظمة ف الرواتب يوم واحد في الشهر القبض بينزل","Bachelor's","8","نعم","2026-07-16T00:00:00.000Z"
"20a570b5-f179-4467-8182-ec5154d40ad8","Mechanical","مصر","القاهرة","3","Main Contractor","Office","EGP","35000","نعم","نعم","نعم","نعم","نعم","اولا اليقين انا ما تريده وتطلبه هو من الله فقط ايا كان والشركة سبب، ثانيا ثق انك تستحق ما تطلب","نعم",,"Bachelor's","8","نعم","2026-07-16T00:00:00.000Z"
"2067d4ba-a3d0-4df4-9337-5e181e81c7bf","BIM","الامارات","دبي","3","Consultant","Office","AED","6000","لا","لا","لا","لا","نعم",,"لا",,"Bachelor's","10","نعم","2026-07-16T00:00:00.000Z"
"205837ab-124a-4593-b09b-174a7c2ccd0d","Structural","مصر","القاهرة","1","Industrial","Office","EGP","16000","لا","لا","لا","نعم","نعم",,"لا",,"Bachelor's","10","نعم","2026-07-16T00:00:00.000Z"
"203fd44c-0779-45dc-bd46-8e6228c9471d","Mechanical","مصر","القاهرة","1","Consultant","Office","EGP","18000","لا","لا","لا","ربما","ربما",,"لا",,"Bachelor's","8","نعم","2026-07-16T00:00:00.000Z"
"202d9cd7-e255-4582-befc-08b0af3613e6","Mechanical","مصر","القاهرة","1","Sub-Contractor","Office","EGP","15000","لا","لا","نعم","لا","نعم",,"لا","تامين اجتماعي","Bachelor's","8","نعم","2026-07-16T00:00:00.000Z"
"200432c2-2af6-4121-b1fc-0e359eca3feb","BIM","مصر","القاهرة","3","BIM Consultant","Office","USD","600","لا","لا","لا","ربما","ربما","انا دفعة 23 و المفروض التفاوض يكون علي رقم أعلي من المتوقع 
يعني لو انت مقدم علي وظيفة حالياً اطلب 45 ألف و بعدها انزل لحد 40 ألف و متنزلش أقل من كده","نعم","لا يوجد","Bachelor's","8","نعم","2026-07-16T00:00:00.000Z"
"1fffe09d-5944-4a7a-8131-47879201942e","Mechanical","مصر","القاهرة","6","Main Contractor","Office","EGP","35000","لا","نعم","نعم","لا","نعم",,"نعم",,"Bachelor's","8","نعم","2026-07-16T00:00:00.000Z"
"1fe3b9a6-e5c9-4ee6-9223-43883e56d4af","Mechanical","مصر","القاهرة","6","Main Contractor","Hybrid","EGP","10000","نعم","نعم","نعم","لا","لا",,"لا",,"Bachelor's","8","نعم","2026-07-16T00:00:00.000Z"
"1fc72dc8-b62e-42d6-88a8-5f5189abdb75","Mechanical","سوريا","دمشق","3","HVAC","From Home","USD","300","لا","لا","لا","لا","ربما","لا تنسق ابدا","نعم","لا شيء","Bachelor's","6","لا  الجمعة فقط","2026-07-16T00:00:00.000Z"
"1fb1ff71-fa55-4ebb-837d-012a4678b044","Mechanical","الامارات","العين","10","Sub-Contractor","Site","AED","14500","لا","لا","لا","ربما","ربما",,"لا",,"Bachelor's","8","لا  الجمعة فقط","2026-07-16T00:00:00.000Z"
"1f94b579-0654-4dc9-8f20-50cc8d24dbd8","Electrical","السعودية","الرياض","10","Sub-Contractor","Office","SAR","10000","لا","لا","نعم","لا","نعم",,"لا",,"Bachelor's","8","نعم","2026-07-16T00:00:00.000Z"
"1f8e1075-a9c2-459a-a833-8d72a21c3116","Mechanical","مصر","العلمين","14","Main Contractor","Site","EGP","60000","نعم","نعم","لا","لا","نعم","السؤال الجيد قبل التعيين  والتفاوض","نعم","تامين طبي خاص","Master's","10","لا  الجمعة فقط","2026-07-16T00:00:00.000Z"
"1f79bfbc-c07c-4f19-a405-930f60ebc898","Electrical","مصر","القاهرة","1","Supervision Consultant","Site","EGP","15000","لا","لا","لا","ربما","نعم","يحسب السكن والمواصلات والفلوس اللي هيصرفها الاول","لا","وقت فاضي كتير تقدر تكمل فيه اي كورس انت محتاجه علشان تتحىك لمكان افضل","Bachelor's","8","لا  الجمعة فقط","2026-07-16T00:00:00.000Z"
"1f653d09-dc89-4fa7-be34-639d109bb469","Electrical","مصر","المنوفيه","2","Consultant","Hybrid","EGP","10000","لا","نعم","نعم","لا","نعم",,"لا","مكافأة عند صرف اي مستخلص","Bachelor's","8","لا  الجمعة فقط","2026-07-16T00:00:00.000Z"
"1f2d0f63-2c64-4e29-9a73-42743bf655c9","Mechanical","مصر","القاهرة","5","Main Contractor","Site","EGP","22000","نعم","نعم","نعم","ربما","نعم","الثقة بالنفس هي المفتاح لاي نقاش","لا",,"Bachelor's","8","لا  الجمعة فقط","2026-07-16T00:00:00.000Z"
"1f0a609b-828a-4323-9ae6-b19fa9cfd103","Mechanical","مصر","القاهرة","2","Developer","Site","EGP","15000","نعم","لا","لا","لا","نعم","اطلب رقم متستاش هما يقولوا ليك","لا",".","Bachelor's","9","نعم","2026-07-16T00:00:00.000Z"
"1ed48adc-9834-4cc8-a2b1-103f5f854e0a","Mechanical","مصر","القاهرة","4","Main Contractor","Office","EGP","27000","لا","لا","نعم","لا","نعم","لازم يقول رقم اكبر من اللي هو عايزه لانهم هينزلوه","لا",,"Bachelor's","8","نعم","2026-07-16T00:00:00.000Z"
"1e847ec2-3d10-4577-b2e3-4e46808adb5d","information technology","مصر","القاهرة","5","Industrial","Office","EGP","12000","لا","نعم","لا","لا","لا",,"لا","لايوجد","Bachelor's","9","نعم","2026-07-16T00:00:00.000Z"
"1e5079a7-1fc2-4cf1-ab44-99aea092d605","Mechanical","مصر","North coast","4","Sub-Contractor","Site","EGP","21000","نعم","نعم","لا","لا","ربما",,"لا",,"Bachelor's","10","نعم","2026-07-16T00:00:00.000Z"
"1e185f9a-c16e-4daa-994d-39d41b98189b","Mechanical","السعودية","الرياض","8","Sub-Contractor","Site","SAR","9000","لا","لا","نعم","لا","ربما","لا تقلل من نفسك","لا",,"Bachelor's","9","لا  الجمعة فقط","2026-07-16T00:00:00.000Z"
"1e136a44-64a7-45cc-b7dd-c1bf02a01f4c","BIM","مصر","اسكندرية","4","Main Contractor","Office","EGP","33000","لا","لا","لا","نعم","نعم","اعرف قيمة نفسك","لا",,"Bachelor's","8","نعم","2026-07-16T00:00:00.000Z"
"1e067739-9f3f-477b-b697-6b4975b378e8","Structural","مصر","القاهرة","8","Main Contractor","Site","EGP","32000","لا","نعم","نعم","لا","لا","المرونه اقل من مرتب القائمه ب ١٥ الف مع تحديد رقم ثابت","نعم","تأمين صحي و اجتماعي","Bachelor's","9","لا  الجمعة فقط","2026-07-16T00:00:00.000Z"
"1df9aa82-4335-44dc-9f45-91fcda5933db","Structural","مصر","المنيا","14","Supervision Consultant","Site","EGP","43000","لا","نعم","لا","لا","لا",,"نعم","لأ يوجد","Bachelor's","8","لا  الجمعة فقط","2026-07-16T00:00:00.000Z"
"1dec1fe3-d6ae-45dd-baca-dbcf73333836","Mechanical","مصر","العلمين","1","Consultant","Hybrid","EGP","10000","نعم","نعم","لا","لا","نعم",,"نعم",,"Bachelor's","7","لا  الجمعة فقط","2026-07-16T00:00:00.000Z"
"1d83cdaf-1880-44ca-b21f-44f5499c6f0a","Mechanical","السعودية","الرياض","6","Main Contractor","Site","SAR","9000","لا","لا","لا","ربما","نعم",,"لا",,"Bachelor's","8","لا  الجمعة فقط","2026-07-16T00:00:00.000Z"
"1d0fe6d8-fbe9-4743-873c-c36d34b53e69","Mechanical","مصر","القاهرة","8","Supervision Consultant","Site","EGP","30000","لا","نعم","لا","ربما","نعم",,"لا",,"Bachelor's","8","نعم","2026-07-16T00:00:00.000Z"
"1d07bcc2-e07d-4fea-a25f-27e3687f3346","Mechanical","مصر","القاهرة","2","Main Contractor","Office","EGP","30000","لا","لا","نعم","نعم","نعم",,"نعم","تأمين طبى عائلى ممتاز وبدل مصاريف مدارس للاطفال","Bachelor's","9","نعم","2026-07-16T00:00:00.000Z"
"1d017ed1-f253-4a25-a480-e16e1ebb4118","Electrical","مصر","القاهرة","14","Consultant","Hybrid","EGP","65000","لا","لا","نعم","ربما","نعم",,"نعم",,"Bachelor's","6","نعم","2026-07-16T00:00:00.000Z"
"1ccaa218-a635-4cb6-831c-612ba127c663","Structural","مصر","القاهرة","3","Main Contractor","Site","EGP","16000","لا","لا","لا","لا","لا","لو عرضت رينج خلي اقل رقم في الرينج دا هوا الرقم اللي بتفكر فيه","نعم","تامين اجتماعي","Bachelor's","8","لا  الجمعة فقط","2026-07-16T00:00:00.000Z"
"1cbaff85-068c-4175-a1a4-ed9cf7264db2","Architecture","مصر","القاهرة","1","Sub-Contractor","Site","EGP","10000","نعم","نعم","لا","لا","نعم",,"نعم",,"Bachelor's","8","لا  الجمعة فقط","2026-07-16T00:00:00.000Z"
"1c9ce1a5-b132-42b3-a700-44a088782cf1","Mechanical","السعودية","الرياض","7","Sub-Contractor","Site","SAR","14000","لا","لا","لا","ربما","نعم","يحاول يعرف تمنه في السوق كام من خلال الانترفيوهات و المعارف و يحاول يعرف متوسط مرتبات الشركة كام و يبدأ التفاوض برقم اعلي منه","لا",,"Bachelor's","9","لا  الجمعة فقط","2026-07-16T00:00:00.000Z"
"1c4bdb1e-5218-458a-9093-0513bf285974","Structural","مصر","القاهرة","13","Consultant","Site","EGP","25000","لا","نعم","لا","لا","لا","عدم الغرور والتأكيد أنك فعلا فنيا كويس وتستحق","نعم","رعايه طبي","Bachelor's","8","لا  الجمعة فقط","2026-07-16T00:00:00.000Z"
"1c360345-0142-4098-8d2d-113d2fc0b31a","Mechanical","مصر","القاهرة","1","Main Contractor","Hybrid","EGP","21100","لا","نعم","نعم","نعم","لا","تسأل على الرينج فى الشركة عشان تعرف تحط رينج وياريت رينج رقم احسن من انك تقول رقم عشان تبين انك flexible","لا","تامين طبي واجتماعي وبونص كل ٣ شهور حسب المبيعات وال kpis وprofit share","Bachelor's","8","نعم","2026-07-16T00:00:00.000Z"
"1bce1e74-5ffb-489a-a666-cb4957ffaf3d","Mechanical","مصر","الاسكندرية","4","Government","Site","EGP","7000","لا","نعم","لا","لا","لا",,"لا",,"Bachelor's","6","لا  الجمعة فقط","2026-07-16T00:00:00.000Z"
"1b60003d-4de7-4b51-8e6f-25d97bd26da5","Mechanical","مصر","القاهرة","2","Main Contractor","Office","EGP","20600","لا","لا","نعم","لا","نعم","يتمسك القايمة","لا","هو البونص بس","Bachelor's","8","نعم","2026-07-16T00:00:00.000Z"
"1b1c3bcd-639d-453e-a211-13662ada14c8","Petroleum","مصر","سيناء","4","Manufacturer","Site","EGP","15000","نعم","نعم","نعم","لا","لا",,"لا",,"Bachelor's","12","لا  الجمعة فقط","2026-07-16T00:00:00.000Z"
"1b04f7da-feca-4bf2-959e-b24c912487b7","Mechanical","السعودية","الرياض","5","Main Contractor","Office","SAR","9000","لا","لا","لا","نعم","لا",,"لا",,"Bachelor's","8","لا  الجمعة فقط","2026-07-16T00:00:00.000Z"
"1ad6a85e-3181-4a9e-89fa-4ec94c5f940e","Structural","مصر","الغردقة","10","مالك لمجموعة فنادق","Hybrid","EGP","34200","نعم","نعم","لا","لا","نعم",,"لا",,"Bachelor's","9","لا  الجمعة فقط","2026-07-16T00:00:00.000Z"
"1acf99d8-22cd-40c1-a185-120787df5ea3","Mechanical","الامارات","ابو ظبي","3","Main Contractor","Hybrid","AED","2500","لا","لا","لا","لا","نعم","اعرف متوسط الرواتب وحدد المسؤليات حتى لا تستنذف فى كل شئ واعلم جيدا اسعار السكن والتنقل","نعم",,"Bachelor's","11","لا  الجمعة فقط","2026-07-16T00:00:00.000Z"
"1acf1ae6-8f85-4d88-a277-e422fe331b0f","Mechanical","السعودية","جدة","2","Consultant","Office","SAR","8000","لا","لا","نعم","لا","نعم",,"نعم",,"Bachelor's","8","نعم","2026-07-16T00:00:00.000Z"
"1ab3050f-73c2-4cef-aa83-d5788448201f","Mechatronics","السعودية","Tabuk","9","Supplier","Site","SAR","14000","نعم","نعم","لا","لا","نعم","لو هيشتغل في تبوك لازم ياخد ١٧ الف وأكثر","لا",,"Bachelor's","9","لا  الجمعة فقط","2026-07-16T00:00:00.000Z"
"1aa9e825-d0ac-4b66-953a-363938b42681","Mechanical","مصر","البحيرة","1","Industrial","Site","EGP","8500","نعم","نعم","لا","لا","لا",,"لا",,"Bachelor's","7","لا  الجمعة فقط","2026-07-16T00:00:00.000Z"
"1aa5148f-2620-45ef-bd96-423a24cf334b","Mechanical","الامارات","ابو ظبي","2","Main Contractor","Office","AED","6000","لا","نعم","لا","نعم","نعم",,"نعم",,"Bachelor's","10","لا  الجمعة فقط","2026-07-16T00:00:00.000Z"
"1a631ca9-0c0f-4060-a1a6-1cc937dcd347","Electrical","السعودية","خميس مشيط","4","Consultant","Hybrid","SAR","7500","لا","نعم","لا","ربما","نعم",,"لا",,"Bachelor's","8","نعم","2026-07-16T00:00:00.000Z"
"1a1b2711-3a09-4333-95bf-8265236045d6","Electrical","مصر","القاهرة","0","Main Contractor","Office","EGP","75000","لا","لا","نعم","ربما","نعم",,"نعم",,"Bachelor's","9","نعم","2026-07-16T00:00:00.000Z"
"1a118f53-cb21-42b5-be4d-1d5f392967b0","Mechanical","السعودية","الرياض","8","Facility Management","Site","SAR","24000","نعم","نعم","لا","نعم","نعم",,"نعم",,"Bachelor's","8","نعم","2026-07-16T00:00:00.000Z"
"19db1d3e-c107-41cb-8adf-47fe1b324517","Mechanical","السعودية","الرياض","9","Sub-Contractor","Site","SAR","8000","لا","لا","نعم","لا","لا",,"لا",,"Bachelor's","9","لا  الجمعة فقط","2026-07-16T00:00:00.000Z"
"19b513ee-7701-4102-9c8a-eb5b10d66f00","Mechanical","مصر","القاهرة","3","Developer","Office","USD","800","لا","لا","لا","نعم","نعم","اعرف اقصى حاجة الشركة تقدر توصلها عشان متطلبش رقم قليل وتندم قدام لان معظم الشركات استحالة يعدلوا المرتب","نعم",,"Bachelor's","9","نعم","2026-07-16T00:00:00.000Z"
"19b0bfab-7492-4197-883e-f6b433539342","Mechanical","مصر","العلمين","7","Main Contractor","Site","EGP","35000","نعم","نعم","نعم","لا","لا",,"لا",,"Bachelor's","10","نعم","2026-07-16T00:00:00.000Z"
"198d050b-9e72-4ff1-b611-9fbf66844e25","Mechanical","السعودية","الرياض","9","Main Contractor","Hybrid","SAR","8000","لا","نعم","نعم","لا","نعم",,"لا",,"Bachelor's","8","لا  الجمعة فقط","2026-07-16T00:00:00.000Z"
"1965a540-75d7-4307-8a0f-c6c1a8363be4","utilities","مصر","القاهرة","1","Government","Hybrid","EGP","11000","نعم","نعم","لا","ربما","ربما",,"لا",,"Bachelor's","8","نعم","2026-07-16T00:00:00.000Z"
"19349c4c-d152-431f-9f7d-5bf255dd8a25","Mechanical","مصر","القاهرة","1","Industrial","Office","EGP","13000","نعم","نعم","لا","لا","لا",,"لا",,"Bachelor's","8","نعم","2026-07-16T00:00:00.000Z"
"192dc896-fea2-49ec-9e01-be6b600109ae","Mechanical","مصر","القاهرة","11","Industrial","Site","EGP","18000","لا","نعم","لا","لا","لا",,"لا",,"Bachelor's","8","لا  الجمعة فقط","2026-07-16T00:00:00.000Z"
"19005b55-1ee4-488f-ab69-eefdada1baf1","Mechanical","مصر","القاهرة","1","Facility Management","Site","EGP","8000","لا","لا","لا","لا","لا",,"لا",,"Bachelor's","12","لا  الجمعة فقط","2026-07-16T00:00:00.000Z"
"18f14f47-7a21-4c8c-a9db-64f565782697","Mechanical","مصر","القاهرة","1","Main Contractor","Office","EGP","10000","لا","لا","لا","لا","ربما",,"لا","حريه اكبر في معاد الوصول للعمل بشرط قضاء ساعات العمل كامله","Bachelor's","8","نعم","2026-07-16T00:00:00.000Z"
"18f00659-f17b-4091-9b5a-b9d5ff5be9be","Electrical","مصر","القاهرة","13","Industrial","Site","EGP","10000","لا","نعم","لا","لا","لا","لا تقبل براتب أقل من 20000 ولو تقدر تشتغل حر يكون افضل","لا","لا يوجد","Bachelor's","8","لا  الجمعة فقط","2026-07-16T00:00:00.000Z"
"18cdfce1-fb22-443b-8ff1-53b34cd95f1f","Mechanical","مصر","الاسكندرية","5","Main Contractor","Site","EGP","20000","نعم","نعم","نعم","ربما","نعم",,"لا","في حالة السفر بدل 50٪ يوميا + وجبة","Bachelor's","8","لا  الجمعة فقط","2026-07-16T00:00:00.000Z"
"18c84c65-81d0-41d5-8c7e-812fde360516","Mechanical","مصر","الاسماعيلية","5","Facility Management","Hybrid","EGP","15500","نعم","نعم","نعم","لا","نعم","يقيم نفسه بشكل جيد جدا و ميتنزلش عن حقه","لا","تقدم منح بقيمة 21000 جنيه مصري لكل عام","Bachelor's","7","نعم","2026-07-16T00:00:00.000Z"
"18c4dcf5-c083-45a3-8dcd-7d7a267497d7","Cost control","مصر","القاهرة","1","Main Contractor","Office","EGP","17000","لا","لا","لا","ربما","نعم",,"لا",,"Bachelor's","8","لا  الجمعة فقط","2026-07-16T00:00:00.000Z"
"18c3ab15-eb50-4bb4-b2eb-9e55225eda32","Mechanical","مصر","الساحل الشمالي","2","Main Contractor","Site","EGP","19700","نعم","لا","لا","لا","ربما","التفاوض علي الراتب ب اوفر تاني اعلي دا بعد متثبت نفسك","لا","تامين صحي واجتماعي بعد 3 شهور صرف حوافر تصل الي 50% من الراتب في المناسبات مثل العيد وبدايه رمضان","Bachelor's",,"لا  الجمعة فقط","2026-07-16T00:00:00.000Z"
"18c3a4fb-3d70-4b35-902b-213b26784dbe","Electrical","مصر","القاهرة","10","Developer","Site","EGP","45000","نعم","نعم","لا","لا","نعم","اعرف قيمة نفسك وقدر نفسك وسيبك من الباقي ممكن حد نفس سنك ونفس خبراتك ولكن هو عندو قدره مش عندك علشان كده هو بياخد اكتر منك","لا",,"PhD","8","لا  الجمعة فقط","2026-07-16T00:00:00.000Z"
"18bdb169-0d82-44f3-8a10-abb642ea0573","Mechanical","مصر","فوكا باي الساحل","1","Main Contractor","Hybrid","EGP","15000","نعم","نعم","نعم","ربما","نعم",,"لا",,"Bachelor's","10","لا  الجمعة فقط","2026-07-16T00:00:00.000Z"
"18bbfe26-4cbc-4ee5-85c9-afe3bdae97bc","Mechanical","مصر","القاهرة","9","Manufacturer","Office","EGP","43000","لا","نعم","لا","لا","ربما",,"نعم","تأمين صحي","Bachelor's","8","نعم","2026-07-16T00:00:00.000Z"
"18b62b9b-8180-4950-b604-1d68194236d3","Mechanical","مصر","القاهرة","2","Facility Management","Site","EGP","25000","لا","لا","نعم","لا","نعم",,"لا","لا يوجد","Bachelor's","8","نعم","2026-07-16T00:00:00.000Z"
"18a424a4-8458-4fea-864e-f36149ac782d","Structural","مصر","القاهرة","8","Main Contractor","Hybrid","EGP","22000","لا","لا","نعم","ربما","نعم","اعرف حقك","لا",,"Bachelor's","7","نعم","2026-07-16T00:00:00.000Z"
"187152c6-5ad7-4184-8d50-a48e32eb6277","Electrical","الامارات","Dubai","5","Consultant","Office","DURHAM","14000","لا","نعم","لا","نعم","نعم",,"لا","You have a working day from home","Bachelor's","9","نعم","2026-07-16T00:00:00.000Z"
"185100a7-4b16-4331-bf15-daa09d9fbbe2","Structural","مصر","اسكندرية","1","Consultant","Office","EGP","11500","لا","لا","لا","نعم","نعم",,"لا","موعد المرتي ثابت لا يتغير","Bachelor's","8","لا  الجمعة فقط","2026-07-16T00:00:00.000Z"
"184ad311-2bc3-49aa-a1c3-aded12b9171e","Architecture","مصر","العلمين الجديده","2","Facility Management","Site","EGP","16000","نعم","لا","نعم","لا","نعم","يطلب ال net 20000","لا","سكن جوه الموقع الي هو بورتو جولف ومفيش اي ميزه اخري","Bachelor's","8","نعم","2026-07-16T00:00:00.000Z"
"17f94293-ea72-407c-b0b0-05a0b219cb9a","Mechanical","مصر","القاهرة","2","Consultant","Office","USD","550","لا","لا","لا","لا","ربما",,"لا",,"Bachelor's","9","نعم","2026-07-16T00:00:00.000Z"
"17e5aff2-a84c-4e52-be5d-54eab0ec5d0e","Mechanical","السعودية","الرياض","8","Main Contractor","Hybrid","SAR","9500","لا","لا","لا","لا","نعم","فاوض بالراتب في بداية دخولك ، لان عمره ماحيزيد وانته شغال معاهم","نعم",,"Bachelor's","8","لا  الجمعة فقط","2026-07-16T00:00:00.000Z"
"17e22c1c-f08e-4996-9481-44dc44578932","Structural","مصر","القاهرة","7","Consultant","Site","EGP","20000","نعم","نعم","لا","ربما","لا",,"نعم",,"Diploma","10","لا  الجمعة فقط","2026-07-16T00:00:00.000Z"
"17ccd2fe-8915-4c39-a210-48301ff335ff","Structural","مصر","القاهرة","10","Main Contractor","Site","EGP","20000","نعم","نعم","لا","لا","لا",,"لا",,"Bachelor's","9","لا  الجمعة فقط","2026-07-16T00:00:00.000Z"
"17878f8e-c0a0-4ec4-b3f2-f2544972b69d","Mechanical","السعودية","المدينة المنورة","17","Consultant","Site","SAR","12000","لا","لا","لا","لا","نعم","15000","لا","لا يوجد","Bachelor's","8","لا  الجمعة فقط","2026-07-16T00:00:00.000Z"
"174ee126-521e-4e5d-a500-45153eb0b820","Mechanical","ليبيا","بنغازي","2","Sub-Contractor","Site","دينار","750","لا","لا","لا","ربما","نعم",,"لا","راحة و احترام و تقدير","Bachelor's","8","نعم","2026-07-16T00:00:00.000Z"
"171bf47e-f5db-419a-9149-843ba81dcf97","Electrical","مصر","القاهرة","2","Industrial","Hybrid","EGP","20000","لا","لا","لا","لا","نعم",,"نعم",,"Bachelor's","8","نعم","2026-07-16T00:00:00.000Z"
"171525db-eed2-43bc-ab38-ea3c658260cc","Electrical","مصر","القاهرة","12","Consultant","Site","EGP","38000","لا","نعم","لا","لا","ربما","اعرف سعرك في السوق اولا
اعرف رينج المرتب من ال HR لو امكن
تفاوض بشكل احترافي","نعم","لسه اول سنه","Bachelor's","8","لا  الجمعة فقط","2026-07-16T00:00:00.000Z"
"1703feed-a6ef-487c-9e55-708ec90297c3","هندسة زراعية","مصر","القاهرة","6","Sub-Contractor","Office","EGP","30000","نعم","لا","لا","نعم","نعم",,"لا",,"Bachelor's","8","لا  الجمعة فقط","2026-07-16T00:00:00.000Z"
"16f43c78-41c3-4530-980b-a0d90905a323","اعمال السلامة الانذار والاطفاء","السعودية","الاحساء","8","Sub-Contractor","Hybrid","SAR","7000","لا","نعم","نعم","لا","نعم","أقل شئ نفس خبرتي 12000","لا","1٪ بونص عن إجمالي المشاريع","Bachelor's",,"لا  الجمعة فقط","2026-07-16T00:00:00.000Z"
"16bfb685-291c-400d-997a-b4fee19ce9e3","Electrical","مصر","العين السخنه","6","Sub-Contractor","Site","EGP","35000","نعم","نعم","نعم","نعم","نعم",,"لا",,"Bachelor's","10","نعم","2026-07-16T00:00:00.000Z"
"16a919b6-07e9-4f5d-a087-4a6cffd931b3","Mechanical","مصر","القاهرة","5","Sub-Contractor","Site","EGP","20000","لا","لا","لا","لا","نعم",,"نعم",,"Bachelor's","8","لا  الجمعة فقط","2026-07-16T00:00:00.000Z"
"16a2c9f4-99f3-460b-b95e-f985bf9b28d1","Mechanical","مصر","القاهرة","1","Sub-Contractor","From Home","EGP","10000","لا","لا","لا","ربما","لا",,"لا",,"Diploma","8","نعم","2026-07-16T00:00:00.000Z"
"167e445b-30b8-4ff9-8ad7-13a0a29b7cb6","IT","مصر","القاهرة","1","Medical","Office","EGP","9000","لا","لا","نعم","لا","ربما",,"لا",,"Bachelor's","8","لا  الجمعة فقط","2026-07-16T00:00:00.000Z"
"1654bb38-b1ba-4baf-810b-12a39ac46fff","Mechanical","مصر","القاهرة","1","Industrial","Office","EGP","7000","لا","نعم","نعم","ربما","ربما",,"لا",,"Bachelor's","8","لا  الجمعة فقط","2026-07-16T00:00:00.000Z"
"1653df46-b759-4650-bb57-f630f0d01682","Mechanical","مصر","القاهرة","8","Facility Management","Hybrid","EGP","30000","لا","لا","نعم","ربما","نعم",,"نعم",,"Bachelor's","8","نعم","2026-07-16T00:00:00.000Z"
"16396f00-db9e-4701-915a-288c45786071","Mechanical","مصر","القاهرة","9","Sub-Contractor","Site","EGP","20000","لا","لا","لا","لا","نعم","يكون واثق من نفسه ومن امكانيته","لا",,"Bachelor's","8","لا  الجمعة فقط","2026-07-16T00:00:00.000Z"
"15e10964-0691-4fec-9304-ac826df92ec8","Mechanical","ليبيا","بنغازي","5","Main Contractor","Site","دينار لي","4000","نعم","نعم","لا","لا","نعم",,"نعم","اعاشة كاملة على الشركة","Bachelor's","8","لا  الجمعة فقط","2026-07-16T00:00:00.000Z"
"155cfeda-d4a8-4808-bccf-efb0a1d62d8b","Mechanical","مصر","Luxor","8","Main Contractor","Site","EGP","40000","لا","نعم","نعم","لا","ربما","لا يقبل بالرواتب اقل من متوسط الرواتب المتفق عليها في الشركات حسنة السمعة ، يكون واثق من نفسه عند طلب الراتب","لا","تأمين طبي ، بدلات مشاريع للمغتربين،","Bachelor's","9","نعم","2026-07-16T00:00:00.000Z"
"14ef33d2-0729-423f-a208-71c4b8993bfe","Mechanical","مصر","القاهرة","7","Consultant","Office","EGP","70000","لا","لا","لا","نعم","نعم","لا تقبل بأقل من إمكانياتك","لا","لا يوجد - معاملة سيئة وضغط مستمر","Bachelor's","8","نعم","2026-07-16T00:00:00.000Z"
"14d48970-e5af-4880-8382-1722d22de45d","Mechanical","مصر","القاهرة","2","Sub-Contractor","Office","EGP","20000","لا","لا","لا","لا","نعم","الثقة تعطي انطباعا جيدا يساعد في تحديد سعر مرضي","نعم",,"Bachelor's","8","نعم","2026-07-16T00:00:00.000Z"
"14bffd5a-5755-47f8-a0f2-a07100af6f8e","Mechanical","مصر","القاهرة","12","Main Contractor","Office","EGP","65000","لا","نعم","نعم","ربما","ربما",,"لا",,"Bachelor's","8","نعم","2026-07-16T00:00:00.000Z"
"1462f7d3-a210-44cc-b25f-3194fac73e1a","Electrical","السعودية","الرياض","9","Main Contractor","Site","SAR","10800","لا","لا","نعم","لا","ربما",,"نعم",,"Bachelor's","9","لا  الجمعة فقط","2026-07-16T00:00:00.000Z"
"144b88ad-c5f9-44e0-9efc-9681580d19bb","Mechanical","مصر","اسكندرية","5","Manufacturer","Hybrid","EGP","25000","لا","نعم","لا","لا","نعم","لا تقلل من قيمتك","لا",,"Bachelor's","9","لا  الجمعة فقط","2026-07-16T00:00:00.000Z"
"142fd1f7-7963-48ff-8e01-4de212be0a45","Mechanical","سوريا","دمشق","3","Industrial","Site","USD","350","لا","لا","لا","ربما","ربما","لا يوجد","لا","لا يوجد","Bachelor's","12","لا  الجمعة فقط","2026-07-16T00:00:00.000Z"
"142dccea-c48f-4ae3-bc35-e55d25b34044","Mechanical","الامارات","العين","7","Sub-Contractor","Site","SAR","8000","لا","نعم","لا","ربما","نعم",,"لا",,"Bachelor's","8","لا  الجمعة فقط","2026-07-16T00:00:00.000Z"
"142ae76f-e710-4100-98f5-a3bd04e01b86","Mechanical","مصر","القاهرة","3","Consultant","Office","EGP","23000","لا","لا","لا","نعم","نعم",,"لا",,"Bachelor's","9","نعم","2026-07-16T00:00:00.000Z"
"1415c3cd-0660-46f9-9eed-e61906667c49","Electrical","مصر","القاهرة","6","Facility Management","Hybrid","EGP","11000","لا","لا","لا","لا","لا","متقبلش بأقل من قيمتك اللي انت شايفها الا لو مضطر فقط لظروف غصب عنك","نعم","لا يوجد","Bachelor's","8","لا  الجمعة فقط","2026-07-16T00:00:00.000Z"
"13fa4d5c-cad6-41fc-bac3-beb949b77280","Mechanical","السعودية","الرياض","7","Sub-Contractor","Site","SAR","9000","لا","لا","لا","لا","نعم",,"لا","لا يوجد","Bachelor's","8","لا  الجمعة فقط","2026-07-16T00:00:00.000Z"
"13be4277-d4f5-4b3d-953a-b342dfc0ea67","Mechanical","مصر","القاهرة","1","Consultant","Site","EGP","13860","نعم","نعم","لا","ربما","نعم",,"لا","Medical insurance","Bachelor's","8","لا  الجمعة فقط","2026-07-16T00:00:00.000Z"
"13693313-e3d9-48dd-ad1a-ec7aafad960e","Mechanical","مصر","القاهرة","5","Consultant","Office","EGP","28000","لا","نعم","لا","لا","نعم",,"لا",,"Bachelor's","8","نعم","2026-07-16T00:00:00.000Z"
"13542016-abed-4c15-8da6-fccd7f0e1d59","Mechanical","مصر","القاهرة","2","Sub-Contractor","Office","EGP","15000","لا","لا","نعم","لا","نعم","21000","لا","لا يوجد للاسف","Bachelor's","8","نعم","2026-07-16T00:00:00.000Z"
"13118c54-ec95-4a59-bc0d-b6ab861c1760","Mechanical","Syria","Damascus","5","Supervision Consultant","Office","USD","500","لا","لا","لا","لا","نعم",,"لا",,"Bachelor's","8","لا  الجمعة فقط","2026-07-16T00:00:00.000Z"
"12c9ef5f-3818-4af2-8c04-b1c59272ea62","Mechanical","السعودية","جدة","4","Sub-Contractor","Site","SAR","5000","لا","لا","نعم","ربما","نعم","إبذل قصاري جهدك في التفاوض عشان الشغل لا يفرق بين راتب عالي ومنخفض كل بيشتغل","لا",,"Bachelor's","8","لا  الجمعة فقط","2026-07-16T00:00:00.000Z"
"12a08f80-9cbb-41e9-a62e-6b7bc7dc9930","Mechanical","مصر","القاهرة","4","Main Contractor","Site","EGP","17000","نعم","نعم","لا","لا","ربما",,"لا",,"Bachelor's","9","لا  الجمعة فقط","2026-07-16T00:00:00.000Z"
"126dd5b3-f175-4c44-a0f2-47b8158b38f2","Structural","مصر","الضبعه","5","Sub-Contractor","Site","EGP","300000","نعم","نعم","لا","لا","لا",,"لا",,"Bachelor's","9","نعم","2026-07-16T00:00:00.000Z"
"1231c6fa-19a5-4536-870e-3345c3265fc6","Mechanical","مصر","القاهرة","10","Main Contractor","Site","EGP","55000","نعم","نعم","نعم","ربما","نعم",,"لا",,"Bachelor's","8","نعم","2026-07-16T00:00:00.000Z"
"1231c129-31a8-481e-ad85-a58b227d4fbf","Mechanical","مصر","القاهرة","3","Consultant","Office","EGP","18000","نعم","لا","نعم","ربما","نعم",,"لا",,"Bachelor's","8","نعم","2026-07-16T00:00:00.000Z"
"122f48f0-73d3-4691-9e09-7a69509652aa","Civil","مصر","القاهرة","3","Consultant","Office","EGP","32500","لا","لا","نعم","ربما","ربما",,"نعم",,"Bachelor's","8.5","نعم","2026-07-16T00:00:00.000Z"
"1226af4b-fdf6-40df-a2f3-137b69d94fc9","Structural","السعودية","مكة","6","Main Contractor","Hybrid","SAR","8000","نعم","نعم","لا","ربما","لا","غلي من نفسك","لا",,"Bachelor's","8","لا  الجمعة فقط","2026-07-16T00:00:00.000Z"
"121f5813-33af-4075-bd0a-069c2c8dcd46","Mechanical","مصر","القاهرة","4","Consultant","Office","EGP","36000","لا","لا","لا","نعم","نعم",,"لا",,"Bachelor's","9","نعم","2026-07-16T00:00:00.000Z"
"118f4a56-5a26-4ace-bcd2-9e7913a34742","Mechanical","مصر","القاهرة","8","Developer","Office","EGP","35000","لا","لا","نعم","ربما","نعم",,"نعم",,"Bachelor's","8","نعم","2026-07-16T00:00:00.000Z"
"1158c931-ce32-4ed3-91cb-882400aade47","Architecture","مصر","القاهرة","11","Government","Hybrid","EGP","15000","لا","نعم","نعم","لا","لا","ابدأ بمرتب عالي ولا تخف","لا",,"Bachelor's","7","نعم","2026-07-16T00:00:00.000Z"
"11409be6-62cf-4ec0-89a1-005bc78a1e2a","Electrical","مصر","القاهرة","1","Facility Management","Site","EGP","8000","نعم","نعم","لا","لا","نعم",,"لا",,"Bachelor's","8","لا  الجمعة فقط","2026-07-16T00:00:00.000Z"
"10885d55-9dc6-4cf3-822d-f62e10701fae","Architecture","مصر","القاهرة","9","Consultant","Site","EGP","50000","لا","نعم","لا","لا","نعم","اعرف قيمة نفسك وقدراتك","لا",,"Bachelor's","8","لا  الجمعة فقط","2026-07-16T00:00:00.000Z"
"104b9591-0227-447b-836c-27e760757b60","BIM","مصر","القاهرة","7","Consultant","Office","EGP","27000","لا","لا","نعم","لا","نعم",,"نعم",,"Bachelor's","8","نعم","2026-07-16T00:00:00.000Z"
"1027e1ea-0d85-4b1b-a910-48fe460cbe41","Mechanical","مصر","القاهرة","2","Consultant","Office","EGP","17000","لا","لا","نعم","ربما","نعم",,"لا",,"Bachelor's","8","نعم","2026-07-16T00:00:00.000Z"
"1020fb05-bd9b-4083-82c3-ffbdd49211bc","Mechanical","مصر","القاهرة","1","Main Contractor","Office","EGP","26000","نعم","نعم","نعم","ربما","لا","قدر نفسك واطلب مرتب عالي هيحسوا ان سعرك عالي وهيدفعولك","لا","بيئة عمل محترمة ومعايا اوفر ب 32 هكمل سنة خبرة فعليه بعد 15 يوم بالظبط","Bachelor's","8","نعم","2026-07-16T00:00:00.000Z"
"1004230f-7d6a-4bd0-b85d-fccebca08964","BIM","مصر","القاهرة","3","Consultant","Office","EGP","20000","لا","نعم","نعم","ربما","لا","مش اقل من ٢٧ بالنسبه لدفعتي","لا",,"Bachelor's","8","نعم","2026-07-16T00:00:00.000Z"
"0f8f8343-d69a-4668-a118-5541e217d2f4","Electrical","مصر","القاهرة","3","Manufacturer","Site","EGP","29000","لا","نعم","لا","لا","لا",,"لا",,"Bachelor's","8","نعم","2026-07-16T00:00:00.000Z"
"0f5340ed-1289-43aa-b876-dce53ce4921c","Mechanical","مصر","القاهرة","2","Developer","Site","EGP","25000","نعم","نعم","نعم","نعم","نعم",,"لا","تامين طبي واجتماعي خط مكالمات","Bachelor's","8","نعم","2026-07-16T00:00:00.000Z"
"0f0b4a44-9628-4da1-96ff-1b66189074b0","Mechanical","السعودية","الرياض","5","Main Contractor","Hybrid","SAR","8500","لا","لا","لا","ربما","لا","اختار شركة لها اسم وابدا معاهم بشروطك بدون تنازلات","لا","لا شي","Bachelor's","9","لا  الجمعة فقط","2026-07-16T00:00:00.000Z"
"0ecb6323-c674-4dc5-842f-3af0c5f2c4b6","Mechanical","مصر","الفيوم","5","Consultant","Site","EGP","13500","لا","لا","لا","لا","لا",,"لا",,"Bachelor's","8","لا  الجمعة فقط","2026-07-16T00:00:00.000Z"
"0e77aa2c-a3bc-4937-a160-c7b2cfc37d4d","Mechanical","مصر","القاهرة","4","Main Contractor","Site","EGP","32000","لا","لا","نعم","نعم","نعم",,"لا",,"Bachelor's","8","نعم","2026-07-16T00:00:00.000Z"
"0e199d56-22d1-4089-a266-985ae435819f","Structural","مصر","الإسكندرية","6","Consultant","Site","EGP","21700","لا","نعم","لا","نعم","ربما","عزز قيمتك","نعم",,"Bachelor's","8","لا  الجمعة فقط","2026-07-16T00:00:00.000Z"
"0de43bfb-cdf9-4017-b7a5-4209bd3a9087","Mechanical","السعودية","الرياض","4","Sub-Contractor","Site","SAR","4000","نعم","نعم","لا","لا","نعم",,"لا","لا يوجد","Bachelor's","8","لا  الجمعة فقط","2026-07-16T00:00:00.000Z"
"0db5bd37-b523-4078-ac21-4da17037f45c","Mechanical","السعودية","تبوك","16","Main Contractor","Office","SAR","6000","نعم","نعم","لا","لا","لا",,"لا","ممكن مكافأة علي بند في المستخلص","Bachelor's","8","لا  الجمعة فقط","2026-07-16T00:00:00.000Z"
"0daf1864-6473-4a9e-8024-5d2a7dc93380","Mechanical","مصر","القاهرة","12","Main Contractor","Office","EGP","60000","لا","لا","نعم","ربما","لا",,"لا","تأمين","Bachelor's","8","نعم","2026-07-16T00:00:00.000Z"
"0d64fbd2-097e-4102-94f3-216d532aff7d","Structural","مصر","القاهرة","3","Developer","Site","EGP","20000","نعم","نعم","لا","ربما","نعم","الثقة فالنفس اولا واخيرا هي التفاوض (حتى لو هو غير مناسب)","لا","ايام الاجازات الرسمية بتبقى اجازة …اسبوع اجازة كل شهر او شهر ونص","Bachelor's","8","نعم","2026-07-16T00:00:00.000Z"
"0d6170f1-9689-4fef-bd19-e74470331231","Electrical","مصر","البحر الاحمر","2","Facility Management","Site","EGP","12000","نعم","لا","لا","لا","لا",,"لا","لا يوجد","Bachelor's","8","نعم","2026-07-16T00:00:00.000Z"
"0d58976e-6e7c-45ad-af0b-9e450f98ac1e","Electrical","مصر","القاهرة","15","Facility Management","Site","EGP","16000","نعم","لا","لا","لا","لا","ابعد عن الصيانة","نعم","لا","Bachelor's","8","لا  الجمعة فقط","2026-07-16T00:00:00.000Z"
"0d4a86aa-a574-4834-a828-fea2d7d6ca40","Mechanical","مصر","القاهرة","1","Sheet metal","Office","EGP","12500","نعم","لا","لا","لا","لا",,"لا",,"Bachelor's","8","لا  الجمعة فقط","2026-07-16T00:00:00.000Z"
"0cfe6bfb-6d65-43e1-b274-4609a4563100","Mechanical","السعودية","الرياض","2","Main Contractor","Site","SAR","6500","لا","لا","لا","لا","لا",,"لا",,"Bachelor's","8","لا  الجمعة فقط","2026-07-16T00:00:00.000Z"
"0cab4bfc-564f-435a-9c58-8ea07e1b2877","Mechanical","مصر","القاهرة","6","Main Contractor","Site","EGP","17000","نعم","نعم","لا","لا","لا",,"لا","لا يوجد","Bachelor's","11","لا  الجمعة فقط","2026-07-16T00:00:00.000Z"
"0c465114-9204-4696-867b-6b0a30180d25","Infrastructural engineering","مصر","الجيزة","5","Main Contractor","Site","EGP","22000","نعم","نعم","نعم","لا","نعم","طلب الراتب المتفق عليه بجروب الشركات المحترمة","لا",,"Bachelor's","9","لا  الجمعة فقط","2026-07-16T00:00:00.000Z"
"0c39f965-8983-4f87-9859-cfa08043feee","Mechanical","مصر","القاهرة","1","Consultant","Hybrid","EGP","18000","لا","نعم","لا","ربما","نعم",,"لا",,"Bachelor's","9","نعم","2026-07-16T00:00:00.000Z"
"0c215867-6aaf-4e69-92e5-2844a4483cd0","Mechanical","سوريا","ريف دمشق","1","Consultant","Office","USD","310","لا","نعم","لا","لا","نعم",,"لا",,"Bachelor's","8","لا  الجمعة فقط","2026-07-16T00:00:00.000Z"
"0b930001-b792-44d4-9155-adce9fb440df","Mechanical","السعودية","الرياض","12","Main Contractor","Site","SAR","12500","لا","لا","لا","ربما","نعم",,"لا",,"Bachelor's","9","لا  الجمعة فقط","2026-07-16T00:00:00.000Z"
"0b83c903-d765-4ff5-aee4-d0185cd19eda","Structural","السعودية","الدمام","4","Developer","Hybrid","SAR","3000","نعم","نعم","لا","لا","لا",,"لا","لا يوجد","Bachelor's","13","لا  الجمعة فقط","2026-07-16T00:00:00.000Z"
"0b7354dc-89c9-4664-94b0-37054bc48b40","Mechanical","مصر","القاهرة","16","Main Contractor","Office","EGP","67000","لا","لا","نعم","ربما","نعم",,"نعم",,"Bachelor's","8","نعم","2026-07-16T00:00:00.000Z"
"0b10d462-60a3-4ffb-89ae-028bf4e6a974","Mechanical","مصر","المحلة الكبرى","7","Sub-Contractor","Hybrid","EGP","13500","لا","لا","نعم","لا","لا","متموتش نفسك وتدفن نفسك بالحياة 
اوعى تقرب","لا","لا يوجد","Bachelor's","8","لا  الجمعة فقط","2026-07-16T00:00:00.000Z"
"0b0794ce-0db4-41ab-ae3b-040e0ac2fc5f","Mechanical","مصر","القاهرة","2","Consultant","Office","EGP","17000","لا","لا","لا","لا","نعم",,"لا",,"Bachelor's","8","نعم","2026-07-16T00:00:00.000Z"
"0b022f9a-08eb-4ea2-a234-83e48e2a52ad","Mechanical","مصر","القاهرة","1","Consultant","Office","EGP","15000","لا","لا","لا","ربما","ربما",,"لا","Flexible hour","Bachelor's","8","نعم","2026-07-16T00:00:00.000Z"
"0af4da81-6b48-48ca-942e-a5123d1f14be","Mechanical","مصر","٦ اكتوبر","4","Manufacturer","Hybrid","EGP","19500","لا","نعم","نعم","لا","ربما","الراتب اللى محتاجه او مقدر نفسك عليه ضيف عليه الفين او تلات عشان لما يتفاوض معاك توصل للرقم اللى انت عاوزه","نعم","تامين صحى حكومي و خاص","Bachelor's","8","نعم","2026-07-16T00:00:00.000Z"
"0aef32a2-314b-4d7d-9df9-43995bc7f7fe","Architecture","مصر","القاهرة","6","Consultant","Office","EGP","24000","لا","لا","لا","لا","نعم",,"لا",,"Bachelor's","8","نعم","2026-07-16T00:00:00.000Z"
"0abf5561-4fe9-4aa2-883c-a333e17f4e9e","Structural","مصر","القاهرة","10","Consultant","Site","EGP","18000","لا","نعم","لا","لا","لا",,"لا","لاتوجد","Bachelor's","6","لا  الجمعة فقط","2026-07-16T00:00:00.000Z"
"0aaabeeb-b6ff-4689-b643-e11ca01bb58f","surveying","مصر","الاسكندريه","12","Main Contractor","Site","EGP","24000","نعم","نعم","نعم","ربما","نعم","تقيم نفسك وتتمسك بقرارك ضمن رينج الشركه والسوق لا تبالغ ولا تتهاون","نعم","6 بونص سنوي تتخطي راتب سنه كامله الحمد لله","Bachelor's","8","لا  الجمعة فقط","2026-07-16T00:00:00.000Z"
"0a7ee5ea-effd-4395-8707-797176635b2f","Mechanical","مصر","الإسكندرية","3","Main Contractor","Office","EGP","28000","لا","لا","لا","نعم","نعم",,"لا","تأمين طبي درجة اولى","Bachelor's","9","نعم","2026-07-16T00:00:00.000Z"
"0a12c300-bc5c-46e8-a631-3246aafa755e","Mechanical","السعودية","الرياض","11","Sub-Contractor","Office","SAR","12800","لا","لا","لا","نعم","نعم","يكون عندك مرجعية للمرتب قبل التفاوض","نعم",,"Diploma","8","لا  الجمعة فقط","2026-07-16T00:00:00.000Z"
"0a0625d8-d41e-4510-a005-94c31203d617","Mechanical","مصر","راس الحكمة","5","Main Contractor","Site","EGP","34000","نعم","نعم","نعم","لا","نعم",,"لا","تأمين طبي واجتماعي محارم","Bachelor's","11","نعم","2026-07-16T00:00:00.000Z"
"09e0c62c-f880-4cda-95c7-fe614fac08f0","Structural","مصر","الاسكندريه","8","Main Contractor","Office","EGP","29000","نعم","نعم","نعم","لا","نعم","اطلب اعلي سعر ف القايمه","لا","شهرين بونص وسبت اجازة","Bachelor's","9","نعم","2026-07-16T00:00:00.000Z"
"09d25828-3002-4214-9a37-4ae813ec940e","Mechanical","مصر","القاهرة","10","Supervision Consultant","Site","EGP","30000","لا","لا","لا","لا","لا","اتبع احدث جدول لمرتبات المهندسين المناسبه لخبرتك","لا",,"Bachelor's","8","لا  الجمعة فقط","2026-07-16T00:00:00.000Z"
"09cbd169-8c22-48bc-9fb0-5faaba8fdd0f","Mechanical","الكويت","الكويت","2","CxA","Site","KWD","600","لا","لا","لا","ربما","ربما","قبل أي زيادة في الراتب كنت أثبت أنني أعطي الشركة قيمة أكبر.. والأمر الآخر التميز في شيء معين يصعب ايجاد بديل فيه","نعم","الانتقالات بباص الشركة","Bachelor's","10","لا  الجمعة فقط","2026-07-16T00:00:00.000Z"
"09c1aea2-3ffd-4d2b-919a-63e466e9f9c6","Mechanical","السعودية","الاحساء","1","Sub-Contractor","Hybrid","SAR","3200","نعم","نعم","لا","ربما","ربما","لايقل ٤٥٠٠","نعم",,"Bachelor's","6","لا  الجمعة فقط","2026-07-16T00:00:00.000Z"
"09b7d1f3-a1a5-4187-ac2a-7bcd5fd43040","Electrical","مصر","الغردقة","1","Sub-Contractor","Site","EGP","15000","نعم","نعم","لا","ربما","نعم","اطلب الي يناسبك و حاول تكون مطلع علي الاسعار باستمرار","لا","بتاخد مشاريع بإستمرار وفي تعاون نوعا ما","Bachelor's","9","لا  الجمعة فقط","2026-07-16T00:00:00.000Z"
"09a93619-afbe-4a5a-8a91-1715354e4262","Mechanical","مصر","اسوان","14","Facility Management","Hybrid","EGP","60000","لا","لا","لا","لا","نعم",,"نعم",,"Master's","8","لا  الجمعة فقط","2026-07-16T00:00:00.000Z"
"09a55f26-29f4-458d-8df7-a4c992cb094c","اخصائي شؤون الموظفين","مصر","القاهرة","1","Manufacturer","Office","EGP","6000","لا","نعم","لا","لا","ربما",,"لا",,"Bachelor's","9","لا  الجمعة فقط","2026-07-16T00:00:00.000Z"
"0970a0fc-2985-4a20-90e2-7a719698eef0","Architecture","السعودية","الدمام","3","Developer","Office","SAR","6000","نعم","نعم","لا","ربما","ربما",,"نعم",,"Diploma","9","لا  الجمعة فقط","2026-07-16T00:00:00.000Z"
"095b1564-1de6-4cf3-b9d2-fcde9e1aca20","Mechanical","مصر","القاهرة","1","Main Contractor","Office","EGP","17500","لا","لا","لا","ربما","نعم","مايقولش الراتب الحالي ودا مش معناة انه يكذب لكن يمتنع انه يقولة لانهم ف الغالب هيعرفوا عليك راتب بين اللي بتاخدة حالياً وبين المتوقع بس أنا للأسف بغلط وبقول 🥲","لا","جزء من الراتب ب الدولار","Bachelor's","9","نعم","2026-07-16T00:00:00.000Z"
"093f26b4-a191-4016-ba86-27fa7f413759","Electrical","مصر","القاهرة","5","Main Contractor","Site","EGP","45000","لا","نعم","نعم","ربما","لا",,"لا",,"Bachelor's","9","لا  الجمعة فقط","2026-07-16T00:00:00.000Z"
"08c37cab-d8a4-49ae-8c68-d5a2bcc5d1dd","Electrical","السعودية","الرياض","4","Consultant","Office","SAR","6000","لا","لا","لا","لا","لا","لا تتنازل عن طموحاتك","نعم","لا يوجد اي امتيازات","Bachelor's","8","نعم","2026-07-16T00:00:00.000Z"
"08ab7c5a-8de0-4e02-a815-222f39461451","Mechanical","السعودية","الرياض","10","Main Contractor","Site","SAR","12000","لا","نعم","نعم","ربما","ربما",,"لا",,"Bachelor's","8","لا  الجمعة فقط","2026-07-16T00:00:00.000Z"
"08972d72-2cf4-4c9a-b236-1399d79905d4","Mechanical","الامارات","ابو ظبي","2","Oil & Gas","Hybrid","AED","5000","نعم","نعم","لا","لا","نعم","لا تنتظر التقدير من الغير ما لم تقدر ذاتك اولا","لا",,"Bachelor's","10",,"2026-07-16T00:00:00.000Z"
"087aa762-fd1b-4c3d-8cd4-b616a86b0211","Electrical","مصر","الاسماعيليه","1","Oil & Gas","Site","EGP","10000","نعم","لا","نعم","لا","ربما","لا يوجد","لا","عاديه","Bachelor's","12","نعم","2026-07-16T00:00:00.000Z"
"0877e8a2-e3fd-4ab4-beea-f7e7b29c34e5","مساح","مصر","الدقهليه","10","مقاولات عامه","Site","EGP","11000","نعم","نعم","نعم","لا","لا","يطلب راتب يكفى المعيشه","نعم","يومسن اجاذه فى الشهر بالاضافه الاجازات الرسميه","Diploma","8","لا  الجمعة فقط","2026-07-16T00:00:00.000Z"
"086a1776-c30c-49b1-a652-e43e05419ef0","Mechanical","مصر","القاهرة","14","Facility Management","Office","EGP","20000","لا","نعم","نعم","لا","نعم","حدد الراتب بناء علي اسعار السوق","نعم",,"Bachelor's","8","نعم","2026-07-16T00:00:00.000Z"
"085eca2c-51d2-493d-9948-ad89da35c6d6","Mechanical","السعودية","الرياض","5","Main Contractor","Site","SAR","9000","لا","لا","لا","لا","نعم",,"نعم",,"Bachelor's","9","لا  الجمعة فقط","2026-07-16T00:00:00.000Z"
"084474e1-8057-49f9-9ebf-dee16361e4a3","Mechanical","مصر","القاهرة","5","Main Contractor","Site","EGP","32000","لا","نعم","لا","نعم","نعم","اهم حاجه مصلحتك","نعم",,"Bachelor's","8","لا  الجمعة فقط","2026-07-16T00:00:00.000Z"
"08193a9d-a79f-496f-aea8-1c870b89fac9","Mechanical","مصر","القاهرة","12","Main Contractor","Office","EGP","75000","لا","نعم","نعم","نعم","نعم","قدر نفسك ومجهودك وتعبك واشتغل على نفسك عشن تستحق راتب أعلى قبلها","نعم","زياده سنويه حد ادني ٢٠٪ وبونص شهر كل ٦ شهور","Bachelor's","8","نعم","2026-07-16T00:00:00.000Z"
"08156aea-9931-4c9e-bc2c-f9ca70a48f5d","Petroleum","مصر","بورسعيد","1","Sub-Contractor","Site","EGP","6000","لا","لا","لا","لا","لا",,"نعم","مافيش والله حسبي الله ونعم الوكيل","Bachelor's",,"نعم","2026-07-16T00:00:00.000Z"
"080c5ea7-38f4-4c0d-85a1-8ecf610d1d0f","Mechanical","مصر","القاهرة","1","Sub-Contractor","Office","EGP","12000","لا","لا","لا","نعم","ربما",,"لا",,"Bachelor's","8","نعم","2026-07-16T00:00:00.000Z"
"080a6cf1-64f7-4a7b-8d2b-926d2407281e","Structural","مصر","القاهرة","3","Main Contractor","Site","EGP","12000","نعم","نعم","نعم","لا","لا",,"لا","لايوجد","Master's","9","لا  الجمعة فقط","2026-07-16T00:00:00.000Z"
"07ab17cb-34fd-41a8-b2fe-3f591408b16c","Mechanical","مصر","القاهرة","3","Industrial","Office","EGP","14200","لا","لا","لا","لا","نعم",,"لا","وجبة غداء و مساهمه في المواصلات","Bachelor's","9","لا  الجمعة فقط","2026-07-16T00:00:00.000Z"
"0798446f-2b65-4b25-b488-59e2ea1b85e0","Structural","مصر","شرم الشيخ","1","Government","Office","EGP","12000","نعم","نعم","لا","لا","نعم",,"نعم",,"Bachelor's","10","لا  الجمعة فقط","2026-07-16T00:00:00.000Z"
"077e5a8d-2eb0-4ba7-9cef-1e4bbd01aa4a","Mechanical","مصر","القاهرة","1","Main Contractor","Site","EGP","16000","نعم","نعم","نعم","نعم","نعم",,"لا",,"Bachelor's","8","لا  الجمعة فقط","2026-07-16T00:00:00.000Z"
"0773c12e-50cf-49c2-9b73-100f8837fe5b","Mechanical","مصر","القاهرة","1","Main Contractor","Office","EGP","12000","لا","لا","لا","ربما","نعم",,"نعم",,"Bachelor's","9","نعم","2026-07-16T00:00:00.000Z"
"076f7744-ec1e-4800-a63f-8390f9a21c2f","Mechanical","مصر","القاهرة","0","Developer","Hybrid","EGP","78000","لا","لا","لا","لا","لا",,"نعم","لاشيء","Master's","9","نعم","2026-07-16T00:00:00.000Z"
"074f3a34-6109-4c68-ba37-a151325bb4f0","Electrical","ف مصر. باك اوفيس ل قطر","اونلاين_المنصورة","3","Consultant","From Home","EGP","10000","لا","نعم","لا","لا","ربما",,"لا",,"Bachelor's","8","نعم","2026-07-16T00:00:00.000Z"
"07291563-26d1-4ce2-987b-3457b7deb4a4","Computer science","مصر","القاهرة","4","Manufacturer","Office","EGP","5290","لا","نعم","نعم","لا","ربما",,"لا","العيدديات ، أمتاز بمدير مرن حيث سمح لى بيوم اجازه زيادة فى الاسبوع","Bachelor's","8","لا  الجمعة فقط","2026-07-16T00:00:00.000Z"
"06c32fcf-4bf0-46dd-9ff5-b81e42d159b7","Mechanical","مصر","الزقازيق","10","Consultant","Office","EGP","15000","لا","لا","لا","لا","لا",,"لا",,"Diploma","8","لا  الجمعة فقط","2026-07-16T00:00:00.000Z"
"06a3458d-dfde-4930-9f63-17453139393e","Structural","مصر","القاهرة","15","Main Contractor","Office","EGP","35000","نعم","نعم","لا","لا","نعم","اطلب راتب محترم علشان متزهقش وتسيبهم","لا","لا يوجد","Bachelor's","9","لا  الجمعة فقط","2026-07-16T00:00:00.000Z"
"06582247-b332-4bab-901c-2a850f2a04d3","Mechanical","مصر","الاسكندرية","3","Main Contractor","Office","EGP","15000","لا","لا","نعم","لا","نعم",,"لا",,"Bachelor's","8","نعم","2026-07-16T00:00:00.000Z"
"0635c55e-294f-455c-ac3b-0dfbba91f20c","Mechanical","مصر","القاهرة","3","Sub-Contractor","Office","EGP","22000","نعم","نعم","نعم","ربما","ربما","لو فريش اقبل ب اقل راتب معقول واطلب انه يتعدل يعد ٣ شهور لو قديم اطلب قد متقدر كدة كدة الشغل بقى كله طحن","لا","مكافئات كويسة فى الاعياد وبونص مشاريع","Diploma","8","لا  الجمعة فقط","2026-07-16T00:00:00.000Z"
"0633a834-e268-4f95-897d-7c8bcd75bee0","Electrical","مصر","القاهرة","1","Supervision Consultant","Office","EGP","19000","لا","لا","لا","ربما","نعم",,"لا",,"Bachelor's","8","نعم","2026-07-16T00:00:00.000Z"
"06105251-f1f4-4883-b790-079a33cff564","Mechanical","مصر","القاهرة","10","Government","Hybrid","EGP","35000","نعم","نعم","لا","لا","نعم","قسم نفسك صح","لا",,"Bachelor's","9","لا  الجمعة فقط","2026-07-16T00:00:00.000Z"
"05852fbf-8db8-4476-bde8-494e6e183ff6","Mechanical","مصر","القاهرة","2","Main Contractor","Office","EGP","20000","لا","لا","لا","لا","نعم",,"لا",,"Bachelor's","8","نعم","2026-07-16T00:00:00.000Z"
"0583f78e-6a26-4a89-9601-d0048915001e","Electrical","مصر","القاهرة","7","Main Contractor","Site","EGP","25000","نعم","نعم","نعم","لا","نعم",,"لا",,"Bachelor's","9","لا  الجمعة فقط","2026-07-16T00:00:00.000Z"
"057a3dad-6ba7-4f3d-8e51-92bcfb2f37c3","Mechanical","السعودية","الرياض","20","Supervision Consultant","Site","SAR","18100","لا","نعم","نعم","لا","نعم","اطلب الراتب المناسب لك حسب السوق وحسب خبرتك","لا","Bonus, overtime, annual increments","Bachelor's","8","لا  الجمعة فقط","2026-07-16T00:00:00.000Z"
"0509d597-9e93-4e79-9788-e32444578e6f","مساح","مصر","القاهرة","5","اتشاءات","Office","EGP","14000","نعم","نعم","لا","لا","نعم","متقبلش باقل من راتبك","نعم","لا يوجد","Master's","8","لا  الجمعة فقط","2026-07-16T00:00:00.000Z"
"04c80a0e-0fc8-4b85-a695-438c29601d3c","Structural","مصر","القاهرة","17","Supervision Consultant","Site","EGP","65000","لا","لا","لا","ربما","نعم",,"لا",,"Bachelor's","8","لا  الجمعة فقط","2026-07-16T00:00:00.000Z"
"049e5c78-d049-4ed1-8114-1431f19eea55","Mechanical","السعودية","جدة","14","Main Contractor","Site","SAR","14000","لا","لا","لا","لا","نعم","خليك عزيز النفس واعرف قيمتك في بلدك قبل ما تسافر","لا","مفيش بصمة للحضور والانصراف ....العمل على قدر التاسكات","Bachelor's","8","لا  الجمعة فقط","2026-07-16T00:00:00.000Z"
"048b70ca-45cd-4167-a024-a2c22e34c03c","Mechanical","مصر","القاهرة","3","Consultant","Office","EGP","30000","لا","لا","لا","نعم","نعم","اطلب اللي يرضيك واللي شايفه مناسب ليك ولخبرتك و ال ٢٠ سنه تعليم اللي تعبت فيهم","لا",,"Bachelor's","9","نعم","2026-07-16T00:00:00.000Z"
"0471f746-04c2-45ee-a7e8-bea53f00b7ae","Handover","مصر","القاهرة","2","Developer","Hybrid","EGP","32500","لا","نعم","نعم","نعم","نعم",,"نعم",,"Bachelor's","8","نعم","2026-07-16T00:00:00.000Z"
"044260df-b417-4983-b630-15efdd5df8e3","Mechanical","مصر","سوهاج","2","مكتب مقاولات بسوهاج","Site","EGP","15000","لا","نعم","لا","لا","ربما","مقدرش اجاوب علي ده عشان انا عايز إجابة عليه","لا","مفيش امتيازات تذكر","Bachelor's",,"لا  الجمعة فقط","2026-07-16T00:00:00.000Z"
"041e7ab5-d8a5-4baf-aa60-cc833e3bb403","Mechanical","مصر","القاهرة","0","Consultant","Hybrid","EGP","35000","لا","نعم","لا","لا","نعم","اطلب مرتب عالي عشان وقت التفاوض هينزل","لا",,"Bachelor's",,"نعم","2026-07-16T00:00:00.000Z"
"0415002e-70a3-4bc6-aa52-4e79c511b09b","Mechanical","مصر","القاهرة","2","Heavy equipments","Site","EGP","20000","لا","لا","نعم","لا","لا",,"لا",,"Bachelor's","8","نعم","2026-07-16T00:00:00.000Z"
"0412b02b-2fce-4089-9e59-faa71d20d97b","Architecture","مصر","القاهرة","1","Developer","Site","EGP","16500","لا","نعم","لا","لا","نعم","قدر نفسك كويس ومتقبلش بأي حاجة","لا",,"Bachelor's","10","لا  الجمعة فقط","2026-07-16T00:00:00.000Z"
"03fddcf4-0388-497e-92dd-e2f9be0d31b7","Mechanical","مصر","القاهرة","1","Industrial","Office","EGP","13000","نعم","لا","نعم","لا","لا",,"لا",,"Bachelor's","9","نعم","2026-07-16T00:00:00.000Z"
"03a96cbf-e2cd-4e36-b1e1-f6b60010081b","Mechanical","الامارات","ابو ظبي","5","Supplier","Hybrid","AED","7000","لا","نعم","نعم","لا","نعم",,"لا",,"Bachelor's","10","نعم","2026-07-16T00:00:00.000Z"
"0395b30e-92e9-4b8d-b1d6-601e2bac54cd","Mechanical","مصر","القاهرة","9","Developer","Site","EGP","50000","لا","لا","نعم","ربما","ربما",,"لا",,"Bachelor's","8","لا  الجمعة فقط","2026-07-16T00:00:00.000Z"
"0305e24d-d291-48f9-840d-e8e6f51bbd56","BIM","مصر","القاهرة","5","Main Contractor","Office","EGP","30000","لا","نعم","نعم","ربما","نعم",,"لا",,"Bachelor's","10","نعم","2026-07-16T00:00:00.000Z"
"02e15233-ac73-47c3-84d2-ce6bafc94c67","BIM","مصر","القاهرة","3","ففف","Site","EGP","13000","نعم","نعم","لا","ربما","نعم",,"لا",,"Bachelor's","13","لا  الجمعة فقط","2026-07-16T00:00:00.000Z"
"02de4197-7880-4ce1-8b7f-e681d3a3c7fa","Mechanical","مصر","جدة","12","Main Contractor","Site","SAR","12000","لا","لا","لا","ربما","ربما",,"لا",,"Bachelor's","8","لا  الجمعة فقط","2026-07-16T00:00:00.000Z"
"02b9e855-9679-4c10-b24c-359973700e24","Mechanical","مصر","القاهرة","5","Main Contractor","Office","EGP","33000","لا","لا","لا","ربما","نعم","التفاوض على راتب أعلى","لا",,"Bachelor's","9","نعم","2026-07-16T00:00:00.000Z"
"0232ad48-fe91-46a3-b0ff-77c8565ea5ee","Mechanical","السعودية","الدمام","18","Main Contractor","Site","SAR","16000","لا","لا","لا","لا","نعم","لاتتنازل عن نفسك قدر نفسك أمام الشخص اللى بتتفاوض معاه علشان مش ترجع تزعل وايضاً علشان مش تظلم غيرك من نفس الفئه","نعم","لا يوجد","Bachelor's","9","لا  الجمعة فقط","2026-07-16T00:00:00.000Z"
"02296212-d67c-4316-a9fd-e92846bae52f","Mechanical","مصر","القاهرة","1","Consultant","Office","USD","12000","لا","لا","نعم","لا","نعم",".","لا","متطوره","Diploma","8","نعم","2026-07-16T00:00:00.000Z"
"01d50b3e-029b-4dfa-b1e8-ccc76ab25b8c","Mechanical","مصر","القاهرة","17","Consultant","Office","EGP","40000","لا","لا","لا","لا","لا",,"نعم",,"Bachelor's","8","لا  الجمعة فقط","2026-07-16T00:00:00.000Z"
"01b15673-dd57-4306-9eca-69db8b148880","Mechanical","السعودية","الرياض","10","Main Contractor","Office","SAR","14375","لا","لا","نعم","لا","لا",,"نعم","الراتب شامل بدل السكن و الانتقال","Bachelor's","9","نعم","2026-07-16T00:00:00.000Z"
"016e6052-ee1c-46a5-bbe9-d5e1a73578a5","Mechanical","مصر","القاهرة","6","Consultant","Office","USD","1155","لا","لا","لا","نعم","نعم","تكون عارف قيمة نفسك وتتفاوض وانت قلبك جامد حتي لو هتترفض","لا",,"Bachelor's","9","نعم","2026-07-16T00:00:00.000Z"
"01429230-3546-4d1a-a7c0-f27fde36d3fc","Electrical","مصر","القاهرة","6","Consultant","Site","EGP","16000","نعم","نعم","نعم","لا","لا","خد خبرتك واتكلم بقلب جامد","نعم","الاستقرار","Bachelor's","8","لا  الجمعة فقط","2026-07-16T00:00:00.000Z"
"0116cc1d-851b-4802-b9da-0e4a1d0d72ef","Mechanical","السعودية","الدمام","0","Facility Management","Site","SAR","5000","نعم","نعم","لا","لا","لا",,"نعم","لا يوجد","Bachelor's","10","لا  الجمعة فقط","2026-07-16T00:00:00.000Z"
"0116a4dd-a87d-4b4a-9186-ac171b12542e","Mechanical","السعودية","الجبيل الصناعية","16","Main Contractor","Site","SAR","14950","لا","نعم","نعم","لا","لا","ادرس السوق و اعرف متوسط راتب نفس المهندسين بسنين خبرتك","نعم",,"Bachelor's","8","لا  الجمعة فقط","2026-07-16T00:00:00.000Z"
"006b427f-319e-498e-9691-e385215e2210","Mechanical","مصر","القاهرة","8","Consultant","Office","EGP","44000","لا","لا","لا","لا","نعم","١)متنقلش على اقل من ٣٠٪ زياده في المرتب
٢)اسأل على مرتبات السوق و مرتبات الشركه قبل ما تروح
٣)متقبلش باي رقم هيعرضوا و خلاص عشان هو بالنسبالك كويس. حاول تلتزم بالقايمه لما تتعمل عشان نرفع المرتبات اجباري على الشركات. لما مفيش مهندسين هيقبلوا باقل من القايمه هيوافقوا بالمرتبات","لا",,"Bachelor's","9","نعم","2026-07-16T00:00:00.000Z"
"004d3501-515b-4b05-8737-87d68a5d16f1","Mechanical","السعودية","الرياض","10","Main Contractor","Site","SAR","6000","لا","لا","لا","لا","لا",,"لا",,"Bachelor's","9","لا  الجمعة فقط","2026-07-16T00:00:00.000Z"
"0039619e-1960-42b2-8243-b0c07967fb05","Mechanical","السعودية","جدة","4","Main Contractor","Site","SAR","3600","نعم","نعم","لا","لا","نعم",,"نعم",,"Bachelor's","11","لا  الجمعة فقط","2026-07-16T00:00:00.000Z"
